Copyright 1986-2022 Xilinx, Inc. All Rights Reserved. Copyright 2022-2025 Advanced Micro Devices, Inc. All Rights Reserved.
---------------------------------------------------------------------------------------------------------------------------------------------------------------------------------------------------------------------------------------------
| Tool Version : Vivado v.2025.1 (lin64) Build 6140274 Wed May 21 22:58:25 MDT 2025
| Date         : Fri Oct 17 05:26:44 2025
| Host         : computer running 64-bit Ubuntu 22.04.5 LTS
| Command      : report_timing_summary -max_paths 10 -routable_nets -report_unconstrained -file square_wave_timing_summary_routed.rpt -pb square_wave_timing_summary_routed.pb -rpx square_wave_timing_summary_routed.rpx -warn_on_violation
| Design       : square_wave
| Device       : 7s50-csga324
| Speed File   : -1  PRODUCTION 1.23 2018-06-13
| Design State : Routed
---------------------------------------------------------------------------------------------------------------------------------------------------------------------------------------------------------------------------------------------

Timing Summary Report

------------------------------------------------------------------------------------------------
| Timer Settings
| --------------
------------------------------------------------------------------------------------------------

  Enable Multi Corner Analysis               :  Yes
  Enable Pessimism Removal                   :  Yes
  Pessimism Removal Resolution               :  Nearest Common Node
  Enable Input Delay Default Clock           :  No
  Enable Preset / Clear Arcs                 :  No
  Disable Flight Delays                      :  No
  Ignore I/O Paths                           :  No
  Timing Early Launch at Borrowing Latches   :  No
  Borrow Time for Max Delay Exceptions       :  Yes
  Merge Timing Exceptions                    :  Yes
  Inter-SLR Compensation                     :  Conservative

  Corner  Analyze    Analyze    
  Name    Max Paths  Min Paths  
  ------  ---------  ---------  
  Slow    Yes        Yes        
  Fast    Yes        Yes        


------------------------------------------------------------------------------------------------
| Report Methodology
| ------------------
------------------------------------------------------------------------------------------------

Rule       Severity  Description                    Violations  
---------  --------  -----------------------------  ----------  
TIMING-18  Warning   Missing input or output delay  2           

Note: This report is based on the most recent report_methodology run and may not be up-to-date. Run report_methodology on the current design for the latest report.



check_timing report

Table of Contents
-----------------
1. checking no_clock (0)
2. checking constant_clock (0)
3. checking pulse_width_clock (0)
4. checking unconstrained_internal_endpoints (0)
5. checking no_input_delay (1)
6. checking no_output_delay (1)
7. checking multiple_clock (0)
8. checking generated_clocks (0)
9. checking loops (0)
10. checking partial_input_delay (0)
11. checking partial_output_delay (0)
12. checking latch_loops (0)

1. checking no_clock (0)
------------------------
 There are 0 register/latch pins with no clock.


2. checking constant_clock (0)
------------------------------
 There are 0 register/latch pins with constant_clock.


3. checking pulse_width_clock (0)
---------------------------------
 There are 0 register/latch pins which need pulse_width check


4. checking unconstrained_internal_endpoints (0)
------------------------------------------------
 There are 0 pins that are not constrained for maximum delay.

 There are 0 pins that are not constrained for maximum delay due to constant clock.


5. checking no_input_delay (1)
------------------------------
 There is 1 input port with no input delay specified. (HIGH)

 There are 0 input ports with no input delay but user has a false path constraint.


6. checking no_output_delay (1)
-------------------------------
 There is 1 port with no output delay specified. (HIGH)

 There are 0 ports with no output delay but user has a false path constraint

 There are 0 ports with no output delay but with a timing clock defined on it or propagating through it


7. checking multiple_clock (0)
------------------------------
 There are 0 register/latch pins with multiple clocks.


8. checking generated_clocks (0)
--------------------------------
 There are 0 generated clocks that are not connected to a clock source.


9. checking loops (0)
---------------------
 There are 0 combinational loops in the design.


10. checking partial_input_delay (0)
------------------------------------
 There are 0 input ports with partial input delay specified.


11. checking partial_output_delay (0)
-------------------------------------
 There are 0 ports with partial output delay specified.


12. checking latch_loops (0)
----------------------------
 There are 0 combinational latch loops in the design through latch input



------------------------------------------------------------------------------------------------
| Design Timing Summary
| ---------------------
------------------------------------------------------------------------------------------------

    WNS(ns)      TNS(ns)  TNS Failing Endpoints  TNS Total Endpoints      WHS(ns)      THS(ns)  THS Failing Endpoints  THS Total Endpoints     WPWS(ns)     TPWS(ns)  TPWS Failing Endpoints  TPWS Total Endpoints  
    -------      -------  ---------------------  -------------------      -------      -------  ---------------------  -------------------     --------     --------  ----------------------  --------------------  
      5.860        0.000                      0                   33        0.252        0.000                      0                   33        4.500        0.000                       0                    34  


All user specified timing constraints are met.


------------------------------------------------------------------------------------------------
| Clock Summary
| -------------
------------------------------------------------------------------------------------------------

Clock        Waveform(ns)       Period(ns)      Frequency(MHz)
-----        ------------       ----------      --------------
sys_clk_pin  {0.000 5.000}      10.000          100.000         


------------------------------------------------------------------------------------------------
| Intra Clock Table
| -----------------
------------------------------------------------------------------------------------------------

Clock             WNS(ns)      TNS(ns)  TNS Failing Endpoints  TNS Total Endpoints      WHS(ns)      THS(ns)  THS Failing Endpoints  THS Total Endpoints     WPWS(ns)     TPWS(ns)  TPWS Failing Endpoints  TPWS Total Endpoints  
-----             -------      -------  ---------------------  -------------------      -------      -------  ---------------------  -------------------     --------     --------  ----------------------  --------------------  
sys_clk_pin         5.860        0.000                      0                   33        0.252        0.000                      0                   33        4.500        0.000                       0                    34  


------------------------------------------------------------------------------------------------
| Inter Clock Table
| -----------------
------------------------------------------------------------------------------------------------

From Clock    To Clock          WNS(ns)      TNS(ns)  TNS Failing Endpoints  TNS Total Endpoints      WHS(ns)      THS(ns)  THS Failing Endpoints  THS Total Endpoints  
----------    --------          -------      -------  ---------------------  -------------------      -------      -------  ---------------------  -------------------  


------------------------------------------------------------------------------------------------
| Other Path Groups Table
| -----------------------
------------------------------------------------------------------------------------------------

Path Group    From Clock    To Clock          WNS(ns)      TNS(ns)  TNS Failing Endpoints  TNS Total Endpoints      WHS(ns)      THS(ns)  THS Failing Endpoints  THS Total Endpoints  
----------    ----------    --------          -------      -------  ---------------------  -------------------      -------      -------  ---------------------  -------------------  


------------------------------------------------------------------------------------------------
| User Ignored Path Table
| -----------------------
------------------------------------------------------------------------------------------------

Path Group    From Clock    To Clock    
----------    ----------    --------    


------------------------------------------------------------------------------------------------
| Unconstrained Path Table
| ------------------------
------------------------------------------------------------------------------------------------

Path Group    From Clock    To Clock    
----------    ----------    --------    
(none)        sys_clk_pin                 
(none)                      sys_clk_pin   


------------------------------------------------------------------------------------------------
| Timing Details
| --------------
------------------------------------------------------------------------------------------------


---------------------------------------------------------------------------------------------------
From Clock:  sys_clk_pin
  To Clock:  sys_clk_pin

Setup :            0  Failing Endpoints,  Worst Slack        5.860ns,  Total Violation        0.000ns
Hold  :            0  Failing Endpoints,  Worst Slack        0.252ns,  Total Violation        0.000ns
PW    :            0  Failing Endpoints,  Worst Slack        4.500ns,  Total Violation        0.000ns
---------------------------------------------------------------------------------------------------


Max Delay Paths
--------------------------------------------------------------------------------------
Slack (MET) :             5.860ns  (required time - arrival time)
  Source:                 counter_reg[28]/C
                            (rising edge-triggered cell FDRE clocked by sys_clk_pin  {rise@0.000ns fall@5.000ns period=10.000ns})
  Destination:            counter_reg[5]/D
                            (rising edge-triggered cell FDRE clocked by sys_clk_pin  {rise@0.000ns fall@5.000ns period=10.000ns})
  Path Group:             sys_clk_pin
  Path Type:              Setup (Max at Slow Process Corner)
  Requirement:            10.000ns  (sys_clk_pin rise@10.000ns - sys_clk_pin rise@0.000ns)
  Data Path Delay:        4.107ns  (logic 0.890ns (21.671%)  route 3.217ns (78.329%))
  Logic Levels:           3  (LUT4=1 LUT5=2)
  Clock Path Skew:        -0.027ns (DCD - SCD + CPR)
    Destination Clock Delay (DCD):    4.285ns = ( 14.285 - 10.000 ) 
    Source Clock Delay      (SCD):    4.555ns
    Clock Pessimism Removal (CPR):    0.244ns
  Clock Uncertainty:      0.035ns  ((TSJ^2 + TIJ^2)^1/2 + DJ) / 2 + PE
    Total System Jitter     (TSJ):    0.071ns
    Total Input Jitter      (TIJ):    0.000ns
    Discrete Jitter          (DJ):    0.000ns
    Phase Error              (PE):    0.000ns

    Location             Delay type                Incr(ns)  Path(ns)    Netlist Resource(s)
  -------------------------------------------------------------------    -------------------
                         (clock sys_clk_pin rise edge)
                                                      0.000     0.000 r  
    R2                                                0.000     0.000 r  CLK100MHZ (IN)
                         net (fo=0)                   0.000     0.000    CLK100MHZ
    R2                   IBUF (Prop_ibuf_I_O)         0.854     0.854 r  CLK100MHZ_IBUF_inst/O
                         net (fo=1, routed)           1.967     2.821    CLK100MHZ_IBUF
    BUFGCTRL_X0Y0        BUFG (Prop_bufg_I_O)         0.096     2.917 r  CLK100MHZ_IBUF_BUFG_inst/O
                         net (fo=33, routed)          1.638     4.555    CLK100MHZ_IBUF_BUFG
    SLICE_X2Y44          FDRE                                         r  counter_reg[28]/C
  -------------------------------------------------------------------    -------------------
    SLICE_X2Y44          FDRE (Prop_fdre_C_Q)         0.518     5.073 f  counter_reg[28]/Q
                         net (fo=3, routed)           0.963     6.036    counter_reg_n_0_[28]
    SLICE_X0Y45          LUT4 (Prop_lut4_I1_O)        0.124     6.160 f  counter[31]_i_9/O
                         net (fo=1, routed)           0.416     6.576    counter[31]_i_9_n_0
    SLICE_X0Y44          LUT5 (Prop_lut5_I4_O)        0.124     6.700 f  counter[31]_i_4/O
                         net (fo=32, routed)          1.838     8.538    counter[31]_i_4_n_0
    SLICE_X0Y39          LUT5 (Prop_lut5_I2_O)        0.124     8.662 r  counter[5]_i_1/O
                         net (fo=1, routed)           0.000     8.662    counter[5]
    SLICE_X0Y39          FDRE                                         r  counter_reg[5]/D
  -------------------------------------------------------------------    -------------------

                         (clock sys_clk_pin rise edge)
                                                     10.000    10.000 r  
    R2                                                0.000    10.000 r  CLK100MHZ (IN)
                         net (fo=0)                   0.000    10.000    CLK100MHZ
    R2                   IBUF (Prop_ibuf_I_O)         0.814    10.814 r  CLK100MHZ_IBUF_inst/O
                         net (fo=1, routed)           1.862    12.676    CLK100MHZ_IBUF
    BUFGCTRL_X0Y0        BUFG (Prop_bufg_I_O)         0.091    12.767 r  CLK100MHZ_IBUF_BUFG_inst/O
                         net (fo=33, routed)          1.517    14.285    CLK100MHZ_IBUF_BUFG
    SLICE_X0Y39          FDRE                                         r  counter_reg[5]/C
                         clock pessimism              0.244    14.528    
                         clock uncertainty           -0.035    14.493    
    SLICE_X0Y39          FDRE (Setup_fdre_C_D)        0.029    14.522    counter_reg[5]
  -------------------------------------------------------------------
                         required time                         14.522    
                         arrival time                          -8.662    
  -------------------------------------------------------------------
                         slack                                  5.860    

Slack (MET) :             5.864ns  (required time - arrival time)
  Source:                 counter_reg[28]/C
                            (rising edge-triggered cell FDRE clocked by sys_clk_pin  {rise@0.000ns fall@5.000ns period=10.000ns})
  Destination:            counter_reg[9]/D
                            (rising edge-triggered cell FDRE clocked by sys_clk_pin  {rise@0.000ns fall@5.000ns period=10.000ns})
  Path Group:             sys_clk_pin
  Path Type:              Setup (Max at Slow Process Corner)
  Requirement:            10.000ns  (sys_clk_pin rise@10.000ns - sys_clk_pin rise@0.000ns)
  Data Path Delay:        4.105ns  (logic 0.890ns (21.682%)  route 3.215ns (78.318%))
  Logic Levels:           3  (LUT4=1 LUT5=2)
  Clock Path Skew:        -0.027ns (DCD - SCD + CPR)
    Destination Clock Delay (DCD):    4.285ns = ( 14.285 - 10.000 ) 
    Source Clock Delay      (SCD):    4.555ns
    Clock Pessimism Removal (CPR):    0.244ns
  Clock Uncertainty:      0.035ns  ((TSJ^2 + TIJ^2)^1/2 + DJ) / 2 + PE
    Total System Jitter     (TSJ):    0.071ns
    Total Input Jitter      (TIJ):    0.000ns
    Discrete Jitter          (DJ):    0.000ns
    Phase Error              (PE):    0.000ns

    Location             Delay type                Incr(ns)  Path(ns)    Netlist Resource(s)
  -------------------------------------------------------------------    -------------------
                         (clock sys_clk_pin rise edge)
                                                      0.000     0.000 r  
    R2                                                0.000     0.000 r  CLK100MHZ (IN)
                         net (fo=0)                   0.000     0.000    CLK100MHZ
    R2                   IBUF (Prop_ibuf_I_O)         0.854     0.854 r  CLK100MHZ_IBUF_inst/O
                         net (fo=1, routed)           1.967     2.821    CLK100MHZ_IBUF
    BUFGCTRL_X0Y0        BUFG (Prop_bufg_I_O)         0.096     2.917 r  CLK100MHZ_IBUF_BUFG_inst/O
                         net (fo=33, routed)          1.638     4.555    CLK100MHZ_IBUF_BUFG
    SLICE_X2Y44          FDRE                                         r  counter_reg[28]/C
  -------------------------------------------------------------------    -------------------
    SLICE_X2Y44          FDRE (Prop_fdre_C_Q)         0.518     5.073 r  counter_reg[28]/Q
                         net (fo=3, routed)           0.963     6.036    counter_reg_n_0_[28]
    SLICE_X0Y45          LUT4 (Prop_lut4_I1_O)        0.124     6.160 r  counter[31]_i_9/O
                         net (fo=1, routed)           0.416     6.576    counter[31]_i_9_n_0
    SLICE_X0Y44          LUT5 (Prop_lut5_I4_O)        0.124     6.700 r  counter[31]_i_4/O
                         net (fo=32, routed)          1.836     8.536    counter[31]_i_4_n_0
    SLICE_X0Y40          LUT5 (Prop_lut5_I1_O)        0.124     8.660 r  counter[9]_i_1/O
                         net (fo=1, routed)           0.000     8.660    counter[9]
    SLICE_X0Y40          FDRE                                         r  counter_reg[9]/D
  -------------------------------------------------------------------    -------------------

                         (clock sys_clk_pin rise edge)
                                                     10.000    10.000 r  
    R2                                                0.000    10.000 r  CLK100MHZ (IN)
                         net (fo=0)                   0.000    10.000    CLK100MHZ
    R2                   IBUF (Prop_ibuf_I_O)         0.814    10.814 r  CLK100MHZ_IBUF_inst/O
                         net (fo=1, routed)           1.862    12.676    CLK100MHZ_IBUF
    BUFGCTRL_X0Y0        BUFG (Prop_bufg_I_O)         0.091    12.767 r  CLK100MHZ_IBUF_BUFG_inst/O
                         net (fo=33, routed)          1.517    14.285    CLK100MHZ_IBUF_BUFG
    SLICE_X0Y40          FDRE                                         r  counter_reg[9]/C
                         clock pessimism              0.244    14.528    
                         clock uncertainty           -0.035    14.493    
    SLICE_X0Y40          FDRE (Setup_fdre_C_D)        0.031    14.524    counter_reg[9]
  -------------------------------------------------------------------
                         required time                         14.524    
                         arrival time                          -8.660    
  -------------------------------------------------------------------
                         slack                                  5.864    

Slack (MET) :             5.869ns  (required time - arrival time)
  Source:                 counter_reg[28]/C
                            (rising edge-triggered cell FDRE clocked by sys_clk_pin  {rise@0.000ns fall@5.000ns period=10.000ns})
  Destination:            counter_reg[6]/D
                            (rising edge-triggered cell FDRE clocked by sys_clk_pin  {rise@0.000ns fall@5.000ns period=10.000ns})
  Path Group:             sys_clk_pin
  Path Type:              Setup (Max at Slow Process Corner)
  Requirement:            10.000ns  (sys_clk_pin rise@10.000ns - sys_clk_pin rise@0.000ns)
  Data Path Delay:        4.100ns  (logic 0.890ns (21.709%)  route 3.210ns (78.291%))
  Logic Levels:           3  (LUT4=1 LUT5=2)
  Clock Path Skew:        -0.027ns (DCD - SCD + CPR)
    Destination Clock Delay (DCD):    4.285ns = ( 14.285 - 10.000 ) 
    Source Clock Delay      (SCD):    4.555ns
    Clock Pessimism Removal (CPR):    0.244ns
  Clock Uncertainty:      0.035ns  ((TSJ^2 + TIJ^2)^1/2 + DJ) / 2 + PE
    Total System Jitter     (TSJ):    0.071ns
    Total Input Jitter      (TIJ):    0.000ns
    Discrete Jitter          (DJ):    0.000ns
    Phase Error              (PE):    0.000ns

    Location             Delay type                Incr(ns)  Path(ns)    Netlist Resource(s)
  -------------------------------------------------------------------    -------------------
                         (clock sys_clk_pin rise edge)
                                                      0.000     0.000 r  
    R2                                                0.000     0.000 r  CLK100MHZ (IN)
                         net (fo=0)                   0.000     0.000    CLK100MHZ
    R2                   IBUF (Prop_ibuf_I_O)         0.854     0.854 r  CLK100MHZ_IBUF_inst/O
                         net (fo=1, routed)           1.967     2.821    CLK100MHZ_IBUF
    BUFGCTRL_X0Y0        BUFG (Prop_bufg_I_O)         0.096     2.917 r  CLK100MHZ_IBUF_BUFG_inst/O
                         net (fo=33, routed)          1.638     4.555    CLK100MHZ_IBUF_BUFG
    SLICE_X2Y44          FDRE                                         r  counter_reg[28]/C
  -------------------------------------------------------------------    -------------------
    SLICE_X2Y44          FDRE (Prop_fdre_C_Q)         0.518     5.073 f  counter_reg[28]/Q
                         net (fo=3, routed)           0.963     6.036    counter_reg_n_0_[28]
    SLICE_X0Y45          LUT4 (Prop_lut4_I1_O)        0.124     6.160 f  counter[31]_i_9/O
                         net (fo=1, routed)           0.416     6.576    counter[31]_i_9_n_0
    SLICE_X0Y44          LUT5 (Prop_lut5_I4_O)        0.124     6.700 f  counter[31]_i_4/O
                         net (fo=32, routed)          1.831     8.531    counter[31]_i_4_n_0
    SLICE_X0Y39          LUT5 (Prop_lut5_I2_O)        0.124     8.655 r  counter[6]_i_1/O
                         net (fo=1, routed)           0.000     8.655    counter[6]
    SLICE_X0Y39          FDRE                                         r  counter_reg[6]/D
  -------------------------------------------------------------------    -------------------

                         (clock sys_clk_pin rise edge)
                                                     10.000    10.000 r  
    R2                                                0.000    10.000 r  CLK100MHZ (IN)
                         net (fo=0)                   0.000    10.000    CLK100MHZ
    R2                   IBUF (Prop_ibuf_I_O)         0.814    10.814 r  CLK100MHZ_IBUF_inst/O
                         net (fo=1, routed)           1.862    12.676    CLK100MHZ_IBUF
    BUFGCTRL_X0Y0        BUFG (Prop_bufg_I_O)         0.091    12.767 r  CLK100MHZ_IBUF_BUFG_inst/O
                         net (fo=33, routed)          1.517    14.285    CLK100MHZ_IBUF_BUFG
    SLICE_X0Y39          FDRE                                         r  counter_reg[6]/C
                         clock pessimism              0.244    14.528    
                         clock uncertainty           -0.035    14.493    
    SLICE_X0Y39          FDRE (Setup_fdre_C_D)        0.031    14.524    counter_reg[6]
  -------------------------------------------------------------------
                         required time                         14.524    
                         arrival time                          -8.655    
  -------------------------------------------------------------------
                         slack                                  5.869    

Slack (MET) :             6.014ns  (required time - arrival time)
  Source:                 counter_reg[28]/C
                            (rising edge-triggered cell FDRE clocked by sys_clk_pin  {rise@0.000ns fall@5.000ns period=10.000ns})
  Destination:            counter_reg[14]/D
                            (rising edge-triggered cell FDRE clocked by sys_clk_pin  {rise@0.000ns fall@5.000ns period=10.000ns})
  Path Group:             sys_clk_pin
  Path Type:              Setup (Max at Slow Process Corner)
  Requirement:            10.000ns  (sys_clk_pin rise@10.000ns - sys_clk_pin rise@0.000ns)
  Data Path Delay:        3.956ns  (logic 0.890ns (22.500%)  route 3.066ns (77.500%))
  Logic Levels:           3  (LUT4=1 LUT5=2)
  Clock Path Skew:        -0.026ns (DCD - SCD + CPR)
    Destination Clock Delay (DCD):    4.286ns = ( 14.286 - 10.000 ) 
    Source Clock Delay      (SCD):    4.555ns
    Clock Pessimism Removal (CPR):    0.244ns
  Clock Uncertainty:      0.035ns  ((TSJ^2 + TIJ^2)^1/2 + DJ) / 2 + PE
    Total System Jitter     (TSJ):    0.071ns
    Total Input Jitter      (TIJ):    0.000ns
    Discrete Jitter          (DJ):    0.000ns
    Phase Error              (PE):    0.000ns

    Location             Delay type                Incr(ns)  Path(ns)    Netlist Resource(s)
  -------------------------------------------------------------------    -------------------
                         (clock sys_clk_pin rise edge)
                                                      0.000     0.000 r  
    R2                                                0.000     0.000 r  CLK100MHZ (IN)
                         net (fo=0)                   0.000     0.000    CLK100MHZ
    R2                   IBUF (Prop_ibuf_I_O)         0.854     0.854 r  CLK100MHZ_IBUF_inst/O
                         net (fo=1, routed)           1.967     2.821    CLK100MHZ_IBUF
    BUFGCTRL_X0Y0        BUFG (Prop_bufg_I_O)         0.096     2.917 r  CLK100MHZ_IBUF_BUFG_inst/O
                         net (fo=33, routed)          1.638     4.555    CLK100MHZ_IBUF_BUFG
    SLICE_X2Y44          FDRE                                         r  counter_reg[28]/C
  -------------------------------------------------------------------    -------------------
    SLICE_X2Y44          FDRE (Prop_fdre_C_Q)         0.518     5.073 f  counter_reg[28]/Q
                         net (fo=3, routed)           0.963     6.036    counter_reg_n_0_[28]
    SLICE_X0Y45          LUT4 (Prop_lut4_I1_O)        0.124     6.160 f  counter[31]_i_9/O
                         net (fo=1, routed)           0.416     6.576    counter[31]_i_9_n_0
    SLICE_X0Y44          LUT5 (Prop_lut5_I4_O)        0.124     6.700 f  counter[31]_i_4/O
                         net (fo=32, routed)          1.687     8.387    counter[31]_i_4_n_0
    SLICE_X0Y41          LUT5 (Prop_lut5_I2_O)        0.124     8.511 r  counter[14]_i_1/O
                         net (fo=1, routed)           0.000     8.511    counter[14]
    SLICE_X0Y41          FDRE                                         r  counter_reg[14]/D
  -------------------------------------------------------------------    -------------------

                         (clock sys_clk_pin rise edge)
                                                     10.000    10.000 r  
    R2                                                0.000    10.000 r  CLK100MHZ (IN)
                         net (fo=0)                   0.000    10.000    CLK100MHZ
    R2                   IBUF (Prop_ibuf_I_O)         0.814    10.814 r  CLK100MHZ_IBUF_inst/O
                         net (fo=1, routed)           1.862    12.676    CLK100MHZ_IBUF
    BUFGCTRL_X0Y0        BUFG (Prop_bufg_I_O)         0.091    12.767 r  CLK100MHZ_IBUF_BUFG_inst/O
                         net (fo=33, routed)          1.518    14.286    CLK100MHZ_IBUF_BUFG
    SLICE_X0Y41          FDRE                                         r  counter_reg[14]/C
                         clock pessimism              0.244    14.529    
                         clock uncertainty           -0.035    14.494    
    SLICE_X0Y41          FDRE (Setup_fdre_C_D)        0.031    14.525    counter_reg[14]
  -------------------------------------------------------------------
                         required time                         14.525    
                         arrival time                          -8.511    
  -------------------------------------------------------------------
                         slack                                  6.014    

Slack (MET) :             6.015ns  (required time - arrival time)
  Source:                 counter_reg[28]/C
                            (rising edge-triggered cell FDRE clocked by sys_clk_pin  {rise@0.000ns fall@5.000ns period=10.000ns})
  Destination:            counter_reg[13]/D
                            (rising edge-triggered cell FDRE clocked by sys_clk_pin  {rise@0.000ns fall@5.000ns period=10.000ns})
  Path Group:             sys_clk_pin
  Path Type:              Setup (Max at Slow Process Corner)
  Requirement:            10.000ns  (sys_clk_pin rise@10.000ns - sys_clk_pin rise@0.000ns)
  Data Path Delay:        3.953ns  (logic 0.890ns (22.515%)  route 3.063ns (77.485%))
  Logic Levels:           3  (LUT4=1 LUT5=2)
  Clock Path Skew:        -0.026ns (DCD - SCD + CPR)
    Destination Clock Delay (DCD):    4.286ns = ( 14.286 - 10.000 ) 
    Source Clock Delay      (SCD):    4.555ns
    Clock Pessimism Removal (CPR):    0.244ns
  Clock Uncertainty:      0.035ns  ((TSJ^2 + TIJ^2)^1/2 + DJ) / 2 + PE
    Total System Jitter     (TSJ):    0.071ns
    Total Input Jitter      (TIJ):    0.000ns
    Discrete Jitter          (DJ):    0.000ns
    Phase Error              (PE):    0.000ns

    Location             Delay type                Incr(ns)  Path(ns)    Netlist Resource(s)
  -------------------------------------------------------------------    -------------------
                         (clock sys_clk_pin rise edge)
                                                      0.000     0.000 r  
    R2                                                0.000     0.000 r  CLK100MHZ (IN)
                         net (fo=0)                   0.000     0.000    CLK100MHZ
    R2                   IBUF (Prop_ibuf_I_O)         0.854     0.854 r  CLK100MHZ_IBUF_inst/O
                         net (fo=1, routed)           1.967     2.821    CLK100MHZ_IBUF
    BUFGCTRL_X0Y0        BUFG (Prop_bufg_I_O)         0.096     2.917 r  CLK100MHZ_IBUF_BUFG_inst/O
                         net (fo=33, routed)          1.638     4.555    CLK100MHZ_IBUF_BUFG
    SLICE_X2Y44          FDRE                                         r  counter_reg[28]/C
  -------------------------------------------------------------------    -------------------
    SLICE_X2Y44          FDRE (Prop_fdre_C_Q)         0.518     5.073 f  counter_reg[28]/Q
                         net (fo=3, routed)           0.963     6.036    counter_reg_n_0_[28]
    SLICE_X0Y45          LUT4 (Prop_lut4_I1_O)        0.124     6.160 f  counter[31]_i_9/O
                         net (fo=1, routed)           0.416     6.576    counter[31]_i_9_n_0
    SLICE_X0Y44          LUT5 (Prop_lut5_I4_O)        0.124     6.700 f  counter[31]_i_4/O
                         net (fo=32, routed)          1.684     8.384    counter[31]_i_4_n_0
    SLICE_X0Y41          LUT5 (Prop_lut5_I2_O)        0.124     8.508 r  counter[13]_i_1/O
                         net (fo=1, routed)           0.000     8.508    counter[13]
    SLICE_X0Y41          FDRE                                         r  counter_reg[13]/D
  -------------------------------------------------------------------    -------------------

                         (clock sys_clk_pin rise edge)
                                                     10.000    10.000 r  
    R2                                                0.000    10.000 r  CLK100MHZ (IN)
                         net (fo=0)                   0.000    10.000    CLK100MHZ
    R2                   IBUF (Prop_ibuf_I_O)         0.814    10.814 r  CLK100MHZ_IBUF_inst/O
                         net (fo=1, routed)           1.862    12.676    CLK100MHZ_IBUF
    BUFGCTRL_X0Y0        BUFG (Prop_bufg_I_O)         0.091    12.767 r  CLK100MHZ_IBUF_BUFG_inst/O
                         net (fo=33, routed)          1.518    14.286    CLK100MHZ_IBUF_BUFG
    SLICE_X0Y41          FDRE                                         r  counter_reg[13]/C
                         clock pessimism              0.244    14.529    
                         clock uncertainty           -0.035    14.494    
    SLICE_X0Y41          FDRE (Setup_fdre_C_D)        0.029    14.523    counter_reg[13]
  -------------------------------------------------------------------
                         required time                         14.523    
                         arrival time                          -8.508    
  -------------------------------------------------------------------
                         slack                                  6.015    

Slack (MET) :             6.049ns  (required time - arrival time)
  Source:                 counter_reg[28]/C
                            (rising edge-triggered cell FDRE clocked by sys_clk_pin  {rise@0.000ns fall@5.000ns period=10.000ns})
  Destination:            counter_reg[10]/D
                            (rising edge-triggered cell FDRE clocked by sys_clk_pin  {rise@0.000ns fall@5.000ns period=10.000ns})
  Path Group:             sys_clk_pin
  Path Type:              Setup (Max at Slow Process Corner)
  Requirement:            10.000ns  (sys_clk_pin rise@10.000ns - sys_clk_pin rise@0.000ns)
  Data Path Delay:        3.920ns  (logic 0.890ns (22.704%)  route 3.030ns (77.296%))
  Logic Levels:           3  (LUT4=1 LUT5=2)
  Clock Path Skew:        -0.027ns (DCD - SCD + CPR)
    Destination Clock Delay (DCD):    4.285ns = ( 14.285 - 10.000 ) 
    Source Clock Delay      (SCD):    4.555ns
    Clock Pessimism Removal (CPR):    0.244ns
  Clock Uncertainty:      0.035ns  ((TSJ^2 + TIJ^2)^1/2 + DJ) / 2 + PE
    Total System Jitter     (TSJ):    0.071ns
    Total Input Jitter      (TIJ):    0.000ns
    Discrete Jitter          (DJ):    0.000ns
    Phase Error              (PE):    0.000ns

    Location             Delay type                Incr(ns)  Path(ns)    Netlist Resource(s)
  -------------------------------------------------------------------    -------------------
                         (clock sys_clk_pin rise edge)
                                                      0.000     0.000 r  
    R2                                                0.000     0.000 r  CLK100MHZ (IN)
                         net (fo=0)                   0.000     0.000    CLK100MHZ
    R2                   IBUF (Prop_ibuf_I_O)         0.854     0.854 r  CLK100MHZ_IBUF_inst/O
                         net (fo=1, routed)           1.967     2.821    CLK100MHZ_IBUF
    BUFGCTRL_X0Y0        BUFG (Prop_bufg_I_O)         0.096     2.917 r  CLK100MHZ_IBUF_BUFG_inst/O
                         net (fo=33, routed)          1.638     4.555    CLK100MHZ_IBUF_BUFG
    SLICE_X2Y44          FDRE                                         r  counter_reg[28]/C
  -------------------------------------------------------------------    -------------------
    SLICE_X2Y44          FDRE (Prop_fdre_C_Q)         0.518     5.073 r  counter_reg[28]/Q
                         net (fo=3, routed)           0.963     6.036    counter_reg_n_0_[28]
    SLICE_X0Y45          LUT4 (Prop_lut4_I1_O)        0.124     6.160 r  counter[31]_i_9/O
                         net (fo=1, routed)           0.416     6.576    counter[31]_i_9_n_0
    SLICE_X0Y44          LUT5 (Prop_lut5_I4_O)        0.124     6.700 r  counter[31]_i_4/O
                         net (fo=32, routed)          1.651     8.351    counter[31]_i_4_n_0
    SLICE_X0Y40          LUT5 (Prop_lut5_I1_O)        0.124     8.475 r  counter[10]_i_1/O
                         net (fo=1, routed)           0.000     8.475    counter[10]
    SLICE_X0Y40          FDRE                                         r  counter_reg[10]/D
  -------------------------------------------------------------------    -------------------

                         (clock sys_clk_pin rise edge)
                                                     10.000    10.000 r  
    R2                                                0.000    10.000 r  CLK100MHZ (IN)
                         net (fo=0)                   0.000    10.000    CLK100MHZ
    R2                   IBUF (Prop_ibuf_I_O)         0.814    10.814 r  CLK100MHZ_IBUF_inst/O
                         net (fo=1, routed)           1.862    12.676    CLK100MHZ_IBUF
    BUFGCTRL_X0Y0        BUFG (Prop_bufg_I_O)         0.091    12.767 r  CLK100MHZ_IBUF_BUFG_inst/O
                         net (fo=33, routed)          1.517    14.285    CLK100MHZ_IBUF_BUFG
    SLICE_X0Y40          FDRE                                         r  counter_reg[10]/C
                         clock pessimism              0.244    14.528    
                         clock uncertainty           -0.035    14.493    
    SLICE_X0Y40          FDRE (Setup_fdre_C_D)        0.031    14.524    counter_reg[10]
  -------------------------------------------------------------------
                         required time                         14.524    
                         arrival time                          -8.475    
  -------------------------------------------------------------------
                         slack                                  6.049    

Slack (MET) :             6.069ns  (required time - arrival time)
  Source:                 counter_reg[28]/C
                            (rising edge-triggered cell FDRE clocked by sys_clk_pin  {rise@0.000ns fall@5.000ns period=10.000ns})
  Destination:            counter_reg[1]/D
                            (rising edge-triggered cell FDRE clocked by sys_clk_pin  {rise@0.000ns fall@5.000ns period=10.000ns})
  Path Group:             sys_clk_pin
  Path Type:              Setup (Max at Slow Process Corner)
  Requirement:            10.000ns  (sys_clk_pin rise@10.000ns - sys_clk_pin rise@0.000ns)
  Data Path Delay:        3.944ns  (logic 0.890ns (22.564%)  route 3.054ns (77.436%))
  Logic Levels:           3  (LUT4=1 LUT5=2)
  Clock Path Skew:        -0.028ns (DCD - SCD + CPR)
    Destination Clock Delay (DCD):    4.284ns = ( 14.284 - 10.000 ) 
    Source Clock Delay      (SCD):    4.555ns
    Clock Pessimism Removal (CPR):    0.244ns
  Clock Uncertainty:      0.035ns  ((TSJ^2 + TIJ^2)^1/2 + DJ) / 2 + PE
    Total System Jitter     (TSJ):    0.071ns
    Total Input Jitter      (TIJ):    0.000ns
    Discrete Jitter          (DJ):    0.000ns
    Phase Error              (PE):    0.000ns

    Location             Delay type                Incr(ns)  Path(ns)    Netlist Resource(s)
  -------------------------------------------------------------------    -------------------
                         (clock sys_clk_pin rise edge)
                                                      0.000     0.000 r  
    R2                                                0.000     0.000 r  CLK100MHZ (IN)
                         net (fo=0)                   0.000     0.000    CLK100MHZ
    R2                   IBUF (Prop_ibuf_I_O)         0.854     0.854 r  CLK100MHZ_IBUF_inst/O
                         net (fo=1, routed)           1.967     2.821    CLK100MHZ_IBUF
    BUFGCTRL_X0Y0        BUFG (Prop_bufg_I_O)         0.096     2.917 r  CLK100MHZ_IBUF_BUFG_inst/O
                         net (fo=33, routed)          1.638     4.555    CLK100MHZ_IBUF_BUFG
    SLICE_X2Y44          FDRE                                         r  counter_reg[28]/C
  -------------------------------------------------------------------    -------------------
    SLICE_X2Y44          FDRE (Prop_fdre_C_Q)         0.518     5.073 f  counter_reg[28]/Q
                         net (fo=3, routed)           0.963     6.036    counter_reg_n_0_[28]
    SLICE_X0Y45          LUT4 (Prop_lut4_I1_O)        0.124     6.160 f  counter[31]_i_9/O
                         net (fo=1, routed)           0.416     6.576    counter[31]_i_9_n_0
    SLICE_X0Y44          LUT5 (Prop_lut5_I4_O)        0.124     6.700 f  counter[31]_i_4/O
                         net (fo=32, routed)          1.675     8.376    counter[31]_i_4_n_0
    SLICE_X2Y38          LUT5 (Prop_lut5_I2_O)        0.124     8.500 r  counter[1]_i_1/O
                         net (fo=1, routed)           0.000     8.500    counter[1]
    SLICE_X2Y38          FDRE                                         r  counter_reg[1]/D
  -------------------------------------------------------------------    -------------------

                         (clock sys_clk_pin rise edge)
                                                     10.000    10.000 r  
    R2                                                0.000    10.000 r  CLK100MHZ (IN)
                         net (fo=0)                   0.000    10.000    CLK100MHZ
    R2                   IBUF (Prop_ibuf_I_O)         0.814    10.814 r  CLK100MHZ_IBUF_inst/O
                         net (fo=1, routed)           1.862    12.676    CLK100MHZ_IBUF
    BUFGCTRL_X0Y0        BUFG (Prop_bufg_I_O)         0.091    12.767 r  CLK100MHZ_IBUF_BUFG_inst/O
                         net (fo=33, routed)          1.516    14.284    CLK100MHZ_IBUF_BUFG
    SLICE_X2Y38          FDRE                                         r  counter_reg[1]/C
                         clock pessimism              0.244    14.527    
                         clock uncertainty           -0.035    14.492    
    SLICE_X2Y38          FDRE (Setup_fdre_C_D)        0.077    14.569    counter_reg[1]
  -------------------------------------------------------------------
                         required time                         14.569    
                         arrival time                          -8.500    
  -------------------------------------------------------------------
                         slack                                  6.069    

Slack (MET) :             6.097ns  (required time - arrival time)
  Source:                 counter_reg[1]/C
                            (rising edge-triggered cell FDRE clocked by sys_clk_pin  {rise@0.000ns fall@5.000ns period=10.000ns})
  Destination:            counter_reg[30]/D
                            (rising edge-triggered cell FDRE clocked by sys_clk_pin  {rise@0.000ns fall@5.000ns period=10.000ns})
  Path Group:             sys_clk_pin
  Path Type:              Setup (Max at Slow Process Corner)
  Requirement:            10.000ns  (sys_clk_pin rise@10.000ns - sys_clk_pin rise@0.000ns)
  Data Path Delay:        3.877ns  (logic 2.495ns (64.359%)  route 1.382ns (35.641%))
  Logic Levels:           10  (CARRY4=8 LUT1=1 LUT5=1)
  Clock Path Skew:        -0.022ns (DCD - SCD + CPR)
    Destination Clock Delay (DCD):    4.287ns = ( 14.287 - 10.000 ) 
    Source Clock Delay      (SCD):    4.552ns
    Clock Pessimism Removal (CPR):    0.244ns
  Clock Uncertainty:      0.035ns  ((TSJ^2 + TIJ^2)^1/2 + DJ) / 2 + PE
    Total System Jitter     (TSJ):    0.071ns
    Total Input Jitter      (TIJ):    0.000ns
    Discrete Jitter          (DJ):    0.000ns
    Phase Error              (PE):    0.000ns

    Location             Delay type                Incr(ns)  Path(ns)    Netlist Resource(s)
  -------------------------------------------------------------------    -------------------
                         (clock sys_clk_pin rise edge)
                                                      0.000     0.000 r  
    R2                                                0.000     0.000 r  CLK100MHZ (IN)
                         net (fo=0)                   0.000     0.000    CLK100MHZ
    R2                   IBUF (Prop_ibuf_I_O)         0.854     0.854 r  CLK100MHZ_IBUF_inst/O
                         net (fo=1, routed)           1.967     2.821    CLK100MHZ_IBUF
    BUFGCTRL_X0Y0        BUFG (Prop_bufg_I_O)         0.096     2.917 r  CLK100MHZ_IBUF_BUFG_inst/O
                         net (fo=33, routed)          1.635     4.552    CLK100MHZ_IBUF_BUFG
    SLICE_X2Y38          FDRE                                         r  counter_reg[1]/C
  -------------------------------------------------------------------    -------------------
    SLICE_X2Y38          FDRE (Prop_fdre_C_Q)         0.518     5.070 f  counter_reg[1]/Q
                         net (fo=3, routed)           0.577     5.647    counter_reg_n_0_[1]
    SLICE_X1Y38          LUT1 (Prop_lut1_I0_O)        0.124     5.771 r  counter[4]_i_6/O
                         net (fo=1, routed)           0.000     5.771    counter[4]_i_6_n_0
    SLICE_X1Y38          CARRY4 (Prop_carry4_S[0]_CO[3])
                                                      0.532     6.303 r  counter_reg[4]_i_2/CO[3]
                         net (fo=1, routed)           0.000     6.303    counter_reg[4]_i_2_n_0
    SLICE_X1Y39          CARRY4 (Prop_carry4_CI_CO[3])
                                                      0.114     6.417 r  counter_reg[8]_i_2/CO[3]
                         net (fo=1, routed)           0.000     6.417    counter_reg[8]_i_2_n_0
    SLICE_X1Y40          CARRY4 (Prop_carry4_CI_CO[3])
                                                      0.114     6.531 r  counter_reg[12]_i_2/CO[3]
                         net (fo=1, routed)           0.000     6.531    counter_reg[12]_i_2_n_0
    SLICE_X1Y41          CARRY4 (Prop_carry4_CI_CO[3])
                                                      0.114     6.645 r  counter_reg[16]_i_2/CO[3]
                         net (fo=1, routed)           0.000     6.645    counter_reg[16]_i_2_n_0
    SLICE_X1Y42          CARRY4 (Prop_carry4_CI_CO[3])
                                                      0.114     6.759 r  counter_reg[20]_i_2/CO[3]
                         net (fo=1, routed)           0.000     6.759    counter_reg[20]_i_2_n_0
    SLICE_X1Y43          CARRY4 (Prop_carry4_CI_CO[3])
                                                      0.114     6.873 r  counter_reg[24]_i_2/CO[3]
                         net (fo=1, routed)           0.000     6.873    counter_reg[24]_i_2_n_0
    SLICE_X1Y44          CARRY4 (Prop_carry4_CI_CO[3])
                                                      0.114     6.987 r  counter_reg[28]_i_2/CO[3]
                         net (fo=1, routed)           0.000     6.987    counter_reg[28]_i_2_n_0
    SLICE_X1Y45          CARRY4 (Prop_carry4_CI_O[1])
                                                      0.334     7.321 r  counter_reg[31]_i_7/O[1]
                         net (fo=1, routed)           0.805     8.126    data0[30]
    SLICE_X0Y45          LUT5 (Prop_lut5_I4_O)        0.303     8.429 r  counter[30]_i_1/O
                         net (fo=1, routed)           0.000     8.429    counter[30]
    SLICE_X0Y45          FDRE                                         r  counter_reg[30]/D
  -------------------------------------------------------------------    -------------------

                         (clock sys_clk_pin rise edge)
                                                     10.000    10.000 r  
    R2                                                0.000    10.000 r  CLK100MHZ (IN)
                         net (fo=0)                   0.000    10.000    CLK100MHZ
    R2                   IBUF (Prop_ibuf_I_O)         0.814    10.814 r  CLK100MHZ_IBUF_inst/O
                         net (fo=1, routed)           1.862    12.676    CLK100MHZ_IBUF
    BUFGCTRL_X0Y0        BUFG (Prop_bufg_I_O)         0.091    12.767 r  CLK100MHZ_IBUF_BUFG_inst/O
                         net (fo=33, routed)          1.519    14.287    CLK100MHZ_IBUF_BUFG
    SLICE_X0Y45          FDRE                                         r  counter_reg[30]/C
                         clock pessimism              0.244    14.530    
                         clock uncertainty           -0.035    14.495    
    SLICE_X0Y45          FDRE (Setup_fdre_C_D)        0.031    14.526    counter_reg[30]
  -------------------------------------------------------------------
                         required time                         14.526    
                         arrival time                          -8.429    
  -------------------------------------------------------------------
                         slack                                  6.097    

Slack (MET) :             6.124ns  (required time - arrival time)
  Source:                 counter_reg[28]/C
                            (rising edge-triggered cell FDRE clocked by sys_clk_pin  {rise@0.000ns fall@5.000ns period=10.000ns})
  Destination:            counter_reg[4]/D
                            (rising edge-triggered cell FDRE clocked by sys_clk_pin  {rise@0.000ns fall@5.000ns period=10.000ns})
  Path Group:             sys_clk_pin
  Path Type:              Setup (Max at Slow Process Corner)
  Requirement:            10.000ns  (sys_clk_pin rise@10.000ns - sys_clk_pin rise@0.000ns)
  Data Path Delay:        3.844ns  (logic 0.890ns (23.156%)  route 2.954ns (76.844%))
  Logic Levels:           3  (LUT4=1 LUT5=2)
  Clock Path Skew:        -0.028ns (DCD - SCD + CPR)
    Destination Clock Delay (DCD):    4.284ns = ( 14.284 - 10.000 ) 
    Source Clock Delay      (SCD):    4.555ns
    Clock Pessimism Removal (CPR):    0.244ns
  Clock Uncertainty:      0.035ns  ((TSJ^2 + TIJ^2)^1/2 + DJ) / 2 + PE
    Total System Jitter     (TSJ):    0.071ns
    Total Input Jitter      (TIJ):    0.000ns
    Discrete Jitter          (DJ):    0.000ns
    Phase Error              (PE):    0.000ns

    Location             Delay type                Incr(ns)  Path(ns)    Netlist Resource(s)
  -------------------------------------------------------------------    -------------------
                         (clock sys_clk_pin rise edge)
                                                      0.000     0.000 r  
    R2                                                0.000     0.000 r  CLK100MHZ (IN)
                         net (fo=0)                   0.000     0.000    CLK100MHZ
    R2                   IBUF (Prop_ibuf_I_O)         0.854     0.854 r  CLK100MHZ_IBUF_inst/O
                         net (fo=1, routed)           1.967     2.821    CLK100MHZ_IBUF
    BUFGCTRL_X0Y0        BUFG (Prop_bufg_I_O)         0.096     2.917 r  CLK100MHZ_IBUF_BUFG_inst/O
                         net (fo=33, routed)          1.638     4.555    CLK100MHZ_IBUF_BUFG
    SLICE_X2Y44          FDRE                                         r  counter_reg[28]/C
  -------------------------------------------------------------------    -------------------
    SLICE_X2Y44          FDRE (Prop_fdre_C_Q)         0.518     5.073 f  counter_reg[28]/Q
                         net (fo=3, routed)           0.963     6.036    counter_reg_n_0_[28]
    SLICE_X0Y45          LUT4 (Prop_lut4_I1_O)        0.124     6.160 f  counter[31]_i_9/O
                         net (fo=1, routed)           0.416     6.576    counter[31]_i_9_n_0
    SLICE_X0Y44          LUT5 (Prop_lut5_I4_O)        0.124     6.700 f  counter[31]_i_4/O
                         net (fo=32, routed)          1.575     8.275    counter[31]_i_4_n_0
    SLICE_X0Y38          LUT5 (Prop_lut5_I2_O)        0.124     8.399 r  counter[4]_i_1/O
                         net (fo=1, routed)           0.000     8.399    counter[4]
    SLICE_X0Y38          FDRE                                         r  counter_reg[4]/D
  -------------------------------------------------------------------    -------------------

                         (clock sys_clk_pin rise edge)
                                                     10.000    10.000 r  
    R2                                                0.000    10.000 r  CLK100MHZ (IN)
                         net (fo=0)                   0.000    10.000    CLK100MHZ
    R2                   IBUF (Prop_ibuf_I_O)         0.814    10.814 r  CLK100MHZ_IBUF_inst/O
                         net (fo=1, routed)           1.862    12.676    CLK100MHZ_IBUF
    BUFGCTRL_X0Y0        BUFG (Prop_bufg_I_O)         0.091    12.767 r  CLK100MHZ_IBUF_BUFG_inst/O
                         net (fo=33, routed)          1.516    14.284    CLK100MHZ_IBUF_BUFG
    SLICE_X0Y38          FDRE                                         r  counter_reg[4]/C
                         clock pessimism              0.244    14.527    
                         clock uncertainty           -0.035    14.492    
    SLICE_X0Y38          FDRE (Setup_fdre_C_D)        0.031    14.523    counter_reg[4]
  -------------------------------------------------------------------
                         required time                         14.523    
                         arrival time                          -8.399    
  -------------------------------------------------------------------
                         slack                                  6.124    

Slack (MET) :             6.126ns  (required time - arrival time)
  Source:                 counter_reg[7]/C
                            (rising edge-triggered cell FDRE clocked by sys_clk_pin  {rise@0.000ns fall@5.000ns period=10.000ns})
  Destination:            counter_reg[20]/D
                            (rising edge-triggered cell FDRE clocked by sys_clk_pin  {rise@0.000ns fall@5.000ns period=10.000ns})
  Path Group:             sys_clk_pin
  Path Type:              Setup (Max at Slow Process Corner)
  Requirement:            10.000ns  (sys_clk_pin rise@10.000ns - sys_clk_pin rise@0.000ns)
  Data Path Delay:        3.891ns  (logic 0.828ns (21.278%)  route 3.063ns (78.722%))
  Logic Levels:           3  (LUT4=1 LUT5=2)
  Clock Path Skew:        -0.024ns (DCD - SCD + CPR)
    Destination Clock Delay (DCD):    4.286ns = ( 14.286 - 10.000 ) 
    Source Clock Delay      (SCD):    4.553ns
    Clock Pessimism Removal (CPR):    0.244ns
  Clock Uncertainty:      0.035ns  ((TSJ^2 + TIJ^2)^1/2 + DJ) / 2 + PE
    Total System Jitter     (TSJ):    0.071ns
    Total Input Jitter      (TIJ):    0.000ns
    Discrete Jitter          (DJ):    0.000ns
    Phase Error              (PE):    0.000ns

    Location             Delay type                Incr(ns)  Path(ns)    Netlist Resource(s)
  -------------------------------------------------------------------    -------------------
                         (clock sys_clk_pin rise edge)
                                                      0.000     0.000 r  
    R2                                                0.000     0.000 r  CLK100MHZ (IN)
                         net (fo=0)                   0.000     0.000    CLK100MHZ
    R2                   IBUF (Prop_ibuf_I_O)         0.854     0.854 r  CLK100MHZ_IBUF_inst/O
                         net (fo=1, routed)           1.967     2.821    CLK100MHZ_IBUF
    BUFGCTRL_X0Y0        BUFG (Prop_bufg_I_O)         0.096     2.917 r  CLK100MHZ_IBUF_BUFG_inst/O
                         net (fo=33, routed)          1.636     4.553    CLK100MHZ_IBUF_BUFG
    SLICE_X0Y39          FDRE                                         r  counter_reg[7]/C
  -------------------------------------------------------------------    -------------------
    SLICE_X0Y39          FDRE (Prop_fdre_C_Q)         0.456     5.009 f  counter_reg[7]/Q
                         net (fo=3, routed)           0.683     5.692    counter_reg_n_0_[7]
    SLICE_X0Y39          LUT4 (Prop_lut4_I2_O)        0.124     5.816 f  counter[31]_i_10/O
                         net (fo=1, routed)           0.445     6.261    counter[31]_i_10_n_0
    SLICE_X0Y38          LUT5 (Prop_lut5_I4_O)        0.124     6.385 f  counter[31]_i_5/O
                         net (fo=32, routed)          1.935     8.321    counter[31]_i_5_n_0
    SLICE_X2Y42          LUT5 (Prop_lut5_I3_O)        0.124     8.445 r  counter[20]_i_1/O
                         net (fo=1, routed)           0.000     8.445    counter[20]
    SLICE_X2Y42          FDRE                                         r  counter_reg[20]/D
  -------------------------------------------------------------------    -------------------

                         (clock sys_clk_pin rise edge)
                                                     10.000    10.000 r  
    R2                                                0.000    10.000 r  CLK100MHZ (IN)
                         net (fo=0)                   0.000    10.000    CLK100MHZ
    R2                   IBUF (Prop_ibuf_I_O)         0.814    10.814 r  CLK100MHZ_IBUF_inst/O
                         net (fo=1, routed)           1.862    12.676    CLK100MHZ_IBUF
    BUFGCTRL_X0Y0        BUFG (Prop_bufg_I_O)         0.091    12.767 r  CLK100MHZ_IBUF_BUFG_inst/O
                         net (fo=33, routed)          1.518    14.286    CLK100MHZ_IBUF_BUFG
    SLICE_X2Y42          FDRE                                         r  counter_reg[20]/C
                         clock pessimism              0.244    14.529    
                         clock uncertainty           -0.035    14.494    
    SLICE_X2Y42          FDRE (Setup_fdre_C_D)        0.077    14.571    counter_reg[20]
  -------------------------------------------------------------------
                         required time                         14.571    
                         arrival time                          -8.445    
  -------------------------------------------------------------------
                         slack                                  6.126    





Min Delay Paths
--------------------------------------------------------------------------------------
Slack (MET) :             0.252ns  (arrival time - required time)
  Source:                 square_wave_state_reg/C
                            (rising edge-triggered cell FDRE clocked by sys_clk_pin  {rise@0.000ns fall@5.000ns period=10.000ns})
  Destination:            square_wave_state_reg/D
                            (rising edge-triggered cell FDRE clocked by sys_clk_pin  {rise@0.000ns fall@5.000ns period=10.000ns})
  Path Group:             sys_clk_pin
  Path Type:              Hold (Min at Fast Process Corner)
  Requirement:            0.000ns  (sys_clk_pin rise@0.000ns - sys_clk_pin rise@0.000ns)
  Data Path Delay:        0.373ns  (logic 0.209ns (56.096%)  route 0.164ns (43.904%))
  Logic Levels:           1  (LUT5=1)
  Clock Path Skew:        0.000ns (DCD - SCD - CPR)
    Destination Clock Delay (DCD):    1.928ns
    Source Clock Delay      (SCD):    1.570ns
    Clock Pessimism Removal (CPR):    0.358ns

    Location             Delay type                Incr(ns)  Path(ns)    Netlist Resource(s)
  -------------------------------------------------------------------    -------------------
                         (clock sys_clk_pin rise edge)
                                                      0.000     0.000 r  
    R2                                                0.000     0.000 r  CLK100MHZ (IN)
                         net (fo=0)                   0.000     0.000    CLK100MHZ
    R2                   IBUF (Prop_ibuf_I_O)         0.320     0.320 r  CLK100MHZ_IBUF_inst/O
                         net (fo=1, routed)           0.631     0.951    CLK100MHZ_IBUF
    BUFGCTRL_X0Y0        BUFG (Prop_bufg_I_O)         0.026     0.977 r  CLK100MHZ_IBUF_BUFG_inst/O
                         net (fo=33, routed)          0.594     1.570    CLK100MHZ_IBUF_BUFG
    SLICE_X2Y41          FDRE                                         r  square_wave_state_reg/C
  -------------------------------------------------------------------    -------------------
    SLICE_X2Y41          FDRE (Prop_fdre_C_Q)         0.164     1.734 r  square_wave_state_reg/Q
                         net (fo=2, routed)           0.164     1.898    square_wave_out_OBUF
    SLICE_X2Y41          LUT5 (Prop_lut5_I4_O)        0.045     1.943 r  square_wave_state_i_1/O
                         net (fo=1, routed)           0.000     1.943    square_wave_state_i_1_n_0
    SLICE_X2Y41          FDRE                                         r  square_wave_state_reg/D
  -------------------------------------------------------------------    -------------------

                         (clock sys_clk_pin rise edge)
                                                      0.000     0.000 r  
    R2                                                0.000     0.000 r  CLK100MHZ (IN)
                         net (fo=0)                   0.000     0.000    CLK100MHZ
    R2                   IBUF (Prop_ibuf_I_O)         0.350     0.350 r  CLK100MHZ_IBUF_inst/O
                         net (fo=1, routed)           0.685     1.035    CLK100MHZ_IBUF
    BUFGCTRL_X0Y0        BUFG (Prop_bufg_I_O)         0.029     1.064 r  CLK100MHZ_IBUF_BUFG_inst/O
                         net (fo=33, routed)          0.865     1.928    CLK100MHZ_IBUF_BUFG
    SLICE_X2Y41          FDRE                                         r  square_wave_state_reg/C
                         clock pessimism             -0.358     1.570    
    SLICE_X2Y41          FDRE (Hold_fdre_C_D)         0.121     1.691    square_wave_state_reg
  -------------------------------------------------------------------
                         required time                         -1.691    
                         arrival time                           1.943    
  -------------------------------------------------------------------
                         slack                                  0.252    

Slack (MET) :             0.321ns  (arrival time - required time)
  Source:                 counter_reg[0]/C
                            (rising edge-triggered cell FDRE clocked by sys_clk_pin  {rise@0.000ns fall@5.000ns period=10.000ns})
  Destination:            counter_reg[0]/D
                            (rising edge-triggered cell FDRE clocked by sys_clk_pin  {rise@0.000ns fall@5.000ns period=10.000ns})
  Path Group:             sys_clk_pin
  Path Type:              Hold (Min at Fast Process Corner)
  Requirement:            0.000ns  (sys_clk_pin rise@0.000ns - sys_clk_pin rise@0.000ns)
  Data Path Delay:        0.442ns  (logic 0.209ns (47.260%)  route 0.233ns (52.740%))
  Logic Levels:           1  (LUT1=1)
  Clock Path Skew:        0.000ns (DCD - SCD - CPR)
    Destination Clock Delay (DCD):    1.927ns
    Source Clock Delay      (SCD):    1.569ns
    Clock Pessimism Removal (CPR):    0.358ns

    Location             Delay type                Incr(ns)  Path(ns)    Netlist Resource(s)
  -------------------------------------------------------------------    -------------------
                         (clock sys_clk_pin rise edge)
                                                      0.000     0.000 r  
    R2                                                0.000     0.000 r  CLK100MHZ (IN)
                         net (fo=0)                   0.000     0.000    CLK100MHZ
    R2                   IBUF (Prop_ibuf_I_O)         0.320     0.320 r  CLK100MHZ_IBUF_inst/O
                         net (fo=1, routed)           0.631     0.951    CLK100MHZ_IBUF
    BUFGCTRL_X0Y0        BUFG (Prop_bufg_I_O)         0.026     0.977 r  CLK100MHZ_IBUF_BUFG_inst/O
                         net (fo=33, routed)          0.593     1.569    CLK100MHZ_IBUF_BUFG
    SLICE_X2Y38          FDRE                                         r  counter_reg[0]/C
  -------------------------------------------------------------------    -------------------
    SLICE_X2Y38          FDRE (Prop_fdre_C_Q)         0.164     1.733 f  counter_reg[0]/Q
                         net (fo=3, routed)           0.233     1.966    counter_reg_n_0_[0]
    SLICE_X2Y38          LUT1 (Prop_lut1_I0_O)        0.045     2.011 r  counter[0]_i_1/O
                         net (fo=1, routed)           0.000     2.011    counter[0]
    SLICE_X2Y38          FDRE                                         r  counter_reg[0]/D
  -------------------------------------------------------------------    -------------------

                         (clock sys_clk_pin rise edge)
                                                      0.000     0.000 r  
    R2                                                0.000     0.000 r  CLK100MHZ (IN)
                         net (fo=0)                   0.000     0.000    CLK100MHZ
    R2                   IBUF (Prop_ibuf_I_O)         0.350     0.350 r  CLK100MHZ_IBUF_inst/O
                         net (fo=1, routed)           0.685     1.035    CLK100MHZ_IBUF
    BUFGCTRL_X0Y0        BUFG (Prop_bufg_I_O)         0.029     1.064 r  CLK100MHZ_IBUF_BUFG_inst/O
                         net (fo=33, routed)          0.864     1.927    CLK100MHZ_IBUF_BUFG
    SLICE_X2Y38          FDRE                                         r  counter_reg[0]/C
                         clock pessimism             -0.358     1.569    
    SLICE_X2Y38          FDRE (Hold_fdre_C_D)         0.121     1.690    counter_reg[0]
  -------------------------------------------------------------------
                         required time                         -1.690    
                         arrival time                           2.011    
  -------------------------------------------------------------------
                         slack                                  0.321    

Slack (MET) :             0.456ns  (arrival time - required time)
  Source:                 counter_reg[27]/C
                            (rising edge-triggered cell FDRE clocked by sys_clk_pin  {rise@0.000ns fall@5.000ns period=10.000ns})
  Destination:            counter_reg[28]/D
                            (rising edge-triggered cell FDRE clocked by sys_clk_pin  {rise@0.000ns fall@5.000ns period=10.000ns})
  Path Group:             sys_clk_pin
  Path Type:              Hold (Min at Fast Process Corner)
  Requirement:            0.000ns  (sys_clk_pin rise@0.000ns - sys_clk_pin rise@0.000ns)
  Data Path Delay:        0.592ns  (logic 0.231ns (39.024%)  route 0.361ns (60.976%))
  Logic Levels:           2  (LUT5=2)
  Clock Path Skew:        0.016ns (DCD - SCD - CPR)
    Destination Clock Delay (DCD):    1.929ns
    Source Clock Delay      (SCD):    1.571ns
    Clock Pessimism Removal (CPR):    0.342ns

    Location             Delay type                Incr(ns)  Path(ns)    Netlist Resource(s)
  -------------------------------------------------------------------    -------------------
                         (clock sys_clk_pin rise edge)
                                                      0.000     0.000 r  
    R2                                                0.000     0.000 r  CLK100MHZ (IN)
                         net (fo=0)                   0.000     0.000    CLK100MHZ
    R2                   IBUF (Prop_ibuf_I_O)         0.320     0.320 r  CLK100MHZ_IBUF_inst/O
                         net (fo=1, routed)           0.631     0.951    CLK100MHZ_IBUF
    BUFGCTRL_X0Y0        BUFG (Prop_bufg_I_O)         0.026     0.977 r  CLK100MHZ_IBUF_BUFG_inst/O
                         net (fo=33, routed)          0.595     1.571    CLK100MHZ_IBUF_BUFG
    SLICE_X0Y44          FDRE                                         r  counter_reg[27]/C
  -------------------------------------------------------------------    -------------------
    SLICE_X0Y44          FDRE (Prop_fdre_C_Q)         0.141     1.712 r  counter_reg[27]/Q
                         net (fo=3, routed)           0.205     1.917    counter_reg_n_0_[27]
    SLICE_X0Y44          LUT5 (Prop_lut5_I1_O)        0.045     1.962 r  counter[31]_i_4/O
                         net (fo=32, routed)          0.156     2.118    counter[31]_i_4_n_0
    SLICE_X2Y44          LUT5 (Prop_lut5_I1_O)        0.045     2.163 r  counter[28]_i_1/O
                         net (fo=1, routed)           0.000     2.163    counter[28]
    SLICE_X2Y44          FDRE                                         r  counter_reg[28]/D
  -------------------------------------------------------------------    -------------------

                         (clock sys_clk_pin rise edge)
                                                      0.000     0.000 r  
    R2                                                0.000     0.000 r  CLK100MHZ (IN)
                         net (fo=0)                   0.000     0.000    CLK100MHZ
    R2                   IBUF (Prop_ibuf_I_O)         0.350     0.350 r  CLK100MHZ_IBUF_inst/O
                         net (fo=1, routed)           0.685     1.035    CLK100MHZ_IBUF
    BUFGCTRL_X0Y0        BUFG (Prop_bufg_I_O)         0.029     1.064 r  CLK100MHZ_IBUF_BUFG_inst/O
                         net (fo=33, routed)          0.866     1.929    CLK100MHZ_IBUF_BUFG
    SLICE_X2Y44          FDRE                                         r  counter_reg[28]/C
                         clock pessimism             -0.342     1.587    
    SLICE_X2Y44          FDRE (Hold_fdre_C_D)         0.120     1.707    counter_reg[28]
  -------------------------------------------------------------------
                         required time                         -1.707    
                         arrival time                           2.163    
  -------------------------------------------------------------------
                         slack                                  0.456    

Slack (MET) :             0.460ns  (arrival time - required time)
  Source:                 counter_reg[1]/C
                            (rising edge-triggered cell FDRE clocked by sys_clk_pin  {rise@0.000ns fall@5.000ns period=10.000ns})
  Destination:            counter_reg[4]/D
                            (rising edge-triggered cell FDRE clocked by sys_clk_pin  {rise@0.000ns fall@5.000ns period=10.000ns})
  Path Group:             sys_clk_pin
  Path Type:              Hold (Min at Fast Process Corner)
  Requirement:            0.000ns  (sys_clk_pin rise@0.000ns - sys_clk_pin rise@0.000ns)
  Data Path Delay:        0.568ns  (logic 0.254ns (44.756%)  route 0.314ns (55.244%))
  Logic Levels:           2  (LUT5=2)
  Clock Path Skew:        0.016ns (DCD - SCD - CPR)
    Destination Clock Delay (DCD):    1.927ns
    Source Clock Delay      (SCD):    1.569ns
    Clock Pessimism Removal (CPR):    0.342ns

    Location             Delay type                Incr(ns)  Path(ns)    Netlist Resource(s)
  -------------------------------------------------------------------    -------------------
                         (clock sys_clk_pin rise edge)
                                                      0.000     0.000 r  
    R2                                                0.000     0.000 r  CLK100MHZ (IN)
                         net (fo=0)                   0.000     0.000    CLK100MHZ
    R2                   IBUF (Prop_ibuf_I_O)         0.320     0.320 r  CLK100MHZ_IBUF_inst/O
                         net (fo=1, routed)           0.631     0.951    CLK100MHZ_IBUF
    BUFGCTRL_X0Y0        BUFG (Prop_bufg_I_O)         0.026     0.977 r  CLK100MHZ_IBUF_BUFG_inst/O
                         net (fo=33, routed)          0.593     1.569    CLK100MHZ_IBUF_BUFG
    SLICE_X2Y38          FDRE                                         r  counter_reg[1]/C
  -------------------------------------------------------------------    -------------------
    SLICE_X2Y38          FDRE (Prop_fdre_C_Q)         0.164     1.733 f  counter_reg[1]/Q
                         net (fo=3, routed)           0.203     1.936    counter_reg_n_0_[1]
    SLICE_X0Y38          LUT5 (Prop_lut5_I3_O)        0.045     1.981 f  counter[31]_i_5/O
                         net (fo=32, routed)          0.111     2.092    counter[31]_i_5_n_0
    SLICE_X0Y38          LUT5 (Prop_lut5_I3_O)        0.045     2.137 r  counter[4]_i_1/O
                         net (fo=1, routed)           0.000     2.137    counter[4]
    SLICE_X0Y38          FDRE                                         r  counter_reg[4]/D
  -------------------------------------------------------------------    -------------------

                         (clock sys_clk_pin rise edge)
                                                      0.000     0.000 r  
    R2                                                0.000     0.000 r  CLK100MHZ (IN)
                         net (fo=0)                   0.000     0.000    CLK100MHZ
    R2                   IBUF (Prop_ibuf_I_O)         0.350     0.350 r  CLK100MHZ_IBUF_inst/O
                         net (fo=1, routed)           0.685     1.035    CLK100MHZ_IBUF
    BUFGCTRL_X0Y0        BUFG (Prop_bufg_I_O)         0.029     1.064 r  CLK100MHZ_IBUF_BUFG_inst/O
                         net (fo=33, routed)          0.864     1.927    CLK100MHZ_IBUF_BUFG
    SLICE_X0Y38          FDRE                                         r  counter_reg[4]/C
                         clock pessimism             -0.342     1.585    
    SLICE_X0Y38          FDRE (Hold_fdre_C_D)         0.092     1.677    counter_reg[4]
  -------------------------------------------------------------------
                         required time                         -1.677    
                         arrival time                           2.137    
  -------------------------------------------------------------------
                         slack                                  0.460    

Slack (MET) :             0.466ns  (arrival time - required time)
  Source:                 counter_reg[11]/C
                            (rising edge-triggered cell FDRE clocked by sys_clk_pin  {rise@0.000ns fall@5.000ns period=10.000ns})
  Destination:            counter_reg[10]/D
                            (rising edge-triggered cell FDRE clocked by sys_clk_pin  {rise@0.000ns fall@5.000ns period=10.000ns})
  Path Group:             sys_clk_pin
  Path Type:              Hold (Min at Fast Process Corner)
  Requirement:            0.000ns  (sys_clk_pin rise@0.000ns - sys_clk_pin rise@0.000ns)
  Data Path Delay:        0.574ns  (logic 0.254ns (44.280%)  route 0.320ns (55.720%))
  Logic Levels:           2  (LUT5=2)
  Clock Path Skew:        0.016ns (DCD - SCD - CPR)
    Destination Clock Delay (DCD):    1.928ns
    Source Clock Delay      (SCD):    1.570ns
    Clock Pessimism Removal (CPR):    0.342ns

    Location             Delay type                Incr(ns)  Path(ns)    Netlist Resource(s)
  -------------------------------------------------------------------    -------------------
                         (clock sys_clk_pin rise edge)
                                                      0.000     0.000 r  
    R2                                                0.000     0.000 r  CLK100MHZ (IN)
                         net (fo=0)                   0.000     0.000    CLK100MHZ
    R2                   IBUF (Prop_ibuf_I_O)         0.320     0.320 r  CLK100MHZ_IBUF_inst/O
                         net (fo=1, routed)           0.631     0.951    CLK100MHZ_IBUF
    BUFGCTRL_X0Y0        BUFG (Prop_bufg_I_O)         0.026     0.977 r  CLK100MHZ_IBUF_BUFG_inst/O
                         net (fo=33, routed)          0.594     1.570    CLK100MHZ_IBUF_BUFG
    SLICE_X2Y40          FDRE                                         r  counter_reg[11]/C
  -------------------------------------------------------------------    -------------------
    SLICE_X2Y40          FDRE (Prop_fdre_C_Q)         0.164     1.734 r  counter_reg[11]/Q
                         net (fo=3, routed)           0.185     1.919    counter_reg_n_0_[11]
    SLICE_X0Y40          LUT5 (Prop_lut5_I1_O)        0.045     1.964 r  counter[31]_i_6/O
                         net (fo=32, routed)          0.134     2.099    counter[31]_i_6_n_0
    SLICE_X0Y40          LUT5 (Prop_lut5_I3_O)        0.045     2.144 r  counter[10]_i_1/O
                         net (fo=1, routed)           0.000     2.144    counter[10]
    SLICE_X0Y40          FDRE                                         r  counter_reg[10]/D
  -------------------------------------------------------------------    -------------------

                         (clock sys_clk_pin rise edge)
                                                      0.000     0.000 r  
    R2                                                0.000     0.000 r  CLK100MHZ (IN)
                         net (fo=0)                   0.000     0.000    CLK100MHZ
    R2                   IBUF (Prop_ibuf_I_O)         0.350     0.350 r  CLK100MHZ_IBUF_inst/O
                         net (fo=1, routed)           0.685     1.035    CLK100MHZ_IBUF
    BUFGCTRL_X0Y0        BUFG (Prop_bufg_I_O)         0.029     1.064 r  CLK100MHZ_IBUF_BUFG_inst/O
                         net (fo=33, routed)          0.865     1.928    CLK100MHZ_IBUF_BUFG
    SLICE_X0Y40          FDRE                                         r  counter_reg[10]/C
                         clock pessimism             -0.342     1.586    
    SLICE_X0Y40          FDRE (Hold_fdre_C_D)         0.092     1.678    counter_reg[10]
  -------------------------------------------------------------------
                         required time                         -1.678    
                         arrival time                           2.144    
  -------------------------------------------------------------------
                         slack                                  0.466    

Slack (MET) :             0.475ns  (arrival time - required time)
  Source:                 counter_reg[11]/C
                            (rising edge-triggered cell FDRE clocked by sys_clk_pin  {rise@0.000ns fall@5.000ns period=10.000ns})
  Destination:            counter_reg[11]/D
                            (rising edge-triggered cell FDRE clocked by sys_clk_pin  {rise@0.000ns fall@5.000ns period=10.000ns})
  Path Group:             sys_clk_pin
  Path Type:              Hold (Min at Fast Process Corner)
  Requirement:            0.000ns  (sys_clk_pin rise@0.000ns - sys_clk_pin rise@0.000ns)
  Data Path Delay:        0.595ns  (logic 0.254ns (42.703%)  route 0.341ns (57.297%))
  Logic Levels:           2  (LUT5=2)
  Clock Path Skew:        0.000ns (DCD - SCD - CPR)
    Destination Clock Delay (DCD):    1.928ns
    Source Clock Delay      (SCD):    1.570ns
    Clock Pessimism Removal (CPR):    0.358ns

    Location             Delay type                Incr(ns)  Path(ns)    Netlist Resource(s)
  -------------------------------------------------------------------    -------------------
                         (clock sys_clk_pin rise edge)
                                                      0.000     0.000 r  
    R2                                                0.000     0.000 r  CLK100MHZ (IN)
                         net (fo=0)                   0.000     0.000    CLK100MHZ
    R2                   IBUF (Prop_ibuf_I_O)         0.320     0.320 r  CLK100MHZ_IBUF_inst/O
                         net (fo=1, routed)           0.631     0.951    CLK100MHZ_IBUF
    BUFGCTRL_X0Y0        BUFG (Prop_bufg_I_O)         0.026     0.977 r  CLK100MHZ_IBUF_BUFG_inst/O
                         net (fo=33, routed)          0.594     1.570    CLK100MHZ_IBUF_BUFG
    SLICE_X2Y40          FDRE                                         r  counter_reg[11]/C
  -------------------------------------------------------------------    -------------------
    SLICE_X2Y40          FDRE (Prop_fdre_C_Q)         0.164     1.734 r  counter_reg[11]/Q
                         net (fo=3, routed)           0.185     1.919    counter_reg_n_0_[11]
    SLICE_X0Y40          LUT5 (Prop_lut5_I1_O)        0.045     1.964 r  counter[31]_i_6/O
                         net (fo=32, routed)          0.156     2.120    counter[31]_i_6_n_0
    SLICE_X2Y40          LUT5 (Prop_lut5_I3_O)        0.045     2.165 r  counter[11]_i_1/O
                         net (fo=1, routed)           0.000     2.165    counter[11]
    SLICE_X2Y40          FDRE                                         r  counter_reg[11]/D
  -------------------------------------------------------------------    -------------------

                         (clock sys_clk_pin rise edge)
                                                      0.000     0.000 r  
    R2                                                0.000     0.000 r  CLK100MHZ (IN)
                         net (fo=0)                   0.000     0.000    CLK100MHZ
    R2                   IBUF (Prop_ibuf_I_O)         0.350     0.350 r  CLK100MHZ_IBUF_inst/O
                         net (fo=1, routed)           0.685     1.035    CLK100MHZ_IBUF
    BUFGCTRL_X0Y0        BUFG (Prop_bufg_I_O)         0.029     1.064 r  CLK100MHZ_IBUF_BUFG_inst/O
                         net (fo=33, routed)          0.865     1.928    CLK100MHZ_IBUF_BUFG
    SLICE_X2Y40          FDRE                                         r  counter_reg[11]/C
                         clock pessimism             -0.358     1.570    
    SLICE_X2Y40          FDRE (Hold_fdre_C_D)         0.120     1.690    counter_reg[11]
  -------------------------------------------------------------------
                         required time                         -1.690    
                         arrival time                           2.165    
  -------------------------------------------------------------------
                         slack                                  0.475    

Slack (MET) :             0.489ns  (arrival time - required time)
  Source:                 counter_reg[27]/C
                            (rising edge-triggered cell FDRE clocked by sys_clk_pin  {rise@0.000ns fall@5.000ns period=10.000ns})
  Destination:            counter_reg[27]/D
                            (rising edge-triggered cell FDRE clocked by sys_clk_pin  {rise@0.000ns fall@5.000ns period=10.000ns})
  Path Group:             sys_clk_pin
  Path Type:              Hold (Min at Fast Process Corner)
  Requirement:            0.000ns  (sys_clk_pin rise@0.000ns - sys_clk_pin rise@0.000ns)
  Data Path Delay:        0.581ns  (logic 0.231ns (39.784%)  route 0.350ns (60.216%))
  Logic Levels:           2  (LUT5=2)
  Clock Path Skew:        0.000ns (DCD - SCD - CPR)
    Destination Clock Delay (DCD):    1.929ns
    Source Clock Delay      (SCD):    1.571ns
    Clock Pessimism Removal (CPR):    0.358ns

    Location             Delay type                Incr(ns)  Path(ns)    Netlist Resource(s)
  -------------------------------------------------------------------    -------------------
                         (clock sys_clk_pin rise edge)
                                                      0.000     0.000 r  
    R2                                                0.000     0.000 r  CLK100MHZ (IN)
                         net (fo=0)                   0.000     0.000    CLK100MHZ
    R2                   IBUF (Prop_ibuf_I_O)         0.320     0.320 r  CLK100MHZ_IBUF_inst/O
                         net (fo=1, routed)           0.631     0.951    CLK100MHZ_IBUF
    BUFGCTRL_X0Y0        BUFG (Prop_bufg_I_O)         0.026     0.977 r  CLK100MHZ_IBUF_BUFG_inst/O
                         net (fo=33, routed)          0.595     1.571    CLK100MHZ_IBUF_BUFG
    SLICE_X0Y44          FDRE                                         r  counter_reg[27]/C
  -------------------------------------------------------------------    -------------------
    SLICE_X0Y44          FDRE (Prop_fdre_C_Q)         0.141     1.712 r  counter_reg[27]/Q
                         net (fo=3, routed)           0.205     1.917    counter_reg_n_0_[27]
    SLICE_X0Y44          LUT5 (Prop_lut5_I1_O)        0.045     1.962 r  counter[31]_i_4/O
                         net (fo=32, routed)          0.144     2.107    counter[31]_i_4_n_0
    SLICE_X0Y44          LUT5 (Prop_lut5_I1_O)        0.045     2.152 r  counter[27]_i_1/O
                         net (fo=1, routed)           0.000     2.152    counter[27]
    SLICE_X0Y44          FDRE                                         r  counter_reg[27]/D
  -------------------------------------------------------------------    -------------------

                         (clock sys_clk_pin rise edge)
                                                      0.000     0.000 r  
    R2                                                0.000     0.000 r  CLK100MHZ (IN)
                         net (fo=0)                   0.000     0.000    CLK100MHZ
    R2                   IBUF (Prop_ibuf_I_O)         0.350     0.350 r  CLK100MHZ_IBUF_inst/O
                         net (fo=1, routed)           0.685     1.035    CLK100MHZ_IBUF
    BUFGCTRL_X0Y0        BUFG (Prop_bufg_I_O)         0.029     1.064 r  CLK100MHZ_IBUF_BUFG_inst/O
                         net (fo=33, routed)          0.866     1.929    CLK100MHZ_IBUF_BUFG
    SLICE_X0Y44          FDRE                                         r  counter_reg[27]/C
                         clock pessimism             -0.358     1.571    
    SLICE_X0Y44          FDRE (Hold_fdre_C_D)         0.092     1.663    counter_reg[27]
  -------------------------------------------------------------------
                         required time                         -1.663    
                         arrival time                           2.152    
  -------------------------------------------------------------------
                         slack                                  0.489    

Slack (MET) :             0.505ns  (arrival time - required time)
  Source:                 counter_reg[3]/C
                            (rising edge-triggered cell FDRE clocked by sys_clk_pin  {rise@0.000ns fall@5.000ns period=10.000ns})
  Destination:            counter_reg[3]/D
                            (rising edge-triggered cell FDRE clocked by sys_clk_pin  {rise@0.000ns fall@5.000ns period=10.000ns})
  Path Group:             sys_clk_pin
  Path Type:              Hold (Min at Fast Process Corner)
  Requirement:            0.000ns  (sys_clk_pin rise@0.000ns - sys_clk_pin rise@0.000ns)
  Data Path Delay:        0.597ns  (logic 0.360ns (60.345%)  route 0.237ns (39.655%))
  Logic Levels:           3  (CARRY4=1 LUT1=1 LUT5=1)
  Clock Path Skew:        0.000ns (DCD - SCD - CPR)
    Destination Clock Delay (DCD):    1.927ns
    Source Clock Delay      (SCD):    1.569ns
    Clock Pessimism Removal (CPR):    0.358ns

    Location             Delay type                Incr(ns)  Path(ns)    Netlist Resource(s)
  -------------------------------------------------------------------    -------------------
                         (clock sys_clk_pin rise edge)
                                                      0.000     0.000 r  
    R2                                                0.000     0.000 r  CLK100MHZ (IN)
                         net (fo=0)                   0.000     0.000    CLK100MHZ
    R2                   IBUF (Prop_ibuf_I_O)         0.320     0.320 r  CLK100MHZ_IBUF_inst/O
                         net (fo=1, routed)           0.631     0.951    CLK100MHZ_IBUF
    BUFGCTRL_X0Y0        BUFG (Prop_bufg_I_O)         0.026     0.977 r  CLK100MHZ_IBUF_BUFG_inst/O
                         net (fo=33, routed)          0.593     1.569    CLK100MHZ_IBUF_BUFG
    SLICE_X0Y38          FDRE                                         r  counter_reg[3]/C
  -------------------------------------------------------------------    -------------------
    SLICE_X0Y38          FDRE (Prop_fdre_C_Q)         0.141     1.710 f  counter_reg[3]/Q
                         net (fo=3, routed)           0.075     1.786    counter_reg_n_0_[3]
    SLICE_X1Y38          LUT1 (Prop_lut1_I0_O)        0.045     1.831 r  counter[4]_i_4/O
                         net (fo=1, routed)           0.000     1.831    counter[4]_i_4_n_0
    SLICE_X1Y38          CARRY4 (Prop_carry4_S[2]_O[2])
                                                      0.066     1.897 r  counter_reg[4]_i_2/O[2]
                         net (fo=1, routed)           0.161     2.058    data0[3]
    SLICE_X0Y38          LUT5 (Prop_lut5_I0_O)        0.108     2.166 r  counter[3]_i_1/O
                         net (fo=1, routed)           0.000     2.166    counter[3]
    SLICE_X0Y38          FDRE                                         r  counter_reg[3]/D
  -------------------------------------------------------------------    -------------------

                         (clock sys_clk_pin rise edge)
                                                      0.000     0.000 r  
    R2                                                0.000     0.000 r  CLK100MHZ (IN)
                         net (fo=0)                   0.000     0.000    CLK100MHZ
    R2                   IBUF (Prop_ibuf_I_O)         0.350     0.350 r  CLK100MHZ_IBUF_inst/O
                         net (fo=1, routed)           0.685     1.035    CLK100MHZ_IBUF
    BUFGCTRL_X0Y0        BUFG (Prop_bufg_I_O)         0.029     1.064 r  CLK100MHZ_IBUF_BUFG_inst/O
                         net (fo=33, routed)          0.864     1.927    CLK100MHZ_IBUF_BUFG
    SLICE_X0Y38          FDRE                                         r  counter_reg[3]/C
                         clock pessimism             -0.358     1.569    
    SLICE_X0Y38          FDRE (Hold_fdre_C_D)         0.092     1.661    counter_reg[3]
  -------------------------------------------------------------------
                         required time                         -1.661    
                         arrival time                           2.166    
  -------------------------------------------------------------------
                         slack                                  0.505    

Slack (MET) :             0.506ns  (arrival time - required time)
  Source:                 counter_reg[11]/C
                            (rising edge-triggered cell FDRE clocked by sys_clk_pin  {rise@0.000ns fall@5.000ns period=10.000ns})
  Destination:            counter_reg[16]/D
                            (rising edge-triggered cell FDRE clocked by sys_clk_pin  {rise@0.000ns fall@5.000ns period=10.000ns})
  Path Group:             sys_clk_pin
  Path Type:              Hold (Min at Fast Process Corner)
  Requirement:            0.000ns  (sys_clk_pin rise@0.000ns - sys_clk_pin rise@0.000ns)
  Data Path Delay:        0.614ns  (logic 0.254ns (41.352%)  route 0.360ns (58.648%))
  Logic Levels:           2  (LUT5=2)
  Clock Path Skew:        0.016ns (DCD - SCD - CPR)
    Destination Clock Delay (DCD):    1.928ns
    Source Clock Delay      (SCD):    1.570ns
    Clock Pessimism Removal (CPR):    0.342ns

    Location             Delay type                Incr(ns)  Path(ns)    Netlist Resource(s)
  -------------------------------------------------------------------    -------------------
                         (clock sys_clk_pin rise edge)
                                                      0.000     0.000 r  
    R2                                                0.000     0.000 r  CLK100MHZ (IN)
                         net (fo=0)                   0.000     0.000    CLK100MHZ
    R2                   IBUF (Prop_ibuf_I_O)         0.320     0.320 r  CLK100MHZ_IBUF_inst/O
                         net (fo=1, routed)           0.631     0.951    CLK100MHZ_IBUF
    BUFGCTRL_X0Y0        BUFG (Prop_bufg_I_O)         0.026     0.977 r  CLK100MHZ_IBUF_BUFG_inst/O
                         net (fo=33, routed)          0.594     1.570    CLK100MHZ_IBUF_BUFG
    SLICE_X2Y40          FDRE                                         r  counter_reg[11]/C
  -------------------------------------------------------------------    -------------------
    SLICE_X2Y40          FDRE (Prop_fdre_C_Q)         0.164     1.734 r  counter_reg[11]/Q
                         net (fo=3, routed)           0.185     1.919    counter_reg_n_0_[11]
    SLICE_X0Y40          LUT5 (Prop_lut5_I1_O)        0.045     1.964 r  counter[31]_i_6/O
                         net (fo=32, routed)          0.175     2.139    counter[31]_i_6_n_0
    SLICE_X0Y41          LUT5 (Prop_lut5_I3_O)        0.045     2.184 r  counter[16]_i_1/O
                         net (fo=1, routed)           0.000     2.184    counter[16]
    SLICE_X0Y41          FDRE                                         r  counter_reg[16]/D
  -------------------------------------------------------------------    -------------------

                         (clock sys_clk_pin rise edge)
                                                      0.000     0.000 r  
    R2                                                0.000     0.000 r  CLK100MHZ (IN)
                         net (fo=0)                   0.000     0.000    CLK100MHZ
    R2                   IBUF (Prop_ibuf_I_O)         0.350     0.350 r  CLK100MHZ_IBUF_inst/O
                         net (fo=1, routed)           0.685     1.035    CLK100MHZ_IBUF
    BUFGCTRL_X0Y0        BUFG (Prop_bufg_I_O)         0.029     1.064 r  CLK100MHZ_IBUF_BUFG_inst/O
                         net (fo=33, routed)          0.865     1.928    CLK100MHZ_IBUF_BUFG
    SLICE_X0Y41          FDRE                                         r  counter_reg[16]/C
                         clock pessimism             -0.342     1.586    
    SLICE_X0Y41          FDRE (Hold_fdre_C_D)         0.092     1.678    counter_reg[16]
  -------------------------------------------------------------------
                         required time                         -1.678    
                         arrival time                           2.184    
  -------------------------------------------------------------------
                         slack                                  0.506    

Slack (MET) :             0.513ns  (arrival time - required time)
  Source:                 counter_reg[19]/C
                            (rising edge-triggered cell FDRE clocked by sys_clk_pin  {rise@0.000ns fall@5.000ns period=10.000ns})
  Destination:            counter_reg[19]/D
                            (rising edge-triggered cell FDRE clocked by sys_clk_pin  {rise@0.000ns fall@5.000ns period=10.000ns})
  Path Group:             sys_clk_pin
  Path Type:              Hold (Min at Fast Process Corner)
  Requirement:            0.000ns  (sys_clk_pin rise@0.000ns - sys_clk_pin rise@0.000ns)
  Data Path Delay:        0.605ns  (logic 0.231ns (38.201%)  route 0.374ns (61.799%))
  Logic Levels:           2  (LUT5=2)
  Clock Path Skew:        0.000ns (DCD - SCD - CPR)
    Destination Clock Delay (DCD):    1.928ns
    Source Clock Delay      (SCD):    1.570ns
    Clock Pessimism Removal (CPR):    0.358ns

    Location             Delay type                Incr(ns)  Path(ns)    Netlist Resource(s)
  -------------------------------------------------------------------    -------------------
                         (clock sys_clk_pin rise edge)
                                                      0.000     0.000 r  
    R2                                                0.000     0.000 r  CLK100MHZ (IN)
                         net (fo=0)                   0.000     0.000    CLK100MHZ
    R2                   IBUF (Prop_ibuf_I_O)         0.320     0.320 r  CLK100MHZ_IBUF_inst/O
                         net (fo=1, routed)           0.631     0.951    CLK100MHZ_IBUF
    BUFGCTRL_X0Y0        BUFG (Prop_bufg_I_O)         0.026     0.977 r  CLK100MHZ_IBUF_BUFG_inst/O
                         net (fo=33, routed)          0.594     1.570    CLK100MHZ_IBUF_BUFG
    SLICE_X0Y42          FDRE                                         r  counter_reg[19]/C
  -------------------------------------------------------------------    -------------------
    SLICE_X0Y42          FDRE (Prop_fdre_C_Q)         0.141     1.711 f  counter_reg[19]/Q
                         net (fo=3, routed)           0.205     1.916    counter_reg_n_0_[19]
    SLICE_X0Y42          LUT5 (Prop_lut5_I1_O)        0.045     1.961 f  counter[31]_i_3/O
                         net (fo=32, routed)          0.168     2.130    counter[31]_i_3_n_0
    SLICE_X0Y42          LUT5 (Prop_lut5_I1_O)        0.045     2.175 r  counter[19]_i_1/O
                         net (fo=1, routed)           0.000     2.175    counter[19]
    SLICE_X0Y42          FDRE                                         r  counter_reg[19]/D
  -------------------------------------------------------------------    -------------------

                         (clock sys_clk_pin rise edge)
                                                      0.000     0.000 r  
    R2                                                0.000     0.000 r  CLK100MHZ (IN)
                         net (fo=0)                   0.000     0.000    CLK100MHZ
    R2                   IBUF (Prop_ibuf_I_O)         0.350     0.350 r  CLK100MHZ_IBUF_inst/O
                         net (fo=1, routed)           0.685     1.035    CLK100MHZ_IBUF
    BUFGCTRL_X0Y0        BUFG (Prop_bufg_I_O)         0.029     1.064 r  CLK100MHZ_IBUF_BUFG_inst/O
                         net (fo=33, routed)          0.865     1.928    CLK100MHZ_IBUF_BUFG
    SLICE_X0Y42          FDRE                                         r  counter_reg[19]/C
                         clock pessimism             -0.358     1.570    
    SLICE_X0Y42          FDRE (Hold_fdre_C_D)         0.092     1.662    counter_reg[19]
  -------------------------------------------------------------------
                         required time                         -1.662    
                         arrival time                           2.175    
  -------------------------------------------------------------------
                         slack                                  0.513    





Pulse Width Checks
--------------------------------------------------------------------------------------
Clock Name:         sys_clk_pin
Waveform(ns):       { 0.000 5.000 }
Period(ns):         10.000
Sources:            { CLK100MHZ }

Check Type        Corner  Lib Pin  Reference Pin  Required(ns)  Actual(ns)  Slack(ns)  Location       Pin
Min Period        n/a     BUFG/I   n/a            2.155         10.000      7.845      BUFGCTRL_X0Y0  CLK100MHZ_IBUF_BUFG_inst/I
Min Period        n/a     FDRE/C   n/a            1.000         10.000      9.000      SLICE_X2Y38    counter_reg[0]/C
Min Period        n/a     FDRE/C   n/a            1.000         10.000      9.000      SLICE_X0Y40    counter_reg[10]/C
Min Period        n/a     FDRE/C   n/a            1.000         10.000      9.000      SLICE_X2Y40    counter_reg[11]/C
Min Period        n/a     FDRE/C   n/a            1.000         10.000      9.000      SLICE_X0Y40    counter_reg[12]/C
Min Period        n/a     FDRE/C   n/a            1.000         10.000      9.000      SLICE_X0Y41    counter_reg[13]/C
Min Period        n/a     FDRE/C   n/a            1.000         10.000      9.000      SLICE_X0Y41    counter_reg[14]/C
Min Period        n/a     FDRE/C   n/a            1.000         10.000      9.000      SLICE_X2Y41    counter_reg[15]/C
Min Period        n/a     FDRE/C   n/a            1.000         10.000      9.000      SLICE_X0Y41    counter_reg[16]/C
Min Period        n/a     FDRE/C   n/a            1.000         10.000      9.000      SLICE_X0Y42    counter_reg[17]/C
Low Pulse Width   Slow    FDRE/C   n/a            0.500         5.000       4.500      SLICE_X2Y38    counter_reg[0]/C
Low Pulse Width   Fast    FDRE/C   n/a            0.500         5.000       4.500      SLICE_X2Y38    counter_reg[0]/C
Low Pulse Width   Slow    FDRE/C   n/a            0.500         5.000       4.500      SLICE_X0Y40    counter_reg[10]/C
Low Pulse Width   Fast    FDRE/C   n/a            0.500         5.000       4.500      SLICE_X0Y40    counter_reg[10]/C
Low Pulse Width   Slow    FDRE/C   n/a            0.500         5.000       4.500      SLICE_X2Y40    counter_reg[11]/C
Low Pulse Width   Fast    FDRE/C   n/a            0.500         5.000       4.500      SLICE_X2Y40    counter_reg[11]/C
Low Pulse Width   Slow    FDRE/C   n/a            0.500         5.000       4.500      SLICE_X0Y40    counter_reg[12]/C
Low Pulse Width   Fast    FDRE/C   n/a            0.500         5.000       4.500      SLICE_X0Y40    counter_reg[12]/C
Low Pulse Width   Slow    FDRE/C   n/a            0.500         5.000       4.500      SLICE_X0Y41    counter_reg[13]/C
Low Pulse Width   Fast    FDRE/C   n/a            0.500         5.000       4.500      SLICE_X0Y41    counter_reg[13]/C
High Pulse Width  Slow    FDRE/C   n/a            0.500         5.000       4.500      SLICE_X2Y38    counter_reg[0]/C
High Pulse Width  Fast    FDRE/C   n/a            0.500         5.000       4.500      SLICE_X2Y38    counter_reg[0]/C
High Pulse Width  Slow    FDRE/C   n/a            0.500         5.000       4.500      SLICE_X0Y40    counter_reg[10]/C
High Pulse Width  Fast    FDRE/C   n/a            0.500         5.000       4.500      SLICE_X0Y40    counter_reg[10]/C
High Pulse Width  Slow    FDRE/C   n/a            0.500         5.000       4.500      SLICE_X2Y40    counter_reg[11]/C
High Pulse Width  Fast    FDRE/C   n/a            0.500         5.000       4.500      SLICE_X2Y40    counter_reg[11]/C
High Pulse Width  Slow    FDRE/C   n/a            0.500         5.000       4.500      SLICE_X0Y40    counter_reg[12]/C
High Pulse Width  Fast    FDRE/C   n/a            0.500         5.000       4.500      SLICE_X0Y40    counter_reg[12]/C
High Pulse Width  Slow    FDRE/C   n/a            0.500         5.000       4.500      SLICE_X0Y41    counter_reg[13]/C
High Pulse Width  Fast    FDRE/C   n/a            0.500         5.000       4.500      SLICE_X0Y41    counter_reg[13]/C



--------------------------------------------------------------------------------------
Path Group:  (none)
From Clock:  sys_clk_pin
  To Clock:  

Max Delay             1 Endpoint
Min Delay             1 Endpoint
--------------------------------------------------------------------------------------


Max Delay Paths
--------------------------------------------------------------------------------------
Slack:                    inf
  Source:                 square_wave_state_reg/C
                            (rising edge-triggered cell FDRE clocked by sys_clk_pin  {rise@0.000ns fall@5.000ns period=10.000ns})
  Destination:            square_wave_out
                            (output port)
  Path Group:             (none)
  Path Type:              Max at Slow Process Corner
  Data Path Delay:        5.720ns  (logic 4.033ns (70.498%)  route 1.688ns (29.502%))
  Logic Levels:           1  (OBUF=1)
  Clock Uncertainty:      0.025ns  ((TSJ^2 + TIJ^2)^1/2 + DJ) / 2 + PE
    Total System Jitter     (TSJ):    0.050ns
    Total Input Jitter      (TIJ):    0.000ns
    Discrete Jitter          (DJ):    0.000ns
    Phase Error              (PE):    0.000ns

    Location             Delay type                Incr(ns)  Path(ns)    Netlist Resource(s)
  -------------------------------------------------------------------    -------------------
                         (clock sys_clk_pin rise edge)
                                                      0.000     0.000 r  
    R2                                                0.000     0.000 r  CLK100MHZ (IN)
                         net (fo=0)                   0.000     0.000    CLK100MHZ
    R2                   IBUF (Prop_ibuf_I_O)         0.854     0.854 r  CLK100MHZ_IBUF_inst/O
                         net (fo=1, routed)           1.967     2.821    CLK100MHZ_IBUF
    BUFGCTRL_X0Y0        BUFG (Prop_bufg_I_O)         0.096     2.917 r  CLK100MHZ_IBUF_BUFG_inst/O
                         net (fo=33, routed)          1.637     4.554    CLK100MHZ_IBUF_BUFG
    SLICE_X2Y41          FDRE                                         r  square_wave_state_reg/C
  -------------------------------------------------------------------    -------------------
    SLICE_X2Y41          FDRE (Prop_fdre_C_Q)         0.518     5.072 r  square_wave_state_reg/Q
                         net (fo=2, routed)           1.688     6.760    square_wave_out_OBUF
    L17                  OBUF (Prop_obuf_I_O)         3.515    10.274 r  square_wave_out_OBUF_inst/O
                         net (fo=0)                   0.000    10.274    square_wave_out
    L17                                                               r  square_wave_out (OUT)
  -------------------------------------------------------------------    -------------------





Min Delay Paths
--------------------------------------------------------------------------------------
Slack:                    inf
  Source:                 square_wave_state_reg/C
                            (rising edge-triggered cell FDRE clocked by sys_clk_pin  {rise@0.000ns fall@5.000ns period=10.000ns})
  Destination:            square_wave_out
                            (output port)
  Path Group:             (none)
  Path Type:              Min at Fast Process Corner
  Data Path Delay:        1.716ns  (logic 1.380ns (80.389%)  route 0.337ns (19.611%))
  Logic Levels:           1  (OBUF=1)
  Clock Uncertainty:      0.025ns  ((TSJ^2 + TIJ^2)^1/2 + DJ) / 2 + PE
    Total System Jitter     (TSJ):    0.050ns
    Total Input Jitter      (TIJ):    0.000ns
    Discrete Jitter          (DJ):    0.000ns
    Phase Error              (PE):    0.000ns

    Location             Delay type                Incr(ns)  Path(ns)    Netlist Resource(s)
  -------------------------------------------------------------------    -------------------
                         (clock sys_clk_pin rise edge)
                                                      0.000     0.000 r  
    R2                                                0.000     0.000 r  CLK100MHZ (IN)
                         net (fo=0)                   0.000     0.000    CLK100MHZ
    R2                   IBUF (Prop_ibuf_I_O)         0.320     0.320 r  CLK100MHZ_IBUF_inst/O
                         net (fo=1, routed)           0.631     0.951    CLK100MHZ_IBUF
    BUFGCTRL_X0Y0        BUFG (Prop_bufg_I_O)         0.026     0.977 r  CLK100MHZ_IBUF_BUFG_inst/O
                         net (fo=33, routed)          0.594     1.570    CLK100MHZ_IBUF_BUFG
    SLICE_X2Y41          FDRE                                         r  square_wave_state_reg/C
  -------------------------------------------------------------------    -------------------
    SLICE_X2Y41          FDRE (Prop_fdre_C_Q)         0.164     1.734 r  square_wave_state_reg/Q
                         net (fo=2, routed)           0.337     2.071    square_wave_out_OBUF
    L17                  OBUF (Prop_obuf_I_O)         1.216     3.286 r  square_wave_out_OBUF_inst/O
                         net (fo=0)                   0.000     3.286    square_wave_out
    L17                                                               r  square_wave_out (OUT)
  -------------------------------------------------------------------    -------------------





--------------------------------------------------------------------------------------
Path Group:  (none)
From Clock:  
  To Clock:  sys_clk_pin

Max Delay            33 Endpoints
Min Delay            33 Endpoints
--------------------------------------------------------------------------------------


Max Delay Paths
--------------------------------------------------------------------------------------
Slack:                    inf
  Source:                 switch
                            (input port)
  Destination:            counter_reg[0]/R
                            (rising edge-triggered cell FDRE clocked by sys_clk_pin  {rise@0.000ns fall@5.000ns period=10.000ns})
  Path Group:             (none)
  Path Type:              Setup (Max at Slow Process Corner)
  Data Path Delay:        5.064ns  (logic 1.571ns (31.015%)  route 3.494ns (68.985%))
  Logic Levels:           2  (IBUF=1 LUT1=1)
  Clock Path Skew:        4.284ns (DCD - SCD + CPR)
    Destination Clock Delay (DCD):    4.284ns
    Source Clock Delay      (SCD):    0.000ns
    Clock Pessimism Removal (CPR):    0.000ns
  Clock Uncertainty:      0.025ns  ((TSJ^2 + TIJ^2)^1/2 + DJ) / 2 + PE
    Total System Jitter     (TSJ):    0.050ns
    Total Input Jitter      (TIJ):    0.000ns
    Discrete Jitter          (DJ):    0.000ns
    Phase Error              (PE):    0.000ns

    Location             Delay type                Incr(ns)  Path(ns)    Netlist Resource(s)
  -------------------------------------------------------------------    -------------------
    H14                                               0.000     0.000 f  switch (IN)
                         net (fo=0)                   0.000     0.000    switch
    H14                  IBUF (Prop_ibuf_I_O)         1.447     1.447 f  switch_IBUF_inst/O
                         net (fo=1, routed)           1.623     3.069    switch_IBUF
    SLICE_X0Y46          LUT1 (Prop_lut1_I0_O)        0.124     3.193 r  counter[31]_i_1/O
                         net (fo=33, routed)          1.871     5.064    p_0_in
    SLICE_X2Y38          FDRE                                         r  counter_reg[0]/R
  -------------------------------------------------------------------    -------------------

                         (clock sys_clk_pin rise edge)
                                                      0.000     0.000 r  
    R2                                                0.000     0.000 r  CLK100MHZ (IN)
                         net (fo=0)                   0.000     0.000    CLK100MHZ
    R2                   IBUF (Prop_ibuf_I_O)         0.814     0.814 r  CLK100MHZ_IBUF_inst/O
                         net (fo=1, routed)           1.862     2.676    CLK100MHZ_IBUF
    BUFGCTRL_X0Y0        BUFG (Prop_bufg_I_O)         0.091     2.767 r  CLK100MHZ_IBUF_BUFG_inst/O
                         net (fo=33, routed)          1.516     4.284    CLK100MHZ_IBUF_BUFG
    SLICE_X2Y38          FDRE                                         r  counter_reg[0]/C

Slack:                    inf
  Source:                 switch
                            (input port)
  Destination:            counter_reg[1]/R
                            (rising edge-triggered cell FDRE clocked by sys_clk_pin  {rise@0.000ns fall@5.000ns period=10.000ns})
  Path Group:             (none)
  Path Type:              Setup (Max at Slow Process Corner)
  Data Path Delay:        5.064ns  (logic 1.571ns (31.015%)  route 3.494ns (68.985%))
  Logic Levels:           2  (IBUF=1 LUT1=1)
  Clock Path Skew:        4.284ns (DCD - SCD + CPR)
    Destination Clock Delay (DCD):    4.284ns
    Source Clock Delay      (SCD):    0.000ns
    Clock Pessimism Removal (CPR):    0.000ns
  Clock Uncertainty:      0.025ns  ((TSJ^2 + TIJ^2)^1/2 + DJ) / 2 + PE
    Total System Jitter     (TSJ):    0.050ns
    Total Input Jitter      (TIJ):    0.000ns
    Discrete Jitter          (DJ):    0.000ns
    Phase Error              (PE):    0.000ns

    Location             Delay type                Incr(ns)  Path(ns)    Netlist Resource(s)
  -------------------------------------------------------------------    -------------------
    H14                                               0.000     0.000 f  switch (IN)
                         net (fo=0)                   0.000     0.000    switch
    H14                  IBUF (Prop_ibuf_I_O)         1.447     1.447 f  switch_IBUF_inst/O
                         net (fo=1, routed)           1.623     3.069    switch_IBUF
    SLICE_X0Y46          LUT1 (Prop_lut1_I0_O)        0.124     3.193 r  counter[31]_i_1/O
                         net (fo=33, routed)          1.871     5.064    p_0_in
    SLICE_X2Y38          FDRE                                         r  counter_reg[1]/R
  -------------------------------------------------------------------    -------------------

                         (clock sys_clk_pin rise edge)
                                                      0.000     0.000 r  
    R2                                                0.000     0.000 r  CLK100MHZ (IN)
                         net (fo=0)                   0.000     0.000    CLK100MHZ
    R2                   IBUF (Prop_ibuf_I_O)         0.814     0.814 r  CLK100MHZ_IBUF_inst/O
                         net (fo=1, routed)           1.862     2.676    CLK100MHZ_IBUF
    BUFGCTRL_X0Y0        BUFG (Prop_bufg_I_O)         0.091     2.767 r  CLK100MHZ_IBUF_BUFG_inst/O
                         net (fo=33, routed)          1.516     4.284    CLK100MHZ_IBUF_BUFG
    SLICE_X2Y38          FDRE                                         r  counter_reg[1]/C

Slack:                    inf
  Source:                 switch
                            (input port)
  Destination:            counter_reg[2]/R
                            (rising edge-triggered cell FDRE clocked by sys_clk_pin  {rise@0.000ns fall@5.000ns period=10.000ns})
  Path Group:             (none)
  Path Type:              Setup (Max at Slow Process Corner)
  Data Path Delay:        4.946ns  (logic 1.571ns (31.759%)  route 3.375ns (68.241%))
  Logic Levels:           2  (IBUF=1 LUT1=1)
  Clock Path Skew:        4.284ns (DCD - SCD + CPR)
    Destination Clock Delay (DCD):    4.284ns
    Source Clock Delay      (SCD):    0.000ns
    Clock Pessimism Removal (CPR):    0.000ns
  Clock Uncertainty:      0.025ns  ((TSJ^2 + TIJ^2)^1/2 + DJ) / 2 + PE
    Total System Jitter     (TSJ):    0.050ns
    Total Input Jitter      (TIJ):    0.000ns
    Discrete Jitter          (DJ):    0.000ns
    Phase Error              (PE):    0.000ns

    Location             Delay type                Incr(ns)  Path(ns)    Netlist Resource(s)
  -------------------------------------------------------------------    -------------------
    H14                                               0.000     0.000 f  switch (IN)
                         net (fo=0)                   0.000     0.000    switch
    H14                  IBUF (Prop_ibuf_I_O)         1.447     1.447 f  switch_IBUF_inst/O
                         net (fo=1, routed)           1.623     3.069    switch_IBUF
    SLICE_X0Y46          LUT1 (Prop_lut1_I0_O)        0.124     3.193 r  counter[31]_i_1/O
                         net (fo=33, routed)          1.752     4.946    p_0_in
    SLICE_X0Y38          FDRE                                         r  counter_reg[2]/R
  -------------------------------------------------------------------    -------------------

                         (clock sys_clk_pin rise edge)
                                                      0.000     0.000 r  
    R2                                                0.000     0.000 r  CLK100MHZ (IN)
                         net (fo=0)                   0.000     0.000    CLK100MHZ
    R2                   IBUF (Prop_ibuf_I_O)         0.814     0.814 r  CLK100MHZ_IBUF_inst/O
                         net (fo=1, routed)           1.862     2.676    CLK100MHZ_IBUF
    BUFGCTRL_X0Y0        BUFG (Prop_bufg_I_O)         0.091     2.767 r  CLK100MHZ_IBUF_BUFG_inst/O
                         net (fo=33, routed)          1.516     4.284    CLK100MHZ_IBUF_BUFG
    SLICE_X0Y38          FDRE                                         r  counter_reg[2]/C

Slack:                    inf
  Source:                 switch
                            (input port)
  Destination:            counter_reg[3]/R
                            (rising edge-triggered cell FDRE clocked by sys_clk_pin  {rise@0.000ns fall@5.000ns period=10.000ns})
  Path Group:             (none)
  Path Type:              Setup (Max at Slow Process Corner)
  Data Path Delay:        4.946ns  (logic 1.571ns (31.759%)  route 3.375ns (68.241%))
  Logic Levels:           2  (IBUF=1 LUT1=1)
  Clock Path Skew:        4.284ns (DCD - SCD + CPR)
    Destination Clock Delay (DCD):    4.284ns
    Source Clock Delay      (SCD):    0.000ns
    Clock Pessimism Removal (CPR):    0.000ns
  Clock Uncertainty:      0.025ns  ((TSJ^2 + TIJ^2)^1/2 + DJ) / 2 + PE
    Total System Jitter     (TSJ):    0.050ns
    Total Input Jitter      (TIJ):    0.000ns
    Discrete Jitter          (DJ):    0.000ns
    Phase Error              (PE):    0.000ns

    Location             Delay type                Incr(ns)  Path(ns)    Netlist Resource(s)
  -------------------------------------------------------------------    -------------------
    H14                                               0.000     0.000 f  switch (IN)
                         net (fo=0)                   0.000     0.000    switch
    H14                  IBUF (Prop_ibuf_I_O)         1.447     1.447 f  switch_IBUF_inst/O
                         net (fo=1, routed)           1.623     3.069    switch_IBUF
    SLICE_X0Y46          LUT1 (Prop_lut1_I0_O)        0.124     3.193 r  counter[31]_i_1/O
                         net (fo=33, routed)          1.752     4.946    p_0_in
    SLICE_X0Y38          FDRE                                         r  counter_reg[3]/R
  -------------------------------------------------------------------    -------------------

                         (clock sys_clk_pin rise edge)
                                                      0.000     0.000 r  
    R2                                                0.000     0.000 r  CLK100MHZ (IN)
                         net (fo=0)                   0.000     0.000    CLK100MHZ
    R2                   IBUF (Prop_ibuf_I_O)         0.814     0.814 r  CLK100MHZ_IBUF_inst/O
                         net (fo=1, routed)           1.862     2.676    CLK100MHZ_IBUF
    BUFGCTRL_X0Y0        BUFG (Prop_bufg_I_O)         0.091     2.767 r  CLK100MHZ_IBUF_BUFG_inst/O
                         net (fo=33, routed)          1.516     4.284    CLK100MHZ_IBUF_BUFG
    SLICE_X0Y38          FDRE                                         r  counter_reg[3]/C

Slack:                    inf
  Source:                 switch
                            (input port)
  Destination:            counter_reg[4]/R
                            (rising edge-triggered cell FDRE clocked by sys_clk_pin  {rise@0.000ns fall@5.000ns period=10.000ns})
  Path Group:             (none)
  Path Type:              Setup (Max at Slow Process Corner)
  Data Path Delay:        4.946ns  (logic 1.571ns (31.759%)  route 3.375ns (68.241%))
  Logic Levels:           2  (IBUF=1 LUT1=1)
  Clock Path Skew:        4.284ns (DCD - SCD + CPR)
    Destination Clock Delay (DCD):    4.284ns
    Source Clock Delay      (SCD):    0.000ns
    Clock Pessimism Removal (CPR):    0.000ns
  Clock Uncertainty:      0.025ns  ((TSJ^2 + TIJ^2)^1/2 + DJ) / 2 + PE
    Total System Jitter     (TSJ):    0.050ns
    Total Input Jitter      (TIJ):    0.000ns
    Discrete Jitter          (DJ):    0.000ns
    Phase Error              (PE):    0.000ns

    Location             Delay type                Incr(ns)  Path(ns)    Netlist Resource(s)
  -------------------------------------------------------------------    -------------------
    H14                                               0.000     0.000 f  switch (IN)
                         net (fo=0)                   0.000     0.000    switch
    H14                  IBUF (Prop_ibuf_I_O)         1.447     1.447 f  switch_IBUF_inst/O
                         net (fo=1, routed)           1.623     3.069    switch_IBUF
    SLICE_X0Y46          LUT1 (Prop_lut1_I0_O)        0.124     3.193 r  counter[31]_i_1/O
                         net (fo=33, routed)          1.752     4.946    p_0_in
    SLICE_X0Y38          FDRE                                         r  counter_reg[4]/R
  -------------------------------------------------------------------    -------------------

                         (clock sys_clk_pin rise edge)
                                                      0.000     0.000 r  
    R2                                                0.000     0.000 r  CLK100MHZ (IN)
                         net (fo=0)                   0.000     0.000    CLK100MHZ
    R2                   IBUF (Prop_ibuf_I_O)         0.814     0.814 r  CLK100MHZ_IBUF_inst/O
                         net (fo=1, routed)           1.862     2.676    CLK100MHZ_IBUF
    BUFGCTRL_X0Y0        BUFG (Prop_bufg_I_O)         0.091     2.767 r  CLK100MHZ_IBUF_BUFG_inst/O
                         net (fo=33, routed)          1.516     4.284    CLK100MHZ_IBUF_BUFG
    SLICE_X0Y38          FDRE                                         r  counter_reg[4]/C

Slack:                    inf
  Source:                 switch
                            (input port)
  Destination:            counter_reg[8]/R
                            (rising edge-triggered cell FDRE clocked by sys_clk_pin  {rise@0.000ns fall@5.000ns period=10.000ns})
  Path Group:             (none)
  Path Type:              Setup (Max at Slow Process Corner)
  Data Path Delay:        4.923ns  (logic 1.571ns (31.903%)  route 3.353ns (68.097%))
  Logic Levels:           2  (IBUF=1 LUT1=1)
  Clock Path Skew:        4.285ns (DCD - SCD + CPR)
    Destination Clock Delay (DCD):    4.285ns
    Source Clock Delay      (SCD):    0.000ns
    Clock Pessimism Removal (CPR):    0.000ns
  Clock Uncertainty:      0.025ns  ((TSJ^2 + TIJ^2)^1/2 + DJ) / 2 + PE
    Total System Jitter     (TSJ):    0.050ns
    Total Input Jitter      (TIJ):    0.000ns
    Discrete Jitter          (DJ):    0.000ns
    Phase Error              (PE):    0.000ns

    Location             Delay type                Incr(ns)  Path(ns)    Netlist Resource(s)
  -------------------------------------------------------------------    -------------------
    H14                                               0.000     0.000 f  switch (IN)
                         net (fo=0)                   0.000     0.000    switch
    H14                  IBUF (Prop_ibuf_I_O)         1.447     1.447 f  switch_IBUF_inst/O
                         net (fo=1, routed)           1.623     3.069    switch_IBUF
    SLICE_X0Y46          LUT1 (Prop_lut1_I0_O)        0.124     3.193 r  counter[31]_i_1/O
                         net (fo=33, routed)          1.730     4.923    p_0_in
    SLICE_X2Y39          FDRE                                         r  counter_reg[8]/R
  -------------------------------------------------------------------    -------------------

                         (clock sys_clk_pin rise edge)
                                                      0.000     0.000 r  
    R2                                                0.000     0.000 r  CLK100MHZ (IN)
                         net (fo=0)                   0.000     0.000    CLK100MHZ
    R2                   IBUF (Prop_ibuf_I_O)         0.814     0.814 r  CLK100MHZ_IBUF_inst/O
                         net (fo=1, routed)           1.862     2.676    CLK100MHZ_IBUF
    BUFGCTRL_X0Y0        BUFG (Prop_bufg_I_O)         0.091     2.767 r  CLK100MHZ_IBUF_BUFG_inst/O
                         net (fo=33, routed)          1.517     4.285    CLK100MHZ_IBUF_BUFG
    SLICE_X2Y39          FDRE                                         r  counter_reg[8]/C

Slack:                    inf
  Source:                 switch
                            (input port)
  Destination:            counter_reg[5]/R
                            (rising edge-triggered cell FDRE clocked by sys_clk_pin  {rise@0.000ns fall@5.000ns period=10.000ns})
  Path Group:             (none)
  Path Type:              Setup (Max at Slow Process Corner)
  Data Path Delay:        4.903ns  (logic 1.571ns (32.033%)  route 3.333ns (67.967%))
  Logic Levels:           2  (IBUF=1 LUT1=1)
  Clock Path Skew:        4.285ns (DCD - SCD + CPR)
    Destination Clock Delay (DCD):    4.285ns
    Source Clock Delay      (SCD):    0.000ns
    Clock Pessimism Removal (CPR):    0.000ns
  Clock Uncertainty:      0.025ns  ((TSJ^2 + TIJ^2)^1/2 + DJ) / 2 + PE
    Total System Jitter     (TSJ):    0.050ns
    Total Input Jitter      (TIJ):    0.000ns
    Discrete Jitter          (DJ):    0.000ns
    Phase Error              (PE):    0.000ns

    Location             Delay type                Incr(ns)  Path(ns)    Netlist Resource(s)
  -------------------------------------------------------------------    -------------------
    H14                                               0.000     0.000 f  switch (IN)
                         net (fo=0)                   0.000     0.000    switch
    H14                  IBUF (Prop_ibuf_I_O)         1.447     1.447 f  switch_IBUF_inst/O
                         net (fo=1, routed)           1.623     3.069    switch_IBUF
    SLICE_X0Y46          LUT1 (Prop_lut1_I0_O)        0.124     3.193 r  counter[31]_i_1/O
                         net (fo=33, routed)          1.710     4.903    p_0_in
    SLICE_X0Y39          FDRE                                         r  counter_reg[5]/R
  -------------------------------------------------------------------    -------------------

                         (clock sys_clk_pin rise edge)
                                                      0.000     0.000 r  
    R2                                                0.000     0.000 r  CLK100MHZ (IN)
                         net (fo=0)                   0.000     0.000    CLK100MHZ
    R2                   IBUF (Prop_ibuf_I_O)         0.814     0.814 r  CLK100MHZ_IBUF_inst/O
                         net (fo=1, routed)           1.862     2.676    CLK100MHZ_IBUF
    BUFGCTRL_X0Y0        BUFG (Prop_bufg_I_O)         0.091     2.767 r  CLK100MHZ_IBUF_BUFG_inst/O
                         net (fo=33, routed)          1.517     4.285    CLK100MHZ_IBUF_BUFG
    SLICE_X0Y39          FDRE                                         r  counter_reg[5]/C

Slack:                    inf
  Source:                 switch
                            (input port)
  Destination:            counter_reg[6]/R
                            (rising edge-triggered cell FDRE clocked by sys_clk_pin  {rise@0.000ns fall@5.000ns period=10.000ns})
  Path Group:             (none)
  Path Type:              Setup (Max at Slow Process Corner)
  Data Path Delay:        4.903ns  (logic 1.571ns (32.033%)  route 3.333ns (67.967%))
  Logic Levels:           2  (IBUF=1 LUT1=1)
  Clock Path Skew:        4.285ns (DCD - SCD + CPR)
    Destination Clock Delay (DCD):    4.285ns
    Source Clock Delay      (SCD):    0.000ns
    Clock Pessimism Removal (CPR):    0.000ns
  Clock Uncertainty:      0.025ns  ((TSJ^2 + TIJ^2)^1/2 + DJ) / 2 + PE
    Total System Jitter     (TSJ):    0.050ns
    Total Input Jitter      (TIJ):    0.000ns
    Discrete Jitter          (DJ):    0.000ns
    Phase Error              (PE):    0.000ns

    Location             Delay type                Incr(ns)  Path(ns)    Netlist Resource(s)
  -------------------------------------------------------------------    -------------------
    H14                                               0.000     0.000 f  switch (IN)
                         net (fo=0)                   0.000     0.000    switch
    H14                  IBUF (Prop_ibuf_I_O)         1.447     1.447 f  switch_IBUF_inst/O
                         net (fo=1, routed)           1.623     3.069    switch_IBUF
    SLICE_X0Y46          LUT1 (Prop_lut1_I0_O)        0.124     3.193 r  counter[31]_i_1/O
                         net (fo=33, routed)          1.710     4.903    p_0_in
    SLICE_X0Y39          FDRE                                         r  counter_reg[6]/R
  -------------------------------------------------------------------    -------------------

                         (clock sys_clk_pin rise edge)
                                                      0.000     0.000 r  
    R2                                                0.000     0.000 r  CLK100MHZ (IN)
                         net (fo=0)                   0.000     0.000    CLK100MHZ
    R2                   IBUF (Prop_ibuf_I_O)         0.814     0.814 r  CLK100MHZ_IBUF_inst/O
                         net (fo=1, routed)           1.862     2.676    CLK100MHZ_IBUF
    BUFGCTRL_X0Y0        BUFG (Prop_bufg_I_O)         0.091     2.767 r  CLK100MHZ_IBUF_BUFG_inst/O
                         net (fo=33, routed)          1.517     4.285    CLK100MHZ_IBUF_BUFG
    SLICE_X0Y39          FDRE                                         r  counter_reg[6]/C

Slack:                    inf
  Source:                 switch
                            (input port)
  Destination:            counter_reg[7]/R
                            (rising edge-triggered cell FDRE clocked by sys_clk_pin  {rise@0.000ns fall@5.000ns period=10.000ns})
  Path Group:             (none)
  Path Type:              Setup (Max at Slow Process Corner)
  Data Path Delay:        4.903ns  (logic 1.571ns (32.033%)  route 3.333ns (67.967%))
  Logic Levels:           2  (IBUF=1 LUT1=1)
  Clock Path Skew:        4.285ns (DCD - SCD + CPR)
    Destination Clock Delay (DCD):    4.285ns
    Source Clock Delay      (SCD):    0.000ns
    Clock Pessimism Removal (CPR):    0.000ns
  Clock Uncertainty:      0.025ns  ((TSJ^2 + TIJ^2)^1/2 + DJ) / 2 + PE
    Total System Jitter     (TSJ):    0.050ns
    Total Input Jitter      (TIJ):    0.000ns
    Discrete Jitter          (DJ):    0.000ns
    Phase Error              (PE):    0.000ns

    Location             Delay type                Incr(ns)  Path(ns)    Netlist Resource(s)
  -------------------------------------------------------------------    -------------------
    H14                                               0.000     0.000 f  switch (IN)
                         net (fo=0)                   0.000     0.000    switch
    H14                  IBUF (Prop_ibuf_I_O)         1.447     1.447 f  switch_IBUF_inst/O
                         net (fo=1, routed)           1.623     3.069    switch_IBUF
    SLICE_X0Y46          LUT1 (Prop_lut1_I0_O)        0.124     3.193 r  counter[31]_i_1/O
                         net (fo=33, routed)          1.710     4.903    p_0_in
    SLICE_X0Y39          FDRE                                         r  counter_reg[7]/R
  -------------------------------------------------------------------    -------------------

                         (clock sys_clk_pin rise edge)
                                                      0.000     0.000 r  
    R2                                                0.000     0.000 r  CLK100MHZ (IN)
                         net (fo=0)                   0.000     0.000    CLK100MHZ
    R2                   IBUF (Prop_ibuf_I_O)         0.814     0.814 r  CLK100MHZ_IBUF_inst/O
                         net (fo=1, routed)           1.862     2.676    CLK100MHZ_IBUF
    BUFGCTRL_X0Y0        BUFG (Prop_bufg_I_O)         0.091     2.767 r  CLK100MHZ_IBUF_BUFG_inst/O
                         net (fo=33, routed)          1.517     4.285    CLK100MHZ_IBUF_BUFG
    SLICE_X0Y39          FDRE                                         r  counter_reg[7]/C

Slack:                    inf
  Source:                 switch
                            (input port)
  Destination:            counter_reg[11]/R
                            (rising edge-triggered cell FDRE clocked by sys_clk_pin  {rise@0.000ns fall@5.000ns period=10.000ns})
  Path Group:             (none)
  Path Type:              Setup (Max at Slow Process Corner)
  Data Path Delay:        4.763ns  (logic 1.571ns (32.979%)  route 3.192ns (67.021%))
  Logic Levels:           2  (IBUF=1 LUT1=1)
  Clock Path Skew:        4.285ns (DCD - SCD + CPR)
    Destination Clock Delay (DCD):    4.285ns
    Source Clock Delay      (SCD):    0.000ns
    Clock Pessimism Removal (CPR):    0.000ns
  Clock Uncertainty:      0.025ns  ((TSJ^2 + TIJ^2)^1/2 + DJ) / 2 + PE
    Total System Jitter     (TSJ):    0.050ns
    Total Input Jitter      (TIJ):    0.000ns
    Discrete Jitter          (DJ):    0.000ns
    Phase Error              (PE):    0.000ns

    Location             Delay type                Incr(ns)  Path(ns)    Netlist Resource(s)
  -------------------------------------------------------------------    -------------------
    H14                                               0.000     0.000 f  switch (IN)
                         net (fo=0)                   0.000     0.000    switch
    H14                  IBUF (Prop_ibuf_I_O)         1.447     1.447 f  switch_IBUF_inst/O
                         net (fo=1, routed)           1.623     3.069    switch_IBUF
    SLICE_X0Y46          LUT1 (Prop_lut1_I0_O)        0.124     3.193 r  counter[31]_i_1/O
                         net (fo=33, routed)          1.569     4.763    p_0_in
    SLICE_X2Y40          FDRE                                         r  counter_reg[11]/R
  -------------------------------------------------------------------    -------------------

                         (clock sys_clk_pin rise edge)
                                                      0.000     0.000 r  
    R2                                                0.000     0.000 r  CLK100MHZ (IN)
                         net (fo=0)                   0.000     0.000    CLK100MHZ
    R2                   IBUF (Prop_ibuf_I_O)         0.814     0.814 r  CLK100MHZ_IBUF_inst/O
                         net (fo=1, routed)           1.862     2.676    CLK100MHZ_IBUF
    BUFGCTRL_X0Y0        BUFG (Prop_bufg_I_O)         0.091     2.767 r  CLK100MHZ_IBUF_BUFG_inst/O
                         net (fo=33, routed)          1.517     4.285    CLK100MHZ_IBUF_BUFG
    SLICE_X2Y40          FDRE                                         r  counter_reg[11]/C





Min Delay Paths
--------------------------------------------------------------------------------------
Slack:                    inf
  Source:                 switch
                            (input port)
  Destination:            counter_reg[29]/R
                            (rising edge-triggered cell FDRE clocked by sys_clk_pin  {rise@0.000ns fall@5.000ns period=10.000ns})
  Path Group:             (none)
  Path Type:              Hold (Min at Fast Process Corner)
  Data Path Delay:        1.300ns  (logic 0.260ns (19.989%)  route 1.040ns (80.011%))
  Logic Levels:           2  (IBUF=1 LUT1=1)
  Clock Path Skew:        1.929ns (DCD - SCD - CPR)
    Destination Clock Delay (DCD):    1.929ns
    Source Clock Delay      (SCD):    0.000ns
    Clock Pessimism Removal (CPR):    -0.000ns

    Location             Delay type                Incr(ns)  Path(ns)    Netlist Resource(s)
  -------------------------------------------------------------------    -------------------
    H14                                               0.000     0.000 f  switch (IN)
                         net (fo=0)                   0.000     0.000    switch
    H14                  IBUF (Prop_ibuf_I_O)         0.215     0.215 f  switch_IBUF_inst/O
                         net (fo=1, routed)           0.635     0.850    switch_IBUF
    SLICE_X0Y46          LUT1 (Prop_lut1_I0_O)        0.045     0.895 r  counter[31]_i_1/O
                         net (fo=33, routed)          0.405     1.300    p_0_in
    SLICE_X0Y45          FDRE                                         r  counter_reg[29]/R
  -------------------------------------------------------------------    -------------------

                         (clock sys_clk_pin rise edge)
                                                      0.000     0.000 r  
    R2                                                0.000     0.000 r  CLK100MHZ (IN)
                         net (fo=0)                   0.000     0.000    CLK100MHZ
    R2                   IBUF (Prop_ibuf_I_O)         0.350     0.350 r  CLK100MHZ_IBUF_inst/O
                         net (fo=1, routed)           0.685     1.035    CLK100MHZ_IBUF
    BUFGCTRL_X0Y0        BUFG (Prop_bufg_I_O)         0.029     1.064 r  CLK100MHZ_IBUF_BUFG_inst/O
                         net (fo=33, routed)          0.866     1.929    CLK100MHZ_IBUF_BUFG
    SLICE_X0Y45          FDRE                                         r  counter_reg[29]/C

Slack:                    inf
  Source:                 switch
                            (input port)
  Destination:            counter_reg[30]/R
                            (rising edge-triggered cell FDRE clocked by sys_clk_pin  {rise@0.000ns fall@5.000ns period=10.000ns})
  Path Group:             (none)
  Path Type:              Hold (Min at Fast Process Corner)
  Data Path Delay:        1.300ns  (logic 0.260ns (19.989%)  route 1.040ns (80.011%))
  Logic Levels:           2  (IBUF=1 LUT1=1)
  Clock Path Skew:        1.929ns (DCD - SCD - CPR)
    Destination Clock Delay (DCD):    1.929ns
    Source Clock Delay      (SCD):    0.000ns
    Clock Pessimism Removal (CPR):    -0.000ns

    Location             Delay type                Incr(ns)  Path(ns)    Netlist Resource(s)
  -------------------------------------------------------------------    -------------------
    H14                                               0.000     0.000 f  switch (IN)
                         net (fo=0)                   0.000     0.000    switch
    H14                  IBUF (Prop_ibuf_I_O)         0.215     0.215 f  switch_IBUF_inst/O
                         net (fo=1, routed)           0.635     0.850    switch_IBUF
    SLICE_X0Y46          LUT1 (Prop_lut1_I0_O)        0.045     0.895 r  counter[31]_i_1/O
                         net (fo=33, routed)          0.405     1.300    p_0_in
    SLICE_X0Y45          FDRE                                         r  counter_reg[30]/R
  -------------------------------------------------------------------    -------------------

                         (clock sys_clk_pin rise edge)
                                                      0.000     0.000 r  
    R2                                                0.000     0.000 r  CLK100MHZ (IN)
                         net (fo=0)                   0.000     0.000    CLK100MHZ
    R2                   IBUF (Prop_ibuf_I_O)         0.350     0.350 r  CLK100MHZ_IBUF_inst/O
                         net (fo=1, routed)           0.685     1.035    CLK100MHZ_IBUF
    BUFGCTRL_X0Y0        BUFG (Prop_bufg_I_O)         0.029     1.064 r  CLK100MHZ_IBUF_BUFG_inst/O
                         net (fo=33, routed)          0.866     1.929    CLK100MHZ_IBUF_BUFG
    SLICE_X0Y45          FDRE                                         r  counter_reg[30]/C

Slack:                    inf
  Source:                 switch
                            (input port)
  Destination:            counter_reg[31]/R
                            (rising edge-triggered cell FDRE clocked by sys_clk_pin  {rise@0.000ns fall@5.000ns period=10.000ns})
  Path Group:             (none)
  Path Type:              Hold (Min at Fast Process Corner)
  Data Path Delay:        1.300ns  (logic 0.260ns (19.989%)  route 1.040ns (80.011%))
  Logic Levels:           2  (IBUF=1 LUT1=1)
  Clock Path Skew:        1.929ns (DCD - SCD - CPR)
    Destination Clock Delay (DCD):    1.929ns
    Source Clock Delay      (SCD):    0.000ns
    Clock Pessimism Removal (CPR):    -0.000ns

    Location             Delay type                Incr(ns)  Path(ns)    Netlist Resource(s)
  -------------------------------------------------------------------    -------------------
    H14                                               0.000     0.000 f  switch (IN)
                         net (fo=0)                   0.000     0.000    switch
    H14                  IBUF (Prop_ibuf_I_O)         0.215     0.215 f  switch_IBUF_inst/O
                         net (fo=1, routed)           0.635     0.850    switch_IBUF
    SLICE_X0Y46          LUT1 (Prop_lut1_I0_O)        0.045     0.895 r  counter[31]_i_1/O
                         net (fo=33, routed)          0.405     1.300    p_0_in
    SLICE_X0Y45          FDRE                                         r  counter_reg[31]/R
  -------------------------------------------------------------------    -------------------

                         (clock sys_clk_pin rise edge)
                                                      0.000     0.000 r  
    R2                                                0.000     0.000 r  CLK100MHZ (IN)
                         net (fo=0)                   0.000     0.000    CLK100MHZ
    R2                   IBUF (Prop_ibuf_I_O)         0.350     0.350 r  CLK100MHZ_IBUF_inst/O
                         net (fo=1, routed)           0.685     1.035    CLK100MHZ_IBUF
    BUFGCTRL_X0Y0        BUFG (Prop_bufg_I_O)         0.029     1.064 r  CLK100MHZ_IBUF_BUFG_inst/O
                         net (fo=33, routed)          0.866     1.929    CLK100MHZ_IBUF_BUFG
    SLICE_X0Y45          FDRE                                         r  counter_reg[31]/C

Slack:                    inf
  Source:                 switch
                            (input port)
  Destination:            counter_reg[28]/R
                            (rising edge-triggered cell FDRE clocked by sys_clk_pin  {rise@0.000ns fall@5.000ns period=10.000ns})
  Path Group:             (none)
  Path Type:              Hold (Min at Fast Process Corner)
  Data Path Delay:        1.346ns  (logic 0.260ns (19.306%)  route 1.086ns (80.694%))
  Logic Levels:           2  (IBUF=1 LUT1=1)
  Clock Path Skew:        1.929ns (DCD - SCD - CPR)
    Destination Clock Delay (DCD):    1.929ns
    Source Clock Delay      (SCD):    0.000ns
    Clock Pessimism Removal (CPR):    -0.000ns

    Location             Delay type                Incr(ns)  Path(ns)    Netlist Resource(s)
  -------------------------------------------------------------------    -------------------
    H14                                               0.000     0.000 f  switch (IN)
                         net (fo=0)                   0.000     0.000    switch
    H14                  IBUF (Prop_ibuf_I_O)         0.215     0.215 f  switch_IBUF_inst/O
                         net (fo=1, routed)           0.635     0.850    switch_IBUF
    SLICE_X0Y46          LUT1 (Prop_lut1_I0_O)        0.045     0.895 r  counter[31]_i_1/O
                         net (fo=33, routed)          0.451     1.346    p_0_in
    SLICE_X2Y44          FDRE                                         r  counter_reg[28]/R
  -------------------------------------------------------------------    -------------------

                         (clock sys_clk_pin rise edge)
                                                      0.000     0.000 r  
    R2                                                0.000     0.000 r  CLK100MHZ (IN)
                         net (fo=0)                   0.000     0.000    CLK100MHZ
    R2                   IBUF (Prop_ibuf_I_O)         0.350     0.350 r  CLK100MHZ_IBUF_inst/O
                         net (fo=1, routed)           0.685     1.035    CLK100MHZ_IBUF
    BUFGCTRL_X0Y0        BUFG (Prop_bufg_I_O)         0.029     1.064 r  CLK100MHZ_IBUF_BUFG_inst/O
                         net (fo=33, routed)          0.866     1.929    CLK100MHZ_IBUF_BUFG
    SLICE_X2Y44          FDRE                                         r  counter_reg[28]/C

Slack:                    inf
  Source:                 switch
                            (input port)
  Destination:            counter_reg[25]/R
                            (rising edge-triggered cell FDRE clocked by sys_clk_pin  {rise@0.000ns fall@5.000ns period=10.000ns})
  Path Group:             (none)
  Path Type:              Hold (Min at Fast Process Corner)
  Data Path Delay:        1.364ns  (logic 0.260ns (19.055%)  route 1.104ns (80.945%))
  Logic Levels:           2  (IBUF=1 LUT1=1)
  Clock Path Skew:        1.929ns (DCD - SCD - CPR)
    Destination Clock Delay (DCD):    1.929ns
    Source Clock Delay      (SCD):    0.000ns
    Clock Pessimism Removal (CPR):    -0.000ns

    Location             Delay type                Incr(ns)  Path(ns)    Netlist Resource(s)
  -------------------------------------------------------------------    -------------------
    H14                                               0.000     0.000 f  switch (IN)
                         net (fo=0)                   0.000     0.000    switch
    H14                  IBUF (Prop_ibuf_I_O)         0.215     0.215 f  switch_IBUF_inst/O
                         net (fo=1, routed)           0.635     0.850    switch_IBUF
    SLICE_X0Y46          LUT1 (Prop_lut1_I0_O)        0.045     0.895 r  counter[31]_i_1/O
                         net (fo=33, routed)          0.469     1.364    p_0_in
    SLICE_X0Y44          FDRE                                         r  counter_reg[25]/R
  -------------------------------------------------------------------    -------------------

                         (clock sys_clk_pin rise edge)
                                                      0.000     0.000 r  
    R2                                                0.000     0.000 r  CLK100MHZ (IN)
                         net (fo=0)                   0.000     0.000    CLK100MHZ
    R2                   IBUF (Prop_ibuf_I_O)         0.350     0.350 r  CLK100MHZ_IBUF_inst/O
                         net (fo=1, routed)           0.685     1.035    CLK100MHZ_IBUF
    BUFGCTRL_X0Y0        BUFG (Prop_bufg_I_O)         0.029     1.064 r  CLK100MHZ_IBUF_BUFG_inst/O
                         net (fo=33, routed)          0.866     1.929    CLK100MHZ_IBUF_BUFG
    SLICE_X0Y44          FDRE                                         r  counter_reg[25]/C

Slack:                    inf
  Source:                 switch
                            (input port)
  Destination:            counter_reg[26]/R
                            (rising edge-triggered cell FDRE clocked by sys_clk_pin  {rise@0.000ns fall@5.000ns period=10.000ns})
  Path Group:             (none)
  Path Type:              Hold (Min at Fast Process Corner)
  Data Path Delay:        1.364ns  (logic 0.260ns (19.055%)  route 1.104ns (80.945%))
  Logic Levels:           2  (IBUF=1 LUT1=1)
  Clock Path Skew:        1.929ns (DCD - SCD - CPR)
    Destination Clock Delay (DCD):    1.929ns
    Source Clock Delay      (SCD):    0.000ns
    Clock Pessimism Removal (CPR):    -0.000ns

    Location             Delay type                Incr(ns)  Path(ns)    Netlist Resource(s)
  -------------------------------------------------------------------    -------------------
    H14                                               0.000     0.000 f  switch (IN)
                         net (fo=0)                   0.000     0.000    switch
    H14                  IBUF (Prop_ibuf_I_O)         0.215     0.215 f  switch_IBUF_inst/O
                         net (fo=1, routed)           0.635     0.850    switch_IBUF
    SLICE_X0Y46          LUT1 (Prop_lut1_I0_O)        0.045     0.895 r  counter[31]_i_1/O
                         net (fo=33, routed)          0.469     1.364    p_0_in
    SLICE_X0Y44          FDRE                                         r  counter_reg[26]/R
  -------------------------------------------------------------------    -------------------

                         (clock sys_clk_pin rise edge)
                                                      0.000     0.000 r  
    R2                                                0.000     0.000 r  CLK100MHZ (IN)
                         net (fo=0)                   0.000     0.000    CLK100MHZ
    R2                   IBUF (Prop_ibuf_I_O)         0.350     0.350 r  CLK100MHZ_IBUF_inst/O
                         net (fo=1, routed)           0.685     1.035    CLK100MHZ_IBUF
    BUFGCTRL_X0Y0        BUFG (Prop_bufg_I_O)         0.029     1.064 r  CLK100MHZ_IBUF_BUFG_inst/O
                         net (fo=33, routed)          0.866     1.929    CLK100MHZ_IBUF_BUFG
    SLICE_X0Y44          FDRE                                         r  counter_reg[26]/C

Slack:                    inf
  Source:                 switch
                            (input port)
  Destination:            counter_reg[27]/R
                            (rising edge-triggered cell FDRE clocked by sys_clk_pin  {rise@0.000ns fall@5.000ns period=10.000ns})
  Path Group:             (none)
  Path Type:              Hold (Min at Fast Process Corner)
  Data Path Delay:        1.364ns  (logic 0.260ns (19.055%)  route 1.104ns (80.945%))
  Logic Levels:           2  (IBUF=1 LUT1=1)
  Clock Path Skew:        1.929ns (DCD - SCD - CPR)
    Destination Clock Delay (DCD):    1.929ns
    Source Clock Delay      (SCD):    0.000ns
    Clock Pessimism Removal (CPR):    -0.000ns

    Location             Delay type                Incr(ns)  Path(ns)    Netlist Resource(s)
  -------------------------------------------------------------------    -------------------
    H14                                               0.000     0.000 f  switch (IN)
                         net (fo=0)                   0.000     0.000    switch
    H14                  IBUF (Prop_ibuf_I_O)         0.215     0.215 f  switch_IBUF_inst/O
                         net (fo=1, routed)           0.635     0.850    switch_IBUF
    SLICE_X0Y46          LUT1 (Prop_lut1_I0_O)        0.045     0.895 r  counter[31]_i_1/O
                         net (fo=33, routed)          0.469     1.364    p_0_in
    SLICE_X0Y44          FDRE                                         r  counter_reg[27]/R
  -------------------------------------------------------------------    -------------------

                         (clock sys_clk_pin rise edge)
                                                      0.000     0.000 r  
    R2                                                0.000     0.000 r  CLK100MHZ (IN)
                         net (fo=0)                   0.000     0.000    CLK100MHZ
    R2                   IBUF (Prop_ibuf_I_O)         0.350     0.350 r  CLK100MHZ_IBUF_inst/O
                         net (fo=1, routed)           0.685     1.035    CLK100MHZ_IBUF
    BUFGCTRL_X0Y0        BUFG (Prop_bufg_I_O)         0.029     1.064 r  CLK100MHZ_IBUF_BUFG_inst/O
                         net (fo=33, routed)          0.866     1.929    CLK100MHZ_IBUF_BUFG
    SLICE_X0Y44          FDRE                                         r  counter_reg[27]/C

Slack:                    inf
  Source:                 switch
                            (input port)
  Destination:            counter_reg[24]/R
                            (rising edge-triggered cell FDRE clocked by sys_clk_pin  {rise@0.000ns fall@5.000ns period=10.000ns})
  Path Group:             (none)
  Path Type:              Hold (Min at Fast Process Corner)
  Data Path Delay:        1.410ns  (logic 0.260ns (18.433%)  route 1.150ns (81.567%))
  Logic Levels:           2  (IBUF=1 LUT1=1)
  Clock Path Skew:        1.929ns (DCD - SCD - CPR)
    Destination Clock Delay (DCD):    1.929ns
    Source Clock Delay      (SCD):    0.000ns
    Clock Pessimism Removal (CPR):    -0.000ns

    Location             Delay type                Incr(ns)  Path(ns)    Netlist Resource(s)
  -------------------------------------------------------------------    -------------------
    H14                                               0.000     0.000 f  switch (IN)
                         net (fo=0)                   0.000     0.000    switch
    H14                  IBUF (Prop_ibuf_I_O)         0.215     0.215 f  switch_IBUF_inst/O
                         net (fo=1, routed)           0.635     0.850    switch_IBUF
    SLICE_X0Y46          LUT1 (Prop_lut1_I0_O)        0.045     0.895 r  counter[31]_i_1/O
                         net (fo=33, routed)          0.515     1.410    p_0_in
    SLICE_X2Y43          FDRE                                         r  counter_reg[24]/R
  -------------------------------------------------------------------    -------------------

                         (clock sys_clk_pin rise edge)
                                                      0.000     0.000 r  
    R2                                                0.000     0.000 r  CLK100MHZ (IN)
                         net (fo=0)                   0.000     0.000    CLK100MHZ
    R2                   IBUF (Prop_ibuf_I_O)         0.350     0.350 r  CLK100MHZ_IBUF_inst/O
                         net (fo=1, routed)           0.685     1.035    CLK100MHZ_IBUF
    BUFGCTRL_X0Y0        BUFG (Prop_bufg_I_O)         0.029     1.064 r  CLK100MHZ_IBUF_BUFG_inst/O
                         net (fo=33, routed)          0.866     1.929    CLK100MHZ_IBUF_BUFG
    SLICE_X2Y43          FDRE                                         r  counter_reg[24]/C

Slack:                    inf
  Source:                 switch
                            (input port)
  Destination:            counter_reg[21]/R
                            (rising edge-triggered cell FDRE clocked by sys_clk_pin  {rise@0.000ns fall@5.000ns period=10.000ns})
  Path Group:             (none)
  Path Type:              Hold (Min at Fast Process Corner)
  Data Path Delay:        1.427ns  (logic 0.260ns (18.204%)  route 1.168ns (81.796%))
  Logic Levels:           2  (IBUF=1 LUT1=1)
  Clock Path Skew:        1.929ns (DCD - SCD - CPR)
    Destination Clock Delay (DCD):    1.929ns
    Source Clock Delay      (SCD):    0.000ns
    Clock Pessimism Removal (CPR):    -0.000ns

    Location             Delay type                Incr(ns)  Path(ns)    Netlist Resource(s)
  -------------------------------------------------------------------    -------------------
    H14                                               0.000     0.000 f  switch (IN)
                         net (fo=0)                   0.000     0.000    switch
    H14                  IBUF (Prop_ibuf_I_O)         0.215     0.215 f  switch_IBUF_inst/O
                         net (fo=1, routed)           0.635     0.850    switch_IBUF
    SLICE_X0Y46          LUT1 (Prop_lut1_I0_O)        0.045     0.895 r  counter[31]_i_1/O
                         net (fo=33, routed)          0.533     1.427    p_0_in
    SLICE_X0Y43          FDRE                                         r  counter_reg[21]/R
  -------------------------------------------------------------------    -------------------

                         (clock sys_clk_pin rise edge)
                                                      0.000     0.000 r  
    R2                                                0.000     0.000 r  CLK100MHZ (IN)
                         net (fo=0)                   0.000     0.000    CLK100MHZ
    R2                   IBUF (Prop_ibuf_I_O)         0.350     0.350 r  CLK100MHZ_IBUF_inst/O
                         net (fo=1, routed)           0.685     1.035    CLK100MHZ_IBUF
    BUFGCTRL_X0Y0        BUFG (Prop_bufg_I_O)         0.029     1.064 r  CLK100MHZ_IBUF_BUFG_inst/O
                         net (fo=33, routed)          0.866     1.929    CLK100MHZ_IBUF_BUFG
    SLICE_X0Y43          FDRE                                         r  counter_reg[21]/C

Slack:                    inf
  Source:                 switch
                            (input port)
  Destination:            counter_reg[22]/R
                            (rising edge-triggered cell FDRE clocked by sys_clk_pin  {rise@0.000ns fall@5.000ns period=10.000ns})
  Path Group:             (none)
  Path Type:              Hold (Min at Fast Process Corner)
  Data Path Delay:        1.427ns  (logic 0.260ns (18.204%)  route 1.168ns (81.796%))
  Logic Levels:           2  (IBUF=1 LUT1=1)
  Clock Path Skew:        1.929ns (DCD - SCD - CPR)
    Destination Clock Delay (DCD):    1.929ns
    Source Clock Delay      (SCD):    0.000ns
    Clock Pessimism Removal (CPR):    -0.000ns

    Location             Delay type                Incr(ns)  Path(ns)    Netlist Resource(s)
  -------------------------------------------------------------------    -------------------
    H14                                               0.000     0.000 f  switch (IN)
                         net (fo=0)                   0.000     0.000    switch
    H14                  IBUF (Prop_ibuf_I_O)         0.215     0.215 f  switch_IBUF_inst/O
                         net (fo=1, routed)           0.635     0.850    switch_IBUF
    SLICE_X0Y46          LUT1 (Prop_lut1_I0_O)        0.045     0.895 r  counter[31]_i_1/O
                         net (fo=33, routed)          0.533     1.427    p_0_in
    SLICE_X0Y43          FDRE                                         r  counter_reg[22]/R
  -------------------------------------------------------------------    -------------------

                         (clock sys_clk_pin rise edge)
                                                      0.000     0.000 r  
    R2                                                0.000     0.000 r  CLK100MHZ (IN)
                         net (fo=0)                   0.000     0.000    CLK100MHZ
    R2                   IBUF (Prop_ibuf_I_O)         0.350     0.350 r  CLK100MHZ_IBUF_inst/O
                         net (fo=1, routed)           0.685     1.035    CLK100MHZ_IBUF
    BUFGCTRL_X0Y0        BUFG (Prop_bufg_I_O)         0.029     1.064 r  CLK100MHZ_IBUF_BUFG_inst/O
                         net (fo=33, routed)          0.866     1.929    CLK100MHZ_IBUF_BUFG
    SLICE_X0Y43          FDRE                                         r  counter_reg[22]/C





