Copyright 1986-2022 Xilinx, Inc. All Rights Reserved. Copyright 2022-2025 Advanced Micro Devices, Inc. All Rights Reserved.
---------------------------------------------------------------------------------------------------------------------------------------------------------------------------------------------------------------------
| Tool Version : Vivado v.2025.1 (lin64) Build 6140274 Wed May 21 22:58:25 MDT 2025
| Date         : Sun Nov 16 20:32:55 2025
| Host         : computer running 64-bit Ubuntu 22.04.5 LTS
| Command      : report_timing_summary -max_paths 10 -routable_nets -report_unconstrained -file top_timing_summary_routed.rpt -pb top_timing_summary_routed.pb -rpx top_timing_summary_routed.rpx -warn_on_violation
| Design       : top
| Device       : 7s50-csga324
| Speed File   : -1  PRODUCTION 1.23 2018-06-13
| Design State : Routed
---------------------------------------------------------------------------------------------------------------------------------------------------------------------------------------------------------------------

Timing Summary Report

------------------------------------------------------------------------------------------------
| Timer Settings
| --------------
------------------------------------------------------------------------------------------------

  Enable Multi Corner Analysis               :  Yes
  Enable Pessimism Removal                   :  Yes
  Pessimism Removal Resolution               :  Nearest Common Node
  Enable Input Delay Default Clock           :  No
  Enable Preset / Clear Arcs                 :  No
  Disable Flight Delays                      :  No
  Ignore I/O Paths                           :  No
  Timing Early Launch at Borrowing Latches   :  No
  Borrow Time for Max Delay Exceptions       :  Yes
  Merge Timing Exceptions                    :  Yes
  Inter-SLR Compensation                     :  Conservative

  Corner  Analyze    Analyze    
  Name    Max Paths  Min Paths  
  ------  ---------  ---------  
  Slow    Yes        Yes        
  Fast    Yes        Yes        


------------------------------------------------------------------------------------------------
| Report Methodology
| ------------------
------------------------------------------------------------------------------------------------

Rule       Severity  Description                                 Violations  
---------  --------  ------------------------------------------  ----------  
DPIR-1     Warning   Asynchronous driver check                   1856        
SYNTH-6    Warning   Timing of a RAM block might be sub-optimal  10          
SYNTH-10   Warning   Wide multiplier                             56          
SYNTH-16   Warning   Address collision                           20          
TIMING-16  Warning   Large setup violation                       544         
TIMING-18  Warning   Missing input or output delay               20          

Note: This report is based on the most recent report_methodology run and may not be up-to-date. Run report_methodology on the current design for the latest report.



check_timing report

Table of Contents
-----------------
1. checking no_clock (0)
2. checking constant_clock (0)
3. checking pulse_width_clock (0)
4. checking unconstrained_internal_endpoints (0)
5. checking no_input_delay (6)
6. checking no_output_delay (14)
7. checking multiple_clock (0)
8. checking generated_clocks (0)
9. checking loops (0)
10. checking partial_input_delay (0)
11. checking partial_output_delay (0)
12. checking latch_loops (0)

1. checking no_clock (0)
------------------------
 There are 0 register/latch pins with no clock.


2. checking constant_clock (0)
------------------------------
 There are 0 register/latch pins with constant_clock.


3. checking pulse_width_clock (0)
---------------------------------
 There are 0 register/latch pins which need pulse_width check


4. checking unconstrained_internal_endpoints (0)
------------------------------------------------
 There are 0 pins that are not constrained for maximum delay.

 There are 0 pins that are not constrained for maximum delay due to constant clock.


5. checking no_input_delay (6)
------------------------------
 There are 6 input ports with no input delay specified. (HIGH)

 There are 0 input ports with no input delay but user has a false path constraint.


6. checking no_output_delay (14)
--------------------------------
 There are 14 ports with no output delay specified. (HIGH)

 There are 0 ports with no output delay but user has a false path constraint

 There are 0 ports with no output delay but with a timing clock defined on it or propagating through it


7. checking multiple_clock (0)
------------------------------
 There are 0 register/latch pins with multiple clocks.


8. checking generated_clocks (0)
--------------------------------
 There are 0 generated clocks that are not connected to a clock source.


9. checking loops (0)
---------------------
 There are 0 combinational loops in the design.


10. checking partial_input_delay (0)
------------------------------------
 There are 0 input ports with partial input delay specified.


11. checking partial_output_delay (0)
-------------------------------------
 There are 0 ports with partial output delay specified.


12. checking latch_loops (0)
----------------------------
 There are 0 combinational latch loops in the design through latch input



------------------------------------------------------------------------------------------------
| Design Timing Summary
| ---------------------
------------------------------------------------------------------------------------------------

    WNS(ns)      TNS(ns)  TNS Failing Endpoints  TNS Total Endpoints      WHS(ns)      THS(ns)  THS Failing Endpoints  THS Total Endpoints     WPWS(ns)     TPWS(ns)  TPWS Failing Endpoints  TPWS Total Endpoints  
    -------      -------  ---------------------  -------------------      -------      -------  ---------------------  -------------------     --------     --------  ----------------------  --------------------  
    -11.335    -4064.978                    569                 1950        0.047        0.000                      0                 1950        4.500        0.000                       0                   786  


Timing constraints are not met.


------------------------------------------------------------------------------------------------
| Clock Summary
| -------------
------------------------------------------------------------------------------------------------

Clock        Waveform(ns)       Period(ns)      Frequency(MHz)
-----        ------------       ----------      --------------
sys_clk_pin  {0.000 5.000}      10.000          100.000         


------------------------------------------------------------------------------------------------
| Intra Clock Table
| -----------------
------------------------------------------------------------------------------------------------

Clock             WNS(ns)      TNS(ns)  TNS Failing Endpoints  TNS Total Endpoints      WHS(ns)      THS(ns)  THS Failing Endpoints  THS Total Endpoints     WPWS(ns)     TPWS(ns)  TPWS Failing Endpoints  TPWS Total Endpoints  
-----             -------      -------  ---------------------  -------------------      -------      -------  ---------------------  -------------------     --------     --------  ----------------------  --------------------  
sys_clk_pin       -11.335    -4064.978                    569                 1950        0.047        0.000                      0                 1950        4.500        0.000                       0                   786  


------------------------------------------------------------------------------------------------
| Inter Clock Table
| -----------------
------------------------------------------------------------------------------------------------

From Clock    To Clock          WNS(ns)      TNS(ns)  TNS Failing Endpoints  TNS Total Endpoints      WHS(ns)      THS(ns)  THS Failing Endpoints  THS Total Endpoints  
----------    --------          -------      -------  ---------------------  -------------------      -------      -------  ---------------------  -------------------  


------------------------------------------------------------------------------------------------
| Other Path Groups Table
| -----------------------
------------------------------------------------------------------------------------------------

Path Group    From Clock    To Clock          WNS(ns)      TNS(ns)  TNS Failing Endpoints  TNS Total Endpoints      WHS(ns)      THS(ns)  THS Failing Endpoints  THS Total Endpoints  
----------    ----------    --------          -------      -------  ---------------------  -------------------      -------      -------  ---------------------  -------------------  


------------------------------------------------------------------------------------------------
| User Ignored Path Table
| -----------------------
------------------------------------------------------------------------------------------------

Path Group    From Clock    To Clock    
----------    ----------    --------    


------------------------------------------------------------------------------------------------
| Unconstrained Path Table
| ------------------------
------------------------------------------------------------------------------------------------

Path Group    From Clock    To Clock    
----------    ----------    --------    
(none)        sys_clk_pin                 
(none)                      sys_clk_pin   


------------------------------------------------------------------------------------------------
| Timing Details
| --------------
------------------------------------------------------------------------------------------------


---------------------------------------------------------------------------------------------------
From Clock:  sys_clk_pin
  To Clock:  sys_clk_pin

Setup :          569  Failing Endpoints,  Worst Slack      -11.335ns,  Total Violation    -4064.977ns
Hold  :            0  Failing Endpoints,  Worst Slack        0.047ns,  Total Violation        0.000ns
PW    :            0  Failing Endpoints,  Worst Slack        4.500ns,  Total Violation        0.000ns
---------------------------------------------------------------------------------------------------


Max Delay Paths
--------------------------------------------------------------------------------------
Slack (VIOLATED) :        -11.335ns  (required time - arrival time)
  Source:                 pixel_unit/x_reg_reg[37]/C
                            (rising edge-triggered cell FDCE clocked by sys_clk_pin  {rise@0.000ns fall@5.000ns period=10.000ns})
  Destination:            pixel_unit/x_reg_reg[38]/CE
                            (rising edge-triggered cell FDCE clocked by sys_clk_pin  {rise@0.000ns fall@5.000ns period=10.000ns})
  Path Group:             sys_clk_pin
  Path Type:              Setup (Max at Slow Process Corner)
  Requirement:            10.000ns  (sys_clk_pin rise@10.000ns - sys_clk_pin rise@0.000ns)
  Data Path Delay:        20.985ns  (logic 13.509ns (64.376%)  route 7.476ns (35.624%))
  Logic Levels:           22  (CARRY4=12 DSP48E1=4 LUT2=2 LUT3=1 LUT5=1 LUT6=2)
  Clock Path Skew:        -0.110ns (DCD - SCD + CPR)
    Destination Clock Delay (DCD):    4.207ns = ( 14.207 - 10.000 ) 
    Source Clock Delay      (SCD):    4.474ns
    Clock Pessimism Removal (CPR):    0.158ns
  Clock Uncertainty:      0.035ns  ((TSJ^2 + TIJ^2)^1/2 + DJ) / 2 + PE
    Total System Jitter     (TSJ):    0.071ns
    Total Input Jitter      (TIJ):    0.000ns
    Discrete Jitter          (DJ):    0.000ns
    Phase Error              (PE):    0.000ns

    Location             Delay type                Incr(ns)  Path(ns)    Netlist Resource(s)
  -------------------------------------------------------------------    -------------------
                         (clock sys_clk_pin rise edge)
                                                      0.000     0.000 r  
    R2                                                0.000     0.000 r  clk (IN)
                         net (fo=0)                   0.000     0.000    clk
    R2                   IBUF (Prop_ibuf_I_O)         0.854     0.854 r  clk_IBUF_inst/O
                         net (fo=1, routed)           1.967     2.821    clk_IBUF
    BUFGCTRL_X0Y0        BUFG (Prop_bufg_I_O)         0.096     2.917 r  clk_IBUF_BUFG_inst/O
                         net (fo=785, routed)         1.557     4.474    pixel_unit/clk_IBUF_BUFG
    SLICE_X35Y34         FDCE                                         r  pixel_unit/x_reg_reg[37]/C
  -------------------------------------------------------------------    -------------------
    SLICE_X35Y34         FDCE (Prop_fdce_C_Q)         0.419     4.893 r  pixel_unit/x_reg_reg[37]/Q
                         net (fo=12, routed)          1.581     6.475    pixel_unit/x_reg[37]
    DSP48_X0Y4           DSP48E1 (Prop_dsp48e1_A[3]_PCOUT[47])
                                                      4.211    10.686 r  pixel_unit/qmul_return0__3/PCOUT[47]
                         net (fo=1, routed)           0.002    10.688    pixel_unit/qmul_return0__3_n_106
    DSP48_X0Y5           DSP48E1 (Prop_dsp48e1_PCIN[47]_PCOUT[47])
                                                      1.713    12.401 r  pixel_unit/qmul_return0__4/PCOUT[47]
                         net (fo=1, routed)           0.002    12.403    pixel_unit/qmul_return0__4_n_106
    DSP48_X0Y6           DSP48E1 (Prop_dsp48e1_PCIN[47]_PCOUT[47])
                                                      1.713    14.116 r  pixel_unit/qmul_return0__5/PCOUT[47]
                         net (fo=1, routed)           0.002    14.118    pixel_unit/qmul_return0__5_n_106
    DSP48_X0Y7           DSP48E1 (Prop_dsp48e1_PCIN[47]_P[5])
                                                      1.518    15.636 r  pixel_unit/qmul_return0__6/P[5]
                         net (fo=3, routed)           1.359    16.994    pixel_unit/qmul_return0__6_n_100
    SLICE_X32Y26         LUT3 (Prop_lut3_I2_O)        0.124    17.118 r  pixel_unit/x_reg[31]_i_35/O
                         net (fo=2, routed)           0.451    17.569    pixel_unit/x_reg[31]_i_35_n_0
    SLICE_X32Y27         LUT5 (Prop_lut5_I0_O)        0.124    17.693 r  pixel_unit/x_reg[31]_i_23/O
                         net (fo=2, routed)           0.726    18.419    pixel_unit/x_reg[31]_i_23_n_0
    SLICE_X36Y28         LUT6 (Prop_lut6_I0_O)        0.124    18.543 r  pixel_unit/x_reg[31]_i_27/O
                         net (fo=1, routed)           0.000    18.543    pixel_unit/x_reg[31]_i_27_n_0
    SLICE_X36Y28         CARRY4 (Prop_carry4_S[1]_CO[3])
                                                      0.550    19.093 r  pixel_unit/x_reg_reg[31]_i_12/CO[3]
                         net (fo=1, routed)           0.000    19.093    pixel_unit/x_reg_reg[31]_i_12_n_0
    SLICE_X36Y29         CARRY4 (Prop_carry4_CI_CO[3])
                                                      0.114    19.207 r  pixel_unit/x_reg_reg[35]_i_12/CO[3]
                         net (fo=1, routed)           0.000    19.207    pixel_unit/x_reg_reg[35]_i_12_n_0
    SLICE_X36Y30         CARRY4 (Prop_carry4_CI_CO[3])
                                                      0.114    19.321 r  pixel_unit/x_reg_reg[39]_i_12/CO[3]
                         net (fo=1, routed)           0.000    19.321    pixel_unit/x_reg_reg[39]_i_12_n_0
    SLICE_X36Y31         CARRY4 (Prop_carry4_CI_CO[3])
                                                      0.114    19.435 r  pixel_unit/x_reg_reg[43]_i_12/CO[3]
                         net (fo=1, routed)           0.000    19.435    pixel_unit/x_reg_reg[43]_i_12_n_0
    SLICE_X36Y32         CARRY4 (Prop_carry4_CI_CO[3])
                                                      0.114    19.549 r  pixel_unit/x_reg_reg[47]_i_12/CO[3]
                         net (fo=1, routed)           0.000    19.549    pixel_unit/x_reg_reg[47]_i_12_n_0
    SLICE_X36Y33         CARRY4 (Prop_carry4_CI_CO[3])
                                                      0.114    19.663 r  pixel_unit/x_reg_reg[51]_i_12/CO[3]
                         net (fo=1, routed)           0.000    19.663    pixel_unit/x_reg_reg[51]_i_12_n_0
    SLICE_X36Y34         CARRY4 (Prop_carry4_CI_O[0])
                                                      0.222    19.885 r  pixel_unit/x_reg_reg[55]_i_12/O[0]
                         net (fo=5, routed)           0.738    20.623    pixel_unit/x_reg_reg[55]_i_12_n_7
    SLICE_X37Y34         LUT2 (Prop_lut2_I0_O)        0.299    20.922 r  pixel_unit/iteration_reg[9]_i_40/O
                         net (fo=1, routed)           0.000    20.922    pixel_unit/iteration_reg[9]_i_40_n_0
    SLICE_X37Y34         CARRY4 (Prop_carry4_S[1]_CO[3])
                                                      0.550    21.472 r  pixel_unit/iteration_reg_reg[9]_i_19/CO[3]
                         net (fo=1, routed)           0.000    21.472    pixel_unit/iteration_reg_reg[9]_i_19_n_0
    SLICE_X37Y35         CARRY4 (Prop_carry4_CI_CO[3])
                                                      0.114    21.586 r  pixel_unit/iteration_reg_reg[9]_i_36/CO[3]
                         net (fo=1, routed)           0.000    21.586    pixel_unit/iteration_reg_reg[9]_i_36_n_0
    SLICE_X37Y36         CARRY4 (Prop_carry4_CI_CO[3])
                                                      0.114    21.700 r  pixel_unit/iteration_reg_reg[9]_i_26/CO[3]
                         net (fo=1, routed)           0.000    21.700    pixel_unit/iteration_reg_reg[9]_i_26_n_0
    SLICE_X37Y37         CARRY4 (Prop_carry4_CI_O[3])
                                                      0.313    22.013 f  pixel_unit/iteration_reg_reg[9]_i_25/O[3]
                         net (fo=2, routed)           0.886    22.899    pixel_unit/magnitude2[63]
    SLICE_X35Y34         LUT2 (Prop_lut2_I0_O)        0.306    23.205 r  pixel_unit/iteration_reg[9]_i_12/O
                         net (fo=1, routed)           0.000    23.205    pixel_unit/iteration_reg[9]_i_12_n_0
    SLICE_X35Y34         CARRY4 (Prop_carry4_S[3]_CO[3])
                                                      0.401    23.606 f  pixel_unit/iteration_reg_reg[9]_i_5/CO[3]
                         net (fo=2, routed)           0.620    24.226    pixel_unit/iteration_reg_reg[9]_i_5_n_0
    SLICE_X35Y36         LUT6 (Prop_lut6_I5_O)        0.124    24.350 r  pixel_unit/iteration_reg[9]_i_1/O
                         net (fo=145, routed)         1.109    25.459    pixel_unit/iteration_reg[9]_i_1_n_0
    SLICE_X41Y32         FDCE                                         r  pixel_unit/x_reg_reg[38]/CE
  -------------------------------------------------------------------    -------------------

                         (clock sys_clk_pin rise edge)
                                                     10.000    10.000 r  
    R2                                                0.000    10.000 r  clk (IN)
                         net (fo=0)                   0.000    10.000    clk
    R2                   IBUF (Prop_ibuf_I_O)         0.814    10.814 r  clk_IBUF_inst/O
                         net (fo=1, routed)           1.862    12.676    clk_IBUF
    BUFGCTRL_X0Y0        BUFG (Prop_bufg_I_O)         0.091    12.767 r  clk_IBUF_BUFG_inst/O
                         net (fo=785, routed)         1.439    14.207    pixel_unit/clk_IBUF_BUFG
    SLICE_X41Y32         FDCE                                         r  pixel_unit/x_reg_reg[38]/C
                         clock pessimism              0.158    14.364    
                         clock uncertainty           -0.035    14.329    
    SLICE_X41Y32         FDCE (Setup_fdce_C_CE)      -0.205    14.124    pixel_unit/x_reg_reg[38]
  -------------------------------------------------------------------
                         required time                         14.124    
                         arrival time                         -25.459    
  -------------------------------------------------------------------
                         slack                                -11.335    

Slack (VIOLATED) :        -11.335ns  (required time - arrival time)
  Source:                 pixel_unit/x_reg_reg[37]/C
                            (rising edge-triggered cell FDCE clocked by sys_clk_pin  {rise@0.000ns fall@5.000ns period=10.000ns})
  Destination:            pixel_unit/x_reg_reg[41]/CE
                            (rising edge-triggered cell FDCE clocked by sys_clk_pin  {rise@0.000ns fall@5.000ns period=10.000ns})
  Path Group:             sys_clk_pin
  Path Type:              Setup (Max at Slow Process Corner)
  Requirement:            10.000ns  (sys_clk_pin rise@10.000ns - sys_clk_pin rise@0.000ns)
  Data Path Delay:        20.985ns  (logic 13.509ns (64.376%)  route 7.476ns (35.624%))
  Logic Levels:           22  (CARRY4=12 DSP48E1=4 LUT2=2 LUT3=1 LUT5=1 LUT6=2)
  Clock Path Skew:        -0.110ns (DCD - SCD + CPR)
    Destination Clock Delay (DCD):    4.207ns = ( 14.207 - 10.000 ) 
    Source Clock Delay      (SCD):    4.474ns
    Clock Pessimism Removal (CPR):    0.158ns
  Clock Uncertainty:      0.035ns  ((TSJ^2 + TIJ^2)^1/2 + DJ) / 2 + PE
    Total System Jitter     (TSJ):    0.071ns
    Total Input Jitter      (TIJ):    0.000ns
    Discrete Jitter          (DJ):    0.000ns
    Phase Error              (PE):    0.000ns

    Location             Delay type                Incr(ns)  Path(ns)    Netlist Resource(s)
  -------------------------------------------------------------------    -------------------
                         (clock sys_clk_pin rise edge)
                                                      0.000     0.000 r  
    R2                                                0.000     0.000 r  clk (IN)
                         net (fo=0)                   0.000     0.000    clk
    R2                   IBUF (Prop_ibuf_I_O)         0.854     0.854 r  clk_IBUF_inst/O
                         net (fo=1, routed)           1.967     2.821    clk_IBUF
    BUFGCTRL_X0Y0        BUFG (Prop_bufg_I_O)         0.096     2.917 r  clk_IBUF_BUFG_inst/O
                         net (fo=785, routed)         1.557     4.474    pixel_unit/clk_IBUF_BUFG
    SLICE_X35Y34         FDCE                                         r  pixel_unit/x_reg_reg[37]/C
  -------------------------------------------------------------------    -------------------
    SLICE_X35Y34         FDCE (Prop_fdce_C_Q)         0.419     4.893 r  pixel_unit/x_reg_reg[37]/Q
                         net (fo=12, routed)          1.581     6.475    pixel_unit/x_reg[37]
    DSP48_X0Y4           DSP48E1 (Prop_dsp48e1_A[3]_PCOUT[47])
                                                      4.211    10.686 r  pixel_unit/qmul_return0__3/PCOUT[47]
                         net (fo=1, routed)           0.002    10.688    pixel_unit/qmul_return0__3_n_106
    DSP48_X0Y5           DSP48E1 (Prop_dsp48e1_PCIN[47]_PCOUT[47])
                                                      1.713    12.401 r  pixel_unit/qmul_return0__4/PCOUT[47]
                         net (fo=1, routed)           0.002    12.403    pixel_unit/qmul_return0__4_n_106
    DSP48_X0Y6           DSP48E1 (Prop_dsp48e1_PCIN[47]_PCOUT[47])
                                                      1.713    14.116 r  pixel_unit/qmul_return0__5/PCOUT[47]
                         net (fo=1, routed)           0.002    14.118    pixel_unit/qmul_return0__5_n_106
    DSP48_X0Y7           DSP48E1 (Prop_dsp48e1_PCIN[47]_P[5])
                                                      1.518    15.636 r  pixel_unit/qmul_return0__6/P[5]
                         net (fo=3, routed)           1.359    16.994    pixel_unit/qmul_return0__6_n_100
    SLICE_X32Y26         LUT3 (Prop_lut3_I2_O)        0.124    17.118 r  pixel_unit/x_reg[31]_i_35/O
                         net (fo=2, routed)           0.451    17.569    pixel_unit/x_reg[31]_i_35_n_0
    SLICE_X32Y27         LUT5 (Prop_lut5_I0_O)        0.124    17.693 r  pixel_unit/x_reg[31]_i_23/O
                         net (fo=2, routed)           0.726    18.419    pixel_unit/x_reg[31]_i_23_n_0
    SLICE_X36Y28         LUT6 (Prop_lut6_I0_O)        0.124    18.543 r  pixel_unit/x_reg[31]_i_27/O
                         net (fo=1, routed)           0.000    18.543    pixel_unit/x_reg[31]_i_27_n_0
    SLICE_X36Y28         CARRY4 (Prop_carry4_S[1]_CO[3])
                                                      0.550    19.093 r  pixel_unit/x_reg_reg[31]_i_12/CO[3]
                         net (fo=1, routed)           0.000    19.093    pixel_unit/x_reg_reg[31]_i_12_n_0
    SLICE_X36Y29         CARRY4 (Prop_carry4_CI_CO[3])
                                                      0.114    19.207 r  pixel_unit/x_reg_reg[35]_i_12/CO[3]
                         net (fo=1, routed)           0.000    19.207    pixel_unit/x_reg_reg[35]_i_12_n_0
    SLICE_X36Y30         CARRY4 (Prop_carry4_CI_CO[3])
                                                      0.114    19.321 r  pixel_unit/x_reg_reg[39]_i_12/CO[3]
                         net (fo=1, routed)           0.000    19.321    pixel_unit/x_reg_reg[39]_i_12_n_0
    SLICE_X36Y31         CARRY4 (Prop_carry4_CI_CO[3])
                                                      0.114    19.435 r  pixel_unit/x_reg_reg[43]_i_12/CO[3]
                         net (fo=1, routed)           0.000    19.435    pixel_unit/x_reg_reg[43]_i_12_n_0
    SLICE_X36Y32         CARRY4 (Prop_carry4_CI_CO[3])
                                                      0.114    19.549 r  pixel_unit/x_reg_reg[47]_i_12/CO[3]
                         net (fo=1, routed)           0.000    19.549    pixel_unit/x_reg_reg[47]_i_12_n_0
    SLICE_X36Y33         CARRY4 (Prop_carry4_CI_CO[3])
                                                      0.114    19.663 r  pixel_unit/x_reg_reg[51]_i_12/CO[3]
                         net (fo=1, routed)           0.000    19.663    pixel_unit/x_reg_reg[51]_i_12_n_0
    SLICE_X36Y34         CARRY4 (Prop_carry4_CI_O[0])
                                                      0.222    19.885 r  pixel_unit/x_reg_reg[55]_i_12/O[0]
                         net (fo=5, routed)           0.738    20.623    pixel_unit/x_reg_reg[55]_i_12_n_7
    SLICE_X37Y34         LUT2 (Prop_lut2_I0_O)        0.299    20.922 r  pixel_unit/iteration_reg[9]_i_40/O
                         net (fo=1, routed)           0.000    20.922    pixel_unit/iteration_reg[9]_i_40_n_0
    SLICE_X37Y34         CARRY4 (Prop_carry4_S[1]_CO[3])
                                                      0.550    21.472 r  pixel_unit/iteration_reg_reg[9]_i_19/CO[3]
                         net (fo=1, routed)           0.000    21.472    pixel_unit/iteration_reg_reg[9]_i_19_n_0
    SLICE_X37Y35         CARRY4 (Prop_carry4_CI_CO[3])
                                                      0.114    21.586 r  pixel_unit/iteration_reg_reg[9]_i_36/CO[3]
                         net (fo=1, routed)           0.000    21.586    pixel_unit/iteration_reg_reg[9]_i_36_n_0
    SLICE_X37Y36         CARRY4 (Prop_carry4_CI_CO[3])
                                                      0.114    21.700 r  pixel_unit/iteration_reg_reg[9]_i_26/CO[3]
                         net (fo=1, routed)           0.000    21.700    pixel_unit/iteration_reg_reg[9]_i_26_n_0
    SLICE_X37Y37         CARRY4 (Prop_carry4_CI_O[3])
                                                      0.313    22.013 f  pixel_unit/iteration_reg_reg[9]_i_25/O[3]
                         net (fo=2, routed)           0.886    22.899    pixel_unit/magnitude2[63]
    SLICE_X35Y34         LUT2 (Prop_lut2_I0_O)        0.306    23.205 r  pixel_unit/iteration_reg[9]_i_12/O
                         net (fo=1, routed)           0.000    23.205    pixel_unit/iteration_reg[9]_i_12_n_0
    SLICE_X35Y34         CARRY4 (Prop_carry4_S[3]_CO[3])
                                                      0.401    23.606 f  pixel_unit/iteration_reg_reg[9]_i_5/CO[3]
                         net (fo=2, routed)           0.620    24.226    pixel_unit/iteration_reg_reg[9]_i_5_n_0
    SLICE_X35Y36         LUT6 (Prop_lut6_I5_O)        0.124    24.350 r  pixel_unit/iteration_reg[9]_i_1/O
                         net (fo=145, routed)         1.109    25.459    pixel_unit/iteration_reg[9]_i_1_n_0
    SLICE_X41Y32         FDCE                                         r  pixel_unit/x_reg_reg[41]/CE
  -------------------------------------------------------------------    -------------------

                         (clock sys_clk_pin rise edge)
                                                     10.000    10.000 r  
    R2                                                0.000    10.000 r  clk (IN)
                         net (fo=0)                   0.000    10.000    clk
    R2                   IBUF (Prop_ibuf_I_O)         0.814    10.814 r  clk_IBUF_inst/O
                         net (fo=1, routed)           1.862    12.676    clk_IBUF
    BUFGCTRL_X0Y0        BUFG (Prop_bufg_I_O)         0.091    12.767 r  clk_IBUF_BUFG_inst/O
                         net (fo=785, routed)         1.439    14.207    pixel_unit/clk_IBUF_BUFG
    SLICE_X41Y32         FDCE                                         r  pixel_unit/x_reg_reg[41]/C
                         clock pessimism              0.158    14.364    
                         clock uncertainty           -0.035    14.329    
    SLICE_X41Y32         FDCE (Setup_fdce_C_CE)      -0.205    14.124    pixel_unit/x_reg_reg[41]
  -------------------------------------------------------------------
                         required time                         14.124    
                         arrival time                         -25.459    
  -------------------------------------------------------------------
                         slack                                -11.335    

Slack (VIOLATED) :        -11.335ns  (required time - arrival time)
  Source:                 pixel_unit/x_reg_reg[37]/C
                            (rising edge-triggered cell FDCE clocked by sys_clk_pin  {rise@0.000ns fall@5.000ns period=10.000ns})
  Destination:            pixel_unit/x_reg_reg[44]/CE
                            (rising edge-triggered cell FDCE clocked by sys_clk_pin  {rise@0.000ns fall@5.000ns period=10.000ns})
  Path Group:             sys_clk_pin
  Path Type:              Setup (Max at Slow Process Corner)
  Requirement:            10.000ns  (sys_clk_pin rise@10.000ns - sys_clk_pin rise@0.000ns)
  Data Path Delay:        20.985ns  (logic 13.509ns (64.376%)  route 7.476ns (35.624%))
  Logic Levels:           22  (CARRY4=12 DSP48E1=4 LUT2=2 LUT3=1 LUT5=1 LUT6=2)
  Clock Path Skew:        -0.110ns (DCD - SCD + CPR)
    Destination Clock Delay (DCD):    4.207ns = ( 14.207 - 10.000 ) 
    Source Clock Delay      (SCD):    4.474ns
    Clock Pessimism Removal (CPR):    0.158ns
  Clock Uncertainty:      0.035ns  ((TSJ^2 + TIJ^2)^1/2 + DJ) / 2 + PE
    Total System Jitter     (TSJ):    0.071ns
    Total Input Jitter      (TIJ):    0.000ns
    Discrete Jitter          (DJ):    0.000ns
    Phase Error              (PE):    0.000ns

    Location             Delay type                Incr(ns)  Path(ns)    Netlist Resource(s)
  -------------------------------------------------------------------    -------------------
                         (clock sys_clk_pin rise edge)
                                                      0.000     0.000 r  
    R2                                                0.000     0.000 r  clk (IN)
                         net (fo=0)                   0.000     0.000    clk
    R2                   IBUF (Prop_ibuf_I_O)         0.854     0.854 r  clk_IBUF_inst/O
                         net (fo=1, routed)           1.967     2.821    clk_IBUF
    BUFGCTRL_X0Y0        BUFG (Prop_bufg_I_O)         0.096     2.917 r  clk_IBUF_BUFG_inst/O
                         net (fo=785, routed)         1.557     4.474    pixel_unit/clk_IBUF_BUFG
    SLICE_X35Y34         FDCE                                         r  pixel_unit/x_reg_reg[37]/C
  -------------------------------------------------------------------    -------------------
    SLICE_X35Y34         FDCE (Prop_fdce_C_Q)         0.419     4.893 r  pixel_unit/x_reg_reg[37]/Q
                         net (fo=12, routed)          1.581     6.475    pixel_unit/x_reg[37]
    DSP48_X0Y4           DSP48E1 (Prop_dsp48e1_A[3]_PCOUT[47])
                                                      4.211    10.686 r  pixel_unit/qmul_return0__3/PCOUT[47]
                         net (fo=1, routed)           0.002    10.688    pixel_unit/qmul_return0__3_n_106
    DSP48_X0Y5           DSP48E1 (Prop_dsp48e1_PCIN[47]_PCOUT[47])
                                                      1.713    12.401 r  pixel_unit/qmul_return0__4/PCOUT[47]
                         net (fo=1, routed)           0.002    12.403    pixel_unit/qmul_return0__4_n_106
    DSP48_X0Y6           DSP48E1 (Prop_dsp48e1_PCIN[47]_PCOUT[47])
                                                      1.713    14.116 r  pixel_unit/qmul_return0__5/PCOUT[47]
                         net (fo=1, routed)           0.002    14.118    pixel_unit/qmul_return0__5_n_106
    DSP48_X0Y7           DSP48E1 (Prop_dsp48e1_PCIN[47]_P[5])
                                                      1.518    15.636 r  pixel_unit/qmul_return0__6/P[5]
                         net (fo=3, routed)           1.359    16.994    pixel_unit/qmul_return0__6_n_100
    SLICE_X32Y26         LUT3 (Prop_lut3_I2_O)        0.124    17.118 r  pixel_unit/x_reg[31]_i_35/O
                         net (fo=2, routed)           0.451    17.569    pixel_unit/x_reg[31]_i_35_n_0
    SLICE_X32Y27         LUT5 (Prop_lut5_I0_O)        0.124    17.693 r  pixel_unit/x_reg[31]_i_23/O
                         net (fo=2, routed)           0.726    18.419    pixel_unit/x_reg[31]_i_23_n_0
    SLICE_X36Y28         LUT6 (Prop_lut6_I0_O)        0.124    18.543 r  pixel_unit/x_reg[31]_i_27/O
                         net (fo=1, routed)           0.000    18.543    pixel_unit/x_reg[31]_i_27_n_0
    SLICE_X36Y28         CARRY4 (Prop_carry4_S[1]_CO[3])
                                                      0.550    19.093 r  pixel_unit/x_reg_reg[31]_i_12/CO[3]
                         net (fo=1, routed)           0.000    19.093    pixel_unit/x_reg_reg[31]_i_12_n_0
    SLICE_X36Y29         CARRY4 (Prop_carry4_CI_CO[3])
                                                      0.114    19.207 r  pixel_unit/x_reg_reg[35]_i_12/CO[3]
                         net (fo=1, routed)           0.000    19.207    pixel_unit/x_reg_reg[35]_i_12_n_0
    SLICE_X36Y30         CARRY4 (Prop_carry4_CI_CO[3])
                                                      0.114    19.321 r  pixel_unit/x_reg_reg[39]_i_12/CO[3]
                         net (fo=1, routed)           0.000    19.321    pixel_unit/x_reg_reg[39]_i_12_n_0
    SLICE_X36Y31         CARRY4 (Prop_carry4_CI_CO[3])
                                                      0.114    19.435 r  pixel_unit/x_reg_reg[43]_i_12/CO[3]
                         net (fo=1, routed)           0.000    19.435    pixel_unit/x_reg_reg[43]_i_12_n_0
    SLICE_X36Y32         CARRY4 (Prop_carry4_CI_CO[3])
                                                      0.114    19.549 r  pixel_unit/x_reg_reg[47]_i_12/CO[3]
                         net (fo=1, routed)           0.000    19.549    pixel_unit/x_reg_reg[47]_i_12_n_0
    SLICE_X36Y33         CARRY4 (Prop_carry4_CI_CO[3])
                                                      0.114    19.663 r  pixel_unit/x_reg_reg[51]_i_12/CO[3]
                         net (fo=1, routed)           0.000    19.663    pixel_unit/x_reg_reg[51]_i_12_n_0
    SLICE_X36Y34         CARRY4 (Prop_carry4_CI_O[0])
                                                      0.222    19.885 r  pixel_unit/x_reg_reg[55]_i_12/O[0]
                         net (fo=5, routed)           0.738    20.623    pixel_unit/x_reg_reg[55]_i_12_n_7
    SLICE_X37Y34         LUT2 (Prop_lut2_I0_O)        0.299    20.922 r  pixel_unit/iteration_reg[9]_i_40/O
                         net (fo=1, routed)           0.000    20.922    pixel_unit/iteration_reg[9]_i_40_n_0
    SLICE_X37Y34         CARRY4 (Prop_carry4_S[1]_CO[3])
                                                      0.550    21.472 r  pixel_unit/iteration_reg_reg[9]_i_19/CO[3]
                         net (fo=1, routed)           0.000    21.472    pixel_unit/iteration_reg_reg[9]_i_19_n_0
    SLICE_X37Y35         CARRY4 (Prop_carry4_CI_CO[3])
                                                      0.114    21.586 r  pixel_unit/iteration_reg_reg[9]_i_36/CO[3]
                         net (fo=1, routed)           0.000    21.586    pixel_unit/iteration_reg_reg[9]_i_36_n_0
    SLICE_X37Y36         CARRY4 (Prop_carry4_CI_CO[3])
                                                      0.114    21.700 r  pixel_unit/iteration_reg_reg[9]_i_26/CO[3]
                         net (fo=1, routed)           0.000    21.700    pixel_unit/iteration_reg_reg[9]_i_26_n_0
    SLICE_X37Y37         CARRY4 (Prop_carry4_CI_O[3])
                                                      0.313    22.013 f  pixel_unit/iteration_reg_reg[9]_i_25/O[3]
                         net (fo=2, routed)           0.886    22.899    pixel_unit/magnitude2[63]
    SLICE_X35Y34         LUT2 (Prop_lut2_I0_O)        0.306    23.205 r  pixel_unit/iteration_reg[9]_i_12/O
                         net (fo=1, routed)           0.000    23.205    pixel_unit/iteration_reg[9]_i_12_n_0
    SLICE_X35Y34         CARRY4 (Prop_carry4_S[3]_CO[3])
                                                      0.401    23.606 f  pixel_unit/iteration_reg_reg[9]_i_5/CO[3]
                         net (fo=2, routed)           0.620    24.226    pixel_unit/iteration_reg_reg[9]_i_5_n_0
    SLICE_X35Y36         LUT6 (Prop_lut6_I5_O)        0.124    24.350 r  pixel_unit/iteration_reg[9]_i_1/O
                         net (fo=145, routed)         1.109    25.459    pixel_unit/iteration_reg[9]_i_1_n_0
    SLICE_X41Y32         FDCE                                         r  pixel_unit/x_reg_reg[44]/CE
  -------------------------------------------------------------------    -------------------

                         (clock sys_clk_pin rise edge)
                                                     10.000    10.000 r  
    R2                                                0.000    10.000 r  clk (IN)
                         net (fo=0)                   0.000    10.000    clk
    R2                   IBUF (Prop_ibuf_I_O)         0.814    10.814 r  clk_IBUF_inst/O
                         net (fo=1, routed)           1.862    12.676    clk_IBUF
    BUFGCTRL_X0Y0        BUFG (Prop_bufg_I_O)         0.091    12.767 r  clk_IBUF_BUFG_inst/O
                         net (fo=785, routed)         1.439    14.207    pixel_unit/clk_IBUF_BUFG
    SLICE_X41Y32         FDCE                                         r  pixel_unit/x_reg_reg[44]/C
                         clock pessimism              0.158    14.364    
                         clock uncertainty           -0.035    14.329    
    SLICE_X41Y32         FDCE (Setup_fdce_C_CE)      -0.205    14.124    pixel_unit/x_reg_reg[44]
  -------------------------------------------------------------------
                         required time                         14.124    
                         arrival time                         -25.459    
  -------------------------------------------------------------------
                         slack                                -11.335    

Slack (VIOLATED) :        -11.335ns  (required time - arrival time)
  Source:                 pixel_unit/x_reg_reg[37]/C
                            (rising edge-triggered cell FDCE clocked by sys_clk_pin  {rise@0.000ns fall@5.000ns period=10.000ns})
  Destination:            pixel_unit/x_reg_reg[46]/CE
                            (rising edge-triggered cell FDCE clocked by sys_clk_pin  {rise@0.000ns fall@5.000ns period=10.000ns})
  Path Group:             sys_clk_pin
  Path Type:              Setup (Max at Slow Process Corner)
  Requirement:            10.000ns  (sys_clk_pin rise@10.000ns - sys_clk_pin rise@0.000ns)
  Data Path Delay:        20.985ns  (logic 13.509ns (64.376%)  route 7.476ns (35.624%))
  Logic Levels:           22  (CARRY4=12 DSP48E1=4 LUT2=2 LUT3=1 LUT5=1 LUT6=2)
  Clock Path Skew:        -0.110ns (DCD - SCD + CPR)
    Destination Clock Delay (DCD):    4.207ns = ( 14.207 - 10.000 ) 
    Source Clock Delay      (SCD):    4.474ns
    Clock Pessimism Removal (CPR):    0.158ns
  Clock Uncertainty:      0.035ns  ((TSJ^2 + TIJ^2)^1/2 + DJ) / 2 + PE
    Total System Jitter     (TSJ):    0.071ns
    Total Input Jitter      (TIJ):    0.000ns
    Discrete Jitter          (DJ):    0.000ns
    Phase Error              (PE):    0.000ns

    Location             Delay type                Incr(ns)  Path(ns)    Netlist Resource(s)
  -------------------------------------------------------------------    -------------------
                         (clock sys_clk_pin rise edge)
                                                      0.000     0.000 r  
    R2                                                0.000     0.000 r  clk (IN)
                         net (fo=0)                   0.000     0.000    clk
    R2                   IBUF (Prop_ibuf_I_O)         0.854     0.854 r  clk_IBUF_inst/O
                         net (fo=1, routed)           1.967     2.821    clk_IBUF
    BUFGCTRL_X0Y0        BUFG (Prop_bufg_I_O)         0.096     2.917 r  clk_IBUF_BUFG_inst/O
                         net (fo=785, routed)         1.557     4.474    pixel_unit/clk_IBUF_BUFG
    SLICE_X35Y34         FDCE                                         r  pixel_unit/x_reg_reg[37]/C
  -------------------------------------------------------------------    -------------------
    SLICE_X35Y34         FDCE (Prop_fdce_C_Q)         0.419     4.893 r  pixel_unit/x_reg_reg[37]/Q
                         net (fo=12, routed)          1.581     6.475    pixel_unit/x_reg[37]
    DSP48_X0Y4           DSP48E1 (Prop_dsp48e1_A[3]_PCOUT[47])
                                                      4.211    10.686 r  pixel_unit/qmul_return0__3/PCOUT[47]
                         net (fo=1, routed)           0.002    10.688    pixel_unit/qmul_return0__3_n_106
    DSP48_X0Y5           DSP48E1 (Prop_dsp48e1_PCIN[47]_PCOUT[47])
                                                      1.713    12.401 r  pixel_unit/qmul_return0__4/PCOUT[47]
                         net (fo=1, routed)           0.002    12.403    pixel_unit/qmul_return0__4_n_106
    DSP48_X0Y6           DSP48E1 (Prop_dsp48e1_PCIN[47]_PCOUT[47])
                                                      1.713    14.116 r  pixel_unit/qmul_return0__5/PCOUT[47]
                         net (fo=1, routed)           0.002    14.118    pixel_unit/qmul_return0__5_n_106
    DSP48_X0Y7           DSP48E1 (Prop_dsp48e1_PCIN[47]_P[5])
                                                      1.518    15.636 r  pixel_unit/qmul_return0__6/P[5]
                         net (fo=3, routed)           1.359    16.994    pixel_unit/qmul_return0__6_n_100
    SLICE_X32Y26         LUT3 (Prop_lut3_I2_O)        0.124    17.118 r  pixel_unit/x_reg[31]_i_35/O
                         net (fo=2, routed)           0.451    17.569    pixel_unit/x_reg[31]_i_35_n_0
    SLICE_X32Y27         LUT5 (Prop_lut5_I0_O)        0.124    17.693 r  pixel_unit/x_reg[31]_i_23/O
                         net (fo=2, routed)           0.726    18.419    pixel_unit/x_reg[31]_i_23_n_0
    SLICE_X36Y28         LUT6 (Prop_lut6_I0_O)        0.124    18.543 r  pixel_unit/x_reg[31]_i_27/O
                         net (fo=1, routed)           0.000    18.543    pixel_unit/x_reg[31]_i_27_n_0
    SLICE_X36Y28         CARRY4 (Prop_carry4_S[1]_CO[3])
                                                      0.550    19.093 r  pixel_unit/x_reg_reg[31]_i_12/CO[3]
                         net (fo=1, routed)           0.000    19.093    pixel_unit/x_reg_reg[31]_i_12_n_0
    SLICE_X36Y29         CARRY4 (Prop_carry4_CI_CO[3])
                                                      0.114    19.207 r  pixel_unit/x_reg_reg[35]_i_12/CO[3]
                         net (fo=1, routed)           0.000    19.207    pixel_unit/x_reg_reg[35]_i_12_n_0
    SLICE_X36Y30         CARRY4 (Prop_carry4_CI_CO[3])
                                                      0.114    19.321 r  pixel_unit/x_reg_reg[39]_i_12/CO[3]
                         net (fo=1, routed)           0.000    19.321    pixel_unit/x_reg_reg[39]_i_12_n_0
    SLICE_X36Y31         CARRY4 (Prop_carry4_CI_CO[3])
                                                      0.114    19.435 r  pixel_unit/x_reg_reg[43]_i_12/CO[3]
                         net (fo=1, routed)           0.000    19.435    pixel_unit/x_reg_reg[43]_i_12_n_0
    SLICE_X36Y32         CARRY4 (Prop_carry4_CI_CO[3])
                                                      0.114    19.549 r  pixel_unit/x_reg_reg[47]_i_12/CO[3]
                         net (fo=1, routed)           0.000    19.549    pixel_unit/x_reg_reg[47]_i_12_n_0
    SLICE_X36Y33         CARRY4 (Prop_carry4_CI_CO[3])
                                                      0.114    19.663 r  pixel_unit/x_reg_reg[51]_i_12/CO[3]
                         net (fo=1, routed)           0.000    19.663    pixel_unit/x_reg_reg[51]_i_12_n_0
    SLICE_X36Y34         CARRY4 (Prop_carry4_CI_O[0])
                                                      0.222    19.885 r  pixel_unit/x_reg_reg[55]_i_12/O[0]
                         net (fo=5, routed)           0.738    20.623    pixel_unit/x_reg_reg[55]_i_12_n_7
    SLICE_X37Y34         LUT2 (Prop_lut2_I0_O)        0.299    20.922 r  pixel_unit/iteration_reg[9]_i_40/O
                         net (fo=1, routed)           0.000    20.922    pixel_unit/iteration_reg[9]_i_40_n_0
    SLICE_X37Y34         CARRY4 (Prop_carry4_S[1]_CO[3])
                                                      0.550    21.472 r  pixel_unit/iteration_reg_reg[9]_i_19/CO[3]
                         net (fo=1, routed)           0.000    21.472    pixel_unit/iteration_reg_reg[9]_i_19_n_0
    SLICE_X37Y35         CARRY4 (Prop_carry4_CI_CO[3])
                                                      0.114    21.586 r  pixel_unit/iteration_reg_reg[9]_i_36/CO[3]
                         net (fo=1, routed)           0.000    21.586    pixel_unit/iteration_reg_reg[9]_i_36_n_0
    SLICE_X37Y36         CARRY4 (Prop_carry4_CI_CO[3])
                                                      0.114    21.700 r  pixel_unit/iteration_reg_reg[9]_i_26/CO[3]
                         net (fo=1, routed)           0.000    21.700    pixel_unit/iteration_reg_reg[9]_i_26_n_0
    SLICE_X37Y37         CARRY4 (Prop_carry4_CI_O[3])
                                                      0.313    22.013 f  pixel_unit/iteration_reg_reg[9]_i_25/O[3]
                         net (fo=2, routed)           0.886    22.899    pixel_unit/magnitude2[63]
    SLICE_X35Y34         LUT2 (Prop_lut2_I0_O)        0.306    23.205 r  pixel_unit/iteration_reg[9]_i_12/O
                         net (fo=1, routed)           0.000    23.205    pixel_unit/iteration_reg[9]_i_12_n_0
    SLICE_X35Y34         CARRY4 (Prop_carry4_S[3]_CO[3])
                                                      0.401    23.606 f  pixel_unit/iteration_reg_reg[9]_i_5/CO[3]
                         net (fo=2, routed)           0.620    24.226    pixel_unit/iteration_reg_reg[9]_i_5_n_0
    SLICE_X35Y36         LUT6 (Prop_lut6_I5_O)        0.124    24.350 r  pixel_unit/iteration_reg[9]_i_1/O
                         net (fo=145, routed)         1.109    25.459    pixel_unit/iteration_reg[9]_i_1_n_0
    SLICE_X41Y32         FDCE                                         r  pixel_unit/x_reg_reg[46]/CE
  -------------------------------------------------------------------    -------------------

                         (clock sys_clk_pin rise edge)
                                                     10.000    10.000 r  
    R2                                                0.000    10.000 r  clk (IN)
                         net (fo=0)                   0.000    10.000    clk
    R2                   IBUF (Prop_ibuf_I_O)         0.814    10.814 r  clk_IBUF_inst/O
                         net (fo=1, routed)           1.862    12.676    clk_IBUF
    BUFGCTRL_X0Y0        BUFG (Prop_bufg_I_O)         0.091    12.767 r  clk_IBUF_BUFG_inst/O
                         net (fo=785, routed)         1.439    14.207    pixel_unit/clk_IBUF_BUFG
    SLICE_X41Y32         FDCE                                         r  pixel_unit/x_reg_reg[46]/C
                         clock pessimism              0.158    14.364    
                         clock uncertainty           -0.035    14.329    
    SLICE_X41Y32         FDCE (Setup_fdce_C_CE)      -0.205    14.124    pixel_unit/x_reg_reg[46]
  -------------------------------------------------------------------
                         required time                         14.124    
                         arrival time                         -25.459    
  -------------------------------------------------------------------
                         slack                                -11.335    

Slack (VIOLATED) :        -11.335ns  (required time - arrival time)
  Source:                 pixel_unit/x_reg_reg[37]/C
                            (rising edge-triggered cell FDCE clocked by sys_clk_pin  {rise@0.000ns fall@5.000ns period=10.000ns})
  Destination:            pixel_unit/x_reg_reg[49]/CE
                            (rising edge-triggered cell FDCE clocked by sys_clk_pin  {rise@0.000ns fall@5.000ns period=10.000ns})
  Path Group:             sys_clk_pin
  Path Type:              Setup (Max at Slow Process Corner)
  Requirement:            10.000ns  (sys_clk_pin rise@10.000ns - sys_clk_pin rise@0.000ns)
  Data Path Delay:        20.985ns  (logic 13.509ns (64.376%)  route 7.476ns (35.624%))
  Logic Levels:           22  (CARRY4=12 DSP48E1=4 LUT2=2 LUT3=1 LUT5=1 LUT6=2)
  Clock Path Skew:        -0.110ns (DCD - SCD + CPR)
    Destination Clock Delay (DCD):    4.207ns = ( 14.207 - 10.000 ) 
    Source Clock Delay      (SCD):    4.474ns
    Clock Pessimism Removal (CPR):    0.158ns
  Clock Uncertainty:      0.035ns  ((TSJ^2 + TIJ^2)^1/2 + DJ) / 2 + PE
    Total System Jitter     (TSJ):    0.071ns
    Total Input Jitter      (TIJ):    0.000ns
    Discrete Jitter          (DJ):    0.000ns
    Phase Error              (PE):    0.000ns

    Location             Delay type                Incr(ns)  Path(ns)    Netlist Resource(s)
  -------------------------------------------------------------------    -------------------
                         (clock sys_clk_pin rise edge)
                                                      0.000     0.000 r  
    R2                                                0.000     0.000 r  clk (IN)
                         net (fo=0)                   0.000     0.000    clk
    R2                   IBUF (Prop_ibuf_I_O)         0.854     0.854 r  clk_IBUF_inst/O
                         net (fo=1, routed)           1.967     2.821    clk_IBUF
    BUFGCTRL_X0Y0        BUFG (Prop_bufg_I_O)         0.096     2.917 r  clk_IBUF_BUFG_inst/O
                         net (fo=785, routed)         1.557     4.474    pixel_unit/clk_IBUF_BUFG
    SLICE_X35Y34         FDCE                                         r  pixel_unit/x_reg_reg[37]/C
  -------------------------------------------------------------------    -------------------
    SLICE_X35Y34         FDCE (Prop_fdce_C_Q)         0.419     4.893 r  pixel_unit/x_reg_reg[37]/Q
                         net (fo=12, routed)          1.581     6.475    pixel_unit/x_reg[37]
    DSP48_X0Y4           DSP48E1 (Prop_dsp48e1_A[3]_PCOUT[47])
                                                      4.211    10.686 r  pixel_unit/qmul_return0__3/PCOUT[47]
                         net (fo=1, routed)           0.002    10.688    pixel_unit/qmul_return0__3_n_106
    DSP48_X0Y5           DSP48E1 (Prop_dsp48e1_PCIN[47]_PCOUT[47])
                                                      1.713    12.401 r  pixel_unit/qmul_return0__4/PCOUT[47]
                         net (fo=1, routed)           0.002    12.403    pixel_unit/qmul_return0__4_n_106
    DSP48_X0Y6           DSP48E1 (Prop_dsp48e1_PCIN[47]_PCOUT[47])
                                                      1.713    14.116 r  pixel_unit/qmul_return0__5/PCOUT[47]
                         net (fo=1, routed)           0.002    14.118    pixel_unit/qmul_return0__5_n_106
    DSP48_X0Y7           DSP48E1 (Prop_dsp48e1_PCIN[47]_P[5])
                                                      1.518    15.636 r  pixel_unit/qmul_return0__6/P[5]
                         net (fo=3, routed)           1.359    16.994    pixel_unit/qmul_return0__6_n_100
    SLICE_X32Y26         LUT3 (Prop_lut3_I2_O)        0.124    17.118 r  pixel_unit/x_reg[31]_i_35/O
                         net (fo=2, routed)           0.451    17.569    pixel_unit/x_reg[31]_i_35_n_0
    SLICE_X32Y27         LUT5 (Prop_lut5_I0_O)        0.124    17.693 r  pixel_unit/x_reg[31]_i_23/O
                         net (fo=2, routed)           0.726    18.419    pixel_unit/x_reg[31]_i_23_n_0
    SLICE_X36Y28         LUT6 (Prop_lut6_I0_O)        0.124    18.543 r  pixel_unit/x_reg[31]_i_27/O
                         net (fo=1, routed)           0.000    18.543    pixel_unit/x_reg[31]_i_27_n_0
    SLICE_X36Y28         CARRY4 (Prop_carry4_S[1]_CO[3])
                                                      0.550    19.093 r  pixel_unit/x_reg_reg[31]_i_12/CO[3]
                         net (fo=1, routed)           0.000    19.093    pixel_unit/x_reg_reg[31]_i_12_n_0
    SLICE_X36Y29         CARRY4 (Prop_carry4_CI_CO[3])
                                                      0.114    19.207 r  pixel_unit/x_reg_reg[35]_i_12/CO[3]
                         net (fo=1, routed)           0.000    19.207    pixel_unit/x_reg_reg[35]_i_12_n_0
    SLICE_X36Y30         CARRY4 (Prop_carry4_CI_CO[3])
                                                      0.114    19.321 r  pixel_unit/x_reg_reg[39]_i_12/CO[3]
                         net (fo=1, routed)           0.000    19.321    pixel_unit/x_reg_reg[39]_i_12_n_0
    SLICE_X36Y31         CARRY4 (Prop_carry4_CI_CO[3])
                                                      0.114    19.435 r  pixel_unit/x_reg_reg[43]_i_12/CO[3]
                         net (fo=1, routed)           0.000    19.435    pixel_unit/x_reg_reg[43]_i_12_n_0
    SLICE_X36Y32         CARRY4 (Prop_carry4_CI_CO[3])
                                                      0.114    19.549 r  pixel_unit/x_reg_reg[47]_i_12/CO[3]
                         net (fo=1, routed)           0.000    19.549    pixel_unit/x_reg_reg[47]_i_12_n_0
    SLICE_X36Y33         CARRY4 (Prop_carry4_CI_CO[3])
                                                      0.114    19.663 r  pixel_unit/x_reg_reg[51]_i_12/CO[3]
                         net (fo=1, routed)           0.000    19.663    pixel_unit/x_reg_reg[51]_i_12_n_0
    SLICE_X36Y34         CARRY4 (Prop_carry4_CI_O[0])
                                                      0.222    19.885 r  pixel_unit/x_reg_reg[55]_i_12/O[0]
                         net (fo=5, routed)           0.738    20.623    pixel_unit/x_reg_reg[55]_i_12_n_7
    SLICE_X37Y34         LUT2 (Prop_lut2_I0_O)        0.299    20.922 r  pixel_unit/iteration_reg[9]_i_40/O
                         net (fo=1, routed)           0.000    20.922    pixel_unit/iteration_reg[9]_i_40_n_0
    SLICE_X37Y34         CARRY4 (Prop_carry4_S[1]_CO[3])
                                                      0.550    21.472 r  pixel_unit/iteration_reg_reg[9]_i_19/CO[3]
                         net (fo=1, routed)           0.000    21.472    pixel_unit/iteration_reg_reg[9]_i_19_n_0
    SLICE_X37Y35         CARRY4 (Prop_carry4_CI_CO[3])
                                                      0.114    21.586 r  pixel_unit/iteration_reg_reg[9]_i_36/CO[3]
                         net (fo=1, routed)           0.000    21.586    pixel_unit/iteration_reg_reg[9]_i_36_n_0
    SLICE_X37Y36         CARRY4 (Prop_carry4_CI_CO[3])
                                                      0.114    21.700 r  pixel_unit/iteration_reg_reg[9]_i_26/CO[3]
                         net (fo=1, routed)           0.000    21.700    pixel_unit/iteration_reg_reg[9]_i_26_n_0
    SLICE_X37Y37         CARRY4 (Prop_carry4_CI_O[3])
                                                      0.313    22.013 f  pixel_unit/iteration_reg_reg[9]_i_25/O[3]
                         net (fo=2, routed)           0.886    22.899    pixel_unit/magnitude2[63]
    SLICE_X35Y34         LUT2 (Prop_lut2_I0_O)        0.306    23.205 r  pixel_unit/iteration_reg[9]_i_12/O
                         net (fo=1, routed)           0.000    23.205    pixel_unit/iteration_reg[9]_i_12_n_0
    SLICE_X35Y34         CARRY4 (Prop_carry4_S[3]_CO[3])
                                                      0.401    23.606 f  pixel_unit/iteration_reg_reg[9]_i_5/CO[3]
                         net (fo=2, routed)           0.620    24.226    pixel_unit/iteration_reg_reg[9]_i_5_n_0
    SLICE_X35Y36         LUT6 (Prop_lut6_I5_O)        0.124    24.350 r  pixel_unit/iteration_reg[9]_i_1/O
                         net (fo=145, routed)         1.109    25.459    pixel_unit/iteration_reg[9]_i_1_n_0
    SLICE_X41Y32         FDCE                                         r  pixel_unit/x_reg_reg[49]/CE
  -------------------------------------------------------------------    -------------------

                         (clock sys_clk_pin rise edge)
                                                     10.000    10.000 r  
    R2                                                0.000    10.000 r  clk (IN)
                         net (fo=0)                   0.000    10.000    clk
    R2                   IBUF (Prop_ibuf_I_O)         0.814    10.814 r  clk_IBUF_inst/O
                         net (fo=1, routed)           1.862    12.676    clk_IBUF
    BUFGCTRL_X0Y0        BUFG (Prop_bufg_I_O)         0.091    12.767 r  clk_IBUF_BUFG_inst/O
                         net (fo=785, routed)         1.439    14.207    pixel_unit/clk_IBUF_BUFG
    SLICE_X41Y32         FDCE                                         r  pixel_unit/x_reg_reg[49]/C
                         clock pessimism              0.158    14.364    
                         clock uncertainty           -0.035    14.329    
    SLICE_X41Y32         FDCE (Setup_fdce_C_CE)      -0.205    14.124    pixel_unit/x_reg_reg[49]
  -------------------------------------------------------------------
                         required time                         14.124    
                         arrival time                         -25.459    
  -------------------------------------------------------------------
                         slack                                -11.335    

Slack (VIOLATED) :        -11.335ns  (required time - arrival time)
  Source:                 pixel_unit/x_reg_reg[37]/C
                            (rising edge-triggered cell FDCE clocked by sys_clk_pin  {rise@0.000ns fall@5.000ns period=10.000ns})
  Destination:            pixel_unit/x_reg_reg[7]/CE
                            (rising edge-triggered cell FDCE clocked by sys_clk_pin  {rise@0.000ns fall@5.000ns period=10.000ns})
  Path Group:             sys_clk_pin
  Path Type:              Setup (Max at Slow Process Corner)
  Requirement:            10.000ns  (sys_clk_pin rise@10.000ns - sys_clk_pin rise@0.000ns)
  Data Path Delay:        20.985ns  (logic 13.509ns (64.376%)  route 7.476ns (35.624%))
  Logic Levels:           22  (CARRY4=12 DSP48E1=4 LUT2=2 LUT3=1 LUT5=1 LUT6=2)
  Clock Path Skew:        -0.110ns (DCD - SCD + CPR)
    Destination Clock Delay (DCD):    4.207ns = ( 14.207 - 10.000 ) 
    Source Clock Delay      (SCD):    4.474ns
    Clock Pessimism Removal (CPR):    0.158ns
  Clock Uncertainty:      0.035ns  ((TSJ^2 + TIJ^2)^1/2 + DJ) / 2 + PE
    Total System Jitter     (TSJ):    0.071ns
    Total Input Jitter      (TIJ):    0.000ns
    Discrete Jitter          (DJ):    0.000ns
    Phase Error              (PE):    0.000ns

    Location             Delay type                Incr(ns)  Path(ns)    Netlist Resource(s)
  -------------------------------------------------------------------    -------------------
                         (clock sys_clk_pin rise edge)
                                                      0.000     0.000 r  
    R2                                                0.000     0.000 r  clk (IN)
                         net (fo=0)                   0.000     0.000    clk
    R2                   IBUF (Prop_ibuf_I_O)         0.854     0.854 r  clk_IBUF_inst/O
                         net (fo=1, routed)           1.967     2.821    clk_IBUF
    BUFGCTRL_X0Y0        BUFG (Prop_bufg_I_O)         0.096     2.917 r  clk_IBUF_BUFG_inst/O
                         net (fo=785, routed)         1.557     4.474    pixel_unit/clk_IBUF_BUFG
    SLICE_X35Y34         FDCE                                         r  pixel_unit/x_reg_reg[37]/C
  -------------------------------------------------------------------    -------------------
    SLICE_X35Y34         FDCE (Prop_fdce_C_Q)         0.419     4.893 r  pixel_unit/x_reg_reg[37]/Q
                         net (fo=12, routed)          1.581     6.475    pixel_unit/x_reg[37]
    DSP48_X0Y4           DSP48E1 (Prop_dsp48e1_A[3]_PCOUT[47])
                                                      4.211    10.686 r  pixel_unit/qmul_return0__3/PCOUT[47]
                         net (fo=1, routed)           0.002    10.688    pixel_unit/qmul_return0__3_n_106
    DSP48_X0Y5           DSP48E1 (Prop_dsp48e1_PCIN[47]_PCOUT[47])
                                                      1.713    12.401 r  pixel_unit/qmul_return0__4/PCOUT[47]
                         net (fo=1, routed)           0.002    12.403    pixel_unit/qmul_return0__4_n_106
    DSP48_X0Y6           DSP48E1 (Prop_dsp48e1_PCIN[47]_PCOUT[47])
                                                      1.713    14.116 r  pixel_unit/qmul_return0__5/PCOUT[47]
                         net (fo=1, routed)           0.002    14.118    pixel_unit/qmul_return0__5_n_106
    DSP48_X0Y7           DSP48E1 (Prop_dsp48e1_PCIN[47]_P[5])
                                                      1.518    15.636 r  pixel_unit/qmul_return0__6/P[5]
                         net (fo=3, routed)           1.359    16.994    pixel_unit/qmul_return0__6_n_100
    SLICE_X32Y26         LUT3 (Prop_lut3_I2_O)        0.124    17.118 r  pixel_unit/x_reg[31]_i_35/O
                         net (fo=2, routed)           0.451    17.569    pixel_unit/x_reg[31]_i_35_n_0
    SLICE_X32Y27         LUT5 (Prop_lut5_I0_O)        0.124    17.693 r  pixel_unit/x_reg[31]_i_23/O
                         net (fo=2, routed)           0.726    18.419    pixel_unit/x_reg[31]_i_23_n_0
    SLICE_X36Y28         LUT6 (Prop_lut6_I0_O)        0.124    18.543 r  pixel_unit/x_reg[31]_i_27/O
                         net (fo=1, routed)           0.000    18.543    pixel_unit/x_reg[31]_i_27_n_0
    SLICE_X36Y28         CARRY4 (Prop_carry4_S[1]_CO[3])
                                                      0.550    19.093 r  pixel_unit/x_reg_reg[31]_i_12/CO[3]
                         net (fo=1, routed)           0.000    19.093    pixel_unit/x_reg_reg[31]_i_12_n_0
    SLICE_X36Y29         CARRY4 (Prop_carry4_CI_CO[3])
                                                      0.114    19.207 r  pixel_unit/x_reg_reg[35]_i_12/CO[3]
                         net (fo=1, routed)           0.000    19.207    pixel_unit/x_reg_reg[35]_i_12_n_0
    SLICE_X36Y30         CARRY4 (Prop_carry4_CI_CO[3])
                                                      0.114    19.321 r  pixel_unit/x_reg_reg[39]_i_12/CO[3]
                         net (fo=1, routed)           0.000    19.321    pixel_unit/x_reg_reg[39]_i_12_n_0
    SLICE_X36Y31         CARRY4 (Prop_carry4_CI_CO[3])
                                                      0.114    19.435 r  pixel_unit/x_reg_reg[43]_i_12/CO[3]
                         net (fo=1, routed)           0.000    19.435    pixel_unit/x_reg_reg[43]_i_12_n_0
    SLICE_X36Y32         CARRY4 (Prop_carry4_CI_CO[3])
                                                      0.114    19.549 r  pixel_unit/x_reg_reg[47]_i_12/CO[3]
                         net (fo=1, routed)           0.000    19.549    pixel_unit/x_reg_reg[47]_i_12_n_0
    SLICE_X36Y33         CARRY4 (Prop_carry4_CI_CO[3])
                                                      0.114    19.663 r  pixel_unit/x_reg_reg[51]_i_12/CO[3]
                         net (fo=1, routed)           0.000    19.663    pixel_unit/x_reg_reg[51]_i_12_n_0
    SLICE_X36Y34         CARRY4 (Prop_carry4_CI_O[0])
                                                      0.222    19.885 r  pixel_unit/x_reg_reg[55]_i_12/O[0]
                         net (fo=5, routed)           0.738    20.623    pixel_unit/x_reg_reg[55]_i_12_n_7
    SLICE_X37Y34         LUT2 (Prop_lut2_I0_O)        0.299    20.922 r  pixel_unit/iteration_reg[9]_i_40/O
                         net (fo=1, routed)           0.000    20.922    pixel_unit/iteration_reg[9]_i_40_n_0
    SLICE_X37Y34         CARRY4 (Prop_carry4_S[1]_CO[3])
                                                      0.550    21.472 r  pixel_unit/iteration_reg_reg[9]_i_19/CO[3]
                         net (fo=1, routed)           0.000    21.472    pixel_unit/iteration_reg_reg[9]_i_19_n_0
    SLICE_X37Y35         CARRY4 (Prop_carry4_CI_CO[3])
                                                      0.114    21.586 r  pixel_unit/iteration_reg_reg[9]_i_36/CO[3]
                         net (fo=1, routed)           0.000    21.586    pixel_unit/iteration_reg_reg[9]_i_36_n_0
    SLICE_X37Y36         CARRY4 (Prop_carry4_CI_CO[3])
                                                      0.114    21.700 r  pixel_unit/iteration_reg_reg[9]_i_26/CO[3]
                         net (fo=1, routed)           0.000    21.700    pixel_unit/iteration_reg_reg[9]_i_26_n_0
    SLICE_X37Y37         CARRY4 (Prop_carry4_CI_O[3])
                                                      0.313    22.013 f  pixel_unit/iteration_reg_reg[9]_i_25/O[3]
                         net (fo=2, routed)           0.886    22.899    pixel_unit/magnitude2[63]
    SLICE_X35Y34         LUT2 (Prop_lut2_I0_O)        0.306    23.205 r  pixel_unit/iteration_reg[9]_i_12/O
                         net (fo=1, routed)           0.000    23.205    pixel_unit/iteration_reg[9]_i_12_n_0
    SLICE_X35Y34         CARRY4 (Prop_carry4_S[3]_CO[3])
                                                      0.401    23.606 f  pixel_unit/iteration_reg_reg[9]_i_5/CO[3]
                         net (fo=2, routed)           0.620    24.226    pixel_unit/iteration_reg_reg[9]_i_5_n_0
    SLICE_X35Y36         LUT6 (Prop_lut6_I5_O)        0.124    24.350 r  pixel_unit/iteration_reg[9]_i_1/O
                         net (fo=145, routed)         1.109    25.459    pixel_unit/iteration_reg[9]_i_1_n_0
    SLICE_X41Y32         FDCE                                         r  pixel_unit/x_reg_reg[7]/CE
  -------------------------------------------------------------------    -------------------

                         (clock sys_clk_pin rise edge)
                                                     10.000    10.000 r  
    R2                                                0.000    10.000 r  clk (IN)
                         net (fo=0)                   0.000    10.000    clk
    R2                   IBUF (Prop_ibuf_I_O)         0.814    10.814 r  clk_IBUF_inst/O
                         net (fo=1, routed)           1.862    12.676    clk_IBUF
    BUFGCTRL_X0Y0        BUFG (Prop_bufg_I_O)         0.091    12.767 r  clk_IBUF_BUFG_inst/O
                         net (fo=785, routed)         1.439    14.207    pixel_unit/clk_IBUF_BUFG
    SLICE_X41Y32         FDCE                                         r  pixel_unit/x_reg_reg[7]/C
                         clock pessimism              0.158    14.364    
                         clock uncertainty           -0.035    14.329    
    SLICE_X41Y32         FDCE (Setup_fdce_C_CE)      -0.205    14.124    pixel_unit/x_reg_reg[7]
  -------------------------------------------------------------------
                         required time                         14.124    
                         arrival time                         -25.459    
  -------------------------------------------------------------------
                         slack                                -11.335    

Slack (VIOLATED) :        -11.318ns  (required time - arrival time)
  Source:                 pixel_unit/x_reg_reg[37]/C
                            (rising edge-triggered cell FDCE clocked by sys_clk_pin  {rise@0.000ns fall@5.000ns period=10.000ns})
  Destination:            pixel_unit/x_reg_reg[2]/CE
                            (rising edge-triggered cell FDCE clocked by sys_clk_pin  {rise@0.000ns fall@5.000ns period=10.000ns})
  Path Group:             sys_clk_pin
  Path Type:              Setup (Max at Slow Process Corner)
  Requirement:            10.000ns  (sys_clk_pin rise@10.000ns - sys_clk_pin rise@0.000ns)
  Data Path Delay:        20.968ns  (logic 13.509ns (64.426%)  route 7.459ns (35.574%))
  Logic Levels:           22  (CARRY4=12 DSP48E1=4 LUT2=2 LUT3=1 LUT5=1 LUT6=2)
  Clock Path Skew:        -0.109ns (DCD - SCD + CPR)
    Destination Clock Delay (DCD):    4.208ns = ( 14.208 - 10.000 ) 
    Source Clock Delay      (SCD):    4.474ns
    Clock Pessimism Removal (CPR):    0.158ns
  Clock Uncertainty:      0.035ns  ((TSJ^2 + TIJ^2)^1/2 + DJ) / 2 + PE
    Total System Jitter     (TSJ):    0.071ns
    Total Input Jitter      (TIJ):    0.000ns
    Discrete Jitter          (DJ):    0.000ns
    Phase Error              (PE):    0.000ns

    Location             Delay type                Incr(ns)  Path(ns)    Netlist Resource(s)
  -------------------------------------------------------------------    -------------------
                         (clock sys_clk_pin rise edge)
                                                      0.000     0.000 r  
    R2                                                0.000     0.000 r  clk (IN)
                         net (fo=0)                   0.000     0.000    clk
    R2                   IBUF (Prop_ibuf_I_O)         0.854     0.854 r  clk_IBUF_inst/O
                         net (fo=1, routed)           1.967     2.821    clk_IBUF
    BUFGCTRL_X0Y0        BUFG (Prop_bufg_I_O)         0.096     2.917 r  clk_IBUF_BUFG_inst/O
                         net (fo=785, routed)         1.557     4.474    pixel_unit/clk_IBUF_BUFG
    SLICE_X35Y34         FDCE                                         r  pixel_unit/x_reg_reg[37]/C
  -------------------------------------------------------------------    -------------------
    SLICE_X35Y34         FDCE (Prop_fdce_C_Q)         0.419     4.893 r  pixel_unit/x_reg_reg[37]/Q
                         net (fo=12, routed)          1.581     6.475    pixel_unit/x_reg[37]
    DSP48_X0Y4           DSP48E1 (Prop_dsp48e1_A[3]_PCOUT[47])
                                                      4.211    10.686 r  pixel_unit/qmul_return0__3/PCOUT[47]
                         net (fo=1, routed)           0.002    10.688    pixel_unit/qmul_return0__3_n_106
    DSP48_X0Y5           DSP48E1 (Prop_dsp48e1_PCIN[47]_PCOUT[47])
                                                      1.713    12.401 r  pixel_unit/qmul_return0__4/PCOUT[47]
                         net (fo=1, routed)           0.002    12.403    pixel_unit/qmul_return0__4_n_106
    DSP48_X0Y6           DSP48E1 (Prop_dsp48e1_PCIN[47]_PCOUT[47])
                                                      1.713    14.116 r  pixel_unit/qmul_return0__5/PCOUT[47]
                         net (fo=1, routed)           0.002    14.118    pixel_unit/qmul_return0__5_n_106
    DSP48_X0Y7           DSP48E1 (Prop_dsp48e1_PCIN[47]_P[5])
                                                      1.518    15.636 r  pixel_unit/qmul_return0__6/P[5]
                         net (fo=3, routed)           1.359    16.994    pixel_unit/qmul_return0__6_n_100
    SLICE_X32Y26         LUT3 (Prop_lut3_I2_O)        0.124    17.118 r  pixel_unit/x_reg[31]_i_35/O
                         net (fo=2, routed)           0.451    17.569    pixel_unit/x_reg[31]_i_35_n_0
    SLICE_X32Y27         LUT5 (Prop_lut5_I0_O)        0.124    17.693 r  pixel_unit/x_reg[31]_i_23/O
                         net (fo=2, routed)           0.726    18.419    pixel_unit/x_reg[31]_i_23_n_0
    SLICE_X36Y28         LUT6 (Prop_lut6_I0_O)        0.124    18.543 r  pixel_unit/x_reg[31]_i_27/O
                         net (fo=1, routed)           0.000    18.543    pixel_unit/x_reg[31]_i_27_n_0
    SLICE_X36Y28         CARRY4 (Prop_carry4_S[1]_CO[3])
                                                      0.550    19.093 r  pixel_unit/x_reg_reg[31]_i_12/CO[3]
                         net (fo=1, routed)           0.000    19.093    pixel_unit/x_reg_reg[31]_i_12_n_0
    SLICE_X36Y29         CARRY4 (Prop_carry4_CI_CO[3])
                                                      0.114    19.207 r  pixel_unit/x_reg_reg[35]_i_12/CO[3]
                         net (fo=1, routed)           0.000    19.207    pixel_unit/x_reg_reg[35]_i_12_n_0
    SLICE_X36Y30         CARRY4 (Prop_carry4_CI_CO[3])
                                                      0.114    19.321 r  pixel_unit/x_reg_reg[39]_i_12/CO[3]
                         net (fo=1, routed)           0.000    19.321    pixel_unit/x_reg_reg[39]_i_12_n_0
    SLICE_X36Y31         CARRY4 (Prop_carry4_CI_CO[3])
                                                      0.114    19.435 r  pixel_unit/x_reg_reg[43]_i_12/CO[3]
                         net (fo=1, routed)           0.000    19.435    pixel_unit/x_reg_reg[43]_i_12_n_0
    SLICE_X36Y32         CARRY4 (Prop_carry4_CI_CO[3])
                                                      0.114    19.549 r  pixel_unit/x_reg_reg[47]_i_12/CO[3]
                         net (fo=1, routed)           0.000    19.549    pixel_unit/x_reg_reg[47]_i_12_n_0
    SLICE_X36Y33         CARRY4 (Prop_carry4_CI_CO[3])
                                                      0.114    19.663 r  pixel_unit/x_reg_reg[51]_i_12/CO[3]
                         net (fo=1, routed)           0.000    19.663    pixel_unit/x_reg_reg[51]_i_12_n_0
    SLICE_X36Y34         CARRY4 (Prop_carry4_CI_O[0])
                                                      0.222    19.885 r  pixel_unit/x_reg_reg[55]_i_12/O[0]
                         net (fo=5, routed)           0.738    20.623    pixel_unit/x_reg_reg[55]_i_12_n_7
    SLICE_X37Y34         LUT2 (Prop_lut2_I0_O)        0.299    20.922 r  pixel_unit/iteration_reg[9]_i_40/O
                         net (fo=1, routed)           0.000    20.922    pixel_unit/iteration_reg[9]_i_40_n_0
    SLICE_X37Y34         CARRY4 (Prop_carry4_S[1]_CO[3])
                                                      0.550    21.472 r  pixel_unit/iteration_reg_reg[9]_i_19/CO[3]
                         net (fo=1, routed)           0.000    21.472    pixel_unit/iteration_reg_reg[9]_i_19_n_0
    SLICE_X37Y35         CARRY4 (Prop_carry4_CI_CO[3])
                                                      0.114    21.586 r  pixel_unit/iteration_reg_reg[9]_i_36/CO[3]
                         net (fo=1, routed)           0.000    21.586    pixel_unit/iteration_reg_reg[9]_i_36_n_0
    SLICE_X37Y36         CARRY4 (Prop_carry4_CI_CO[3])
                                                      0.114    21.700 r  pixel_unit/iteration_reg_reg[9]_i_26/CO[3]
                         net (fo=1, routed)           0.000    21.700    pixel_unit/iteration_reg_reg[9]_i_26_n_0
    SLICE_X37Y37         CARRY4 (Prop_carry4_CI_O[3])
                                                      0.313    22.013 f  pixel_unit/iteration_reg_reg[9]_i_25/O[3]
                         net (fo=2, routed)           0.886    22.899    pixel_unit/magnitude2[63]
    SLICE_X35Y34         LUT2 (Prop_lut2_I0_O)        0.306    23.205 r  pixel_unit/iteration_reg[9]_i_12/O
                         net (fo=1, routed)           0.000    23.205    pixel_unit/iteration_reg[9]_i_12_n_0
    SLICE_X35Y34         CARRY4 (Prop_carry4_S[3]_CO[3])
                                                      0.401    23.606 f  pixel_unit/iteration_reg_reg[9]_i_5/CO[3]
                         net (fo=2, routed)           0.620    24.226    pixel_unit/iteration_reg_reg[9]_i_5_n_0
    SLICE_X35Y36         LUT6 (Prop_lut6_I5_O)        0.124    24.350 r  pixel_unit/iteration_reg[9]_i_1/O
                         net (fo=145, routed)         1.093    25.442    pixel_unit/iteration_reg[9]_i_1_n_0
    SLICE_X41Y33         FDCE                                         r  pixel_unit/x_reg_reg[2]/CE
  -------------------------------------------------------------------    -------------------

                         (clock sys_clk_pin rise edge)
                                                     10.000    10.000 r  
    R2                                                0.000    10.000 r  clk (IN)
                         net (fo=0)                   0.000    10.000    clk
    R2                   IBUF (Prop_ibuf_I_O)         0.814    10.814 r  clk_IBUF_inst/O
                         net (fo=1, routed)           1.862    12.676    clk_IBUF
    BUFGCTRL_X0Y0        BUFG (Prop_bufg_I_O)         0.091    12.767 r  clk_IBUF_BUFG_inst/O
                         net (fo=785, routed)         1.440    14.208    pixel_unit/clk_IBUF_BUFG
    SLICE_X41Y33         FDCE                                         r  pixel_unit/x_reg_reg[2]/C
                         clock pessimism              0.158    14.365    
                         clock uncertainty           -0.035    14.330    
    SLICE_X41Y33         FDCE (Setup_fdce_C_CE)      -0.205    14.125    pixel_unit/x_reg_reg[2]
  -------------------------------------------------------------------
                         required time                         14.125    
                         arrival time                         -25.442    
  -------------------------------------------------------------------
                         slack                                -11.318    

Slack (VIOLATED) :        -11.318ns  (required time - arrival time)
  Source:                 pixel_unit/x_reg_reg[37]/C
                            (rising edge-triggered cell FDCE clocked by sys_clk_pin  {rise@0.000ns fall@5.000ns period=10.000ns})
  Destination:            pixel_unit/x_reg_reg[45]/CE
                            (rising edge-triggered cell FDCE clocked by sys_clk_pin  {rise@0.000ns fall@5.000ns period=10.000ns})
  Path Group:             sys_clk_pin
  Path Type:              Setup (Max at Slow Process Corner)
  Requirement:            10.000ns  (sys_clk_pin rise@10.000ns - sys_clk_pin rise@0.000ns)
  Data Path Delay:        20.968ns  (logic 13.509ns (64.426%)  route 7.459ns (35.574%))
  Logic Levels:           22  (CARRY4=12 DSP48E1=4 LUT2=2 LUT3=1 LUT5=1 LUT6=2)
  Clock Path Skew:        -0.109ns (DCD - SCD + CPR)
    Destination Clock Delay (DCD):    4.208ns = ( 14.208 - 10.000 ) 
    Source Clock Delay      (SCD):    4.474ns
    Clock Pessimism Removal (CPR):    0.158ns
  Clock Uncertainty:      0.035ns  ((TSJ^2 + TIJ^2)^1/2 + DJ) / 2 + PE
    Total System Jitter     (TSJ):    0.071ns
    Total Input Jitter      (TIJ):    0.000ns
    Discrete Jitter          (DJ):    0.000ns
    Phase Error              (PE):    0.000ns

    Location             Delay type                Incr(ns)  Path(ns)    Netlist Resource(s)
  -------------------------------------------------------------------    -------------------
                         (clock sys_clk_pin rise edge)
                                                      0.000     0.000 r  
    R2                                                0.000     0.000 r  clk (IN)
                         net (fo=0)                   0.000     0.000    clk
    R2                   IBUF (Prop_ibuf_I_O)         0.854     0.854 r  clk_IBUF_inst/O
                         net (fo=1, routed)           1.967     2.821    clk_IBUF
    BUFGCTRL_X0Y0        BUFG (Prop_bufg_I_O)         0.096     2.917 r  clk_IBUF_BUFG_inst/O
                         net (fo=785, routed)         1.557     4.474    pixel_unit/clk_IBUF_BUFG
    SLICE_X35Y34         FDCE                                         r  pixel_unit/x_reg_reg[37]/C
  -------------------------------------------------------------------    -------------------
    SLICE_X35Y34         FDCE (Prop_fdce_C_Q)         0.419     4.893 r  pixel_unit/x_reg_reg[37]/Q
                         net (fo=12, routed)          1.581     6.475    pixel_unit/x_reg[37]
    DSP48_X0Y4           DSP48E1 (Prop_dsp48e1_A[3]_PCOUT[47])
                                                      4.211    10.686 r  pixel_unit/qmul_return0__3/PCOUT[47]
                         net (fo=1, routed)           0.002    10.688    pixel_unit/qmul_return0__3_n_106
    DSP48_X0Y5           DSP48E1 (Prop_dsp48e1_PCIN[47]_PCOUT[47])
                                                      1.713    12.401 r  pixel_unit/qmul_return0__4/PCOUT[47]
                         net (fo=1, routed)           0.002    12.403    pixel_unit/qmul_return0__4_n_106
    DSP48_X0Y6           DSP48E1 (Prop_dsp48e1_PCIN[47]_PCOUT[47])
                                                      1.713    14.116 r  pixel_unit/qmul_return0__5/PCOUT[47]
                         net (fo=1, routed)           0.002    14.118    pixel_unit/qmul_return0__5_n_106
    DSP48_X0Y7           DSP48E1 (Prop_dsp48e1_PCIN[47]_P[5])
                                                      1.518    15.636 r  pixel_unit/qmul_return0__6/P[5]
                         net (fo=3, routed)           1.359    16.994    pixel_unit/qmul_return0__6_n_100
    SLICE_X32Y26         LUT3 (Prop_lut3_I2_O)        0.124    17.118 r  pixel_unit/x_reg[31]_i_35/O
                         net (fo=2, routed)           0.451    17.569    pixel_unit/x_reg[31]_i_35_n_0
    SLICE_X32Y27         LUT5 (Prop_lut5_I0_O)        0.124    17.693 r  pixel_unit/x_reg[31]_i_23/O
                         net (fo=2, routed)           0.726    18.419    pixel_unit/x_reg[31]_i_23_n_0
    SLICE_X36Y28         LUT6 (Prop_lut6_I0_O)        0.124    18.543 r  pixel_unit/x_reg[31]_i_27/O
                         net (fo=1, routed)           0.000    18.543    pixel_unit/x_reg[31]_i_27_n_0
    SLICE_X36Y28         CARRY4 (Prop_carry4_S[1]_CO[3])
                                                      0.550    19.093 r  pixel_unit/x_reg_reg[31]_i_12/CO[3]
                         net (fo=1, routed)           0.000    19.093    pixel_unit/x_reg_reg[31]_i_12_n_0
    SLICE_X36Y29         CARRY4 (Prop_carry4_CI_CO[3])
                                                      0.114    19.207 r  pixel_unit/x_reg_reg[35]_i_12/CO[3]
                         net (fo=1, routed)           0.000    19.207    pixel_unit/x_reg_reg[35]_i_12_n_0
    SLICE_X36Y30         CARRY4 (Prop_carry4_CI_CO[3])
                                                      0.114    19.321 r  pixel_unit/x_reg_reg[39]_i_12/CO[3]
                         net (fo=1, routed)           0.000    19.321    pixel_unit/x_reg_reg[39]_i_12_n_0
    SLICE_X36Y31         CARRY4 (Prop_carry4_CI_CO[3])
                                                      0.114    19.435 r  pixel_unit/x_reg_reg[43]_i_12/CO[3]
                         net (fo=1, routed)           0.000    19.435    pixel_unit/x_reg_reg[43]_i_12_n_0
    SLICE_X36Y32         CARRY4 (Prop_carry4_CI_CO[3])
                                                      0.114    19.549 r  pixel_unit/x_reg_reg[47]_i_12/CO[3]
                         net (fo=1, routed)           0.000    19.549    pixel_unit/x_reg_reg[47]_i_12_n_0
    SLICE_X36Y33         CARRY4 (Prop_carry4_CI_CO[3])
                                                      0.114    19.663 r  pixel_unit/x_reg_reg[51]_i_12/CO[3]
                         net (fo=1, routed)           0.000    19.663    pixel_unit/x_reg_reg[51]_i_12_n_0
    SLICE_X36Y34         CARRY4 (Prop_carry4_CI_O[0])
                                                      0.222    19.885 r  pixel_unit/x_reg_reg[55]_i_12/O[0]
                         net (fo=5, routed)           0.738    20.623    pixel_unit/x_reg_reg[55]_i_12_n_7
    SLICE_X37Y34         LUT2 (Prop_lut2_I0_O)        0.299    20.922 r  pixel_unit/iteration_reg[9]_i_40/O
                         net (fo=1, routed)           0.000    20.922    pixel_unit/iteration_reg[9]_i_40_n_0
    SLICE_X37Y34         CARRY4 (Prop_carry4_S[1]_CO[3])
                                                      0.550    21.472 r  pixel_unit/iteration_reg_reg[9]_i_19/CO[3]
                         net (fo=1, routed)           0.000    21.472    pixel_unit/iteration_reg_reg[9]_i_19_n_0
    SLICE_X37Y35         CARRY4 (Prop_carry4_CI_CO[3])
                                                      0.114    21.586 r  pixel_unit/iteration_reg_reg[9]_i_36/CO[3]
                         net (fo=1, routed)           0.000    21.586    pixel_unit/iteration_reg_reg[9]_i_36_n_0
    SLICE_X37Y36         CARRY4 (Prop_carry4_CI_CO[3])
                                                      0.114    21.700 r  pixel_unit/iteration_reg_reg[9]_i_26/CO[3]
                         net (fo=1, routed)           0.000    21.700    pixel_unit/iteration_reg_reg[9]_i_26_n_0
    SLICE_X37Y37         CARRY4 (Prop_carry4_CI_O[3])
                                                      0.313    22.013 f  pixel_unit/iteration_reg_reg[9]_i_25/O[3]
                         net (fo=2, routed)           0.886    22.899    pixel_unit/magnitude2[63]
    SLICE_X35Y34         LUT2 (Prop_lut2_I0_O)        0.306    23.205 r  pixel_unit/iteration_reg[9]_i_12/O
                         net (fo=1, routed)           0.000    23.205    pixel_unit/iteration_reg[9]_i_12_n_0
    SLICE_X35Y34         CARRY4 (Prop_carry4_S[3]_CO[3])
                                                      0.401    23.606 f  pixel_unit/iteration_reg_reg[9]_i_5/CO[3]
                         net (fo=2, routed)           0.620    24.226    pixel_unit/iteration_reg_reg[9]_i_5_n_0
    SLICE_X35Y36         LUT6 (Prop_lut6_I5_O)        0.124    24.350 r  pixel_unit/iteration_reg[9]_i_1/O
                         net (fo=145, routed)         1.093    25.442    pixel_unit/iteration_reg[9]_i_1_n_0
    SLICE_X41Y33         FDCE                                         r  pixel_unit/x_reg_reg[45]/CE
  -------------------------------------------------------------------    -------------------

                         (clock sys_clk_pin rise edge)
                                                     10.000    10.000 r  
    R2                                                0.000    10.000 r  clk (IN)
                         net (fo=0)                   0.000    10.000    clk
    R2                   IBUF (Prop_ibuf_I_O)         0.814    10.814 r  clk_IBUF_inst/O
                         net (fo=1, routed)           1.862    12.676    clk_IBUF
    BUFGCTRL_X0Y0        BUFG (Prop_bufg_I_O)         0.091    12.767 r  clk_IBUF_BUFG_inst/O
                         net (fo=785, routed)         1.440    14.208    pixel_unit/clk_IBUF_BUFG
    SLICE_X41Y33         FDCE                                         r  pixel_unit/x_reg_reg[45]/C
                         clock pessimism              0.158    14.365    
                         clock uncertainty           -0.035    14.330    
    SLICE_X41Y33         FDCE (Setup_fdce_C_CE)      -0.205    14.125    pixel_unit/x_reg_reg[45]
  -------------------------------------------------------------------
                         required time                         14.125    
                         arrival time                         -25.442    
  -------------------------------------------------------------------
                         slack                                -11.318    

Slack (VIOLATED) :        -11.318ns  (required time - arrival time)
  Source:                 pixel_unit/x_reg_reg[37]/C
                            (rising edge-triggered cell FDCE clocked by sys_clk_pin  {rise@0.000ns fall@5.000ns period=10.000ns})
  Destination:            pixel_unit/y_reg_reg[0]/CE
                            (rising edge-triggered cell FDCE clocked by sys_clk_pin  {rise@0.000ns fall@5.000ns period=10.000ns})
  Path Group:             sys_clk_pin
  Path Type:              Setup (Max at Slow Process Corner)
  Requirement:            10.000ns  (sys_clk_pin rise@10.000ns - sys_clk_pin rise@0.000ns)
  Data Path Delay:        20.968ns  (logic 13.509ns (64.426%)  route 7.459ns (35.574%))
  Logic Levels:           22  (CARRY4=12 DSP48E1=4 LUT2=2 LUT3=1 LUT5=1 LUT6=2)
  Clock Path Skew:        -0.109ns (DCD - SCD + CPR)
    Destination Clock Delay (DCD):    4.208ns = ( 14.208 - 10.000 ) 
    Source Clock Delay      (SCD):    4.474ns
    Clock Pessimism Removal (CPR):    0.158ns
  Clock Uncertainty:      0.035ns  ((TSJ^2 + TIJ^2)^1/2 + DJ) / 2 + PE
    Total System Jitter     (TSJ):    0.071ns
    Total Input Jitter      (TIJ):    0.000ns
    Discrete Jitter          (DJ):    0.000ns
    Phase Error              (PE):    0.000ns

    Location             Delay type                Incr(ns)  Path(ns)    Netlist Resource(s)
  -------------------------------------------------------------------    -------------------
                         (clock sys_clk_pin rise edge)
                                                      0.000     0.000 r  
    R2                                                0.000     0.000 r  clk (IN)
                         net (fo=0)                   0.000     0.000    clk
    R2                   IBUF (Prop_ibuf_I_O)         0.854     0.854 r  clk_IBUF_inst/O
                         net (fo=1, routed)           1.967     2.821    clk_IBUF
    BUFGCTRL_X0Y0        BUFG (Prop_bufg_I_O)         0.096     2.917 r  clk_IBUF_BUFG_inst/O
                         net (fo=785, routed)         1.557     4.474    pixel_unit/clk_IBUF_BUFG
    SLICE_X35Y34         FDCE                                         r  pixel_unit/x_reg_reg[37]/C
  -------------------------------------------------------------------    -------------------
    SLICE_X35Y34         FDCE (Prop_fdce_C_Q)         0.419     4.893 r  pixel_unit/x_reg_reg[37]/Q
                         net (fo=12, routed)          1.581     6.475    pixel_unit/x_reg[37]
    DSP48_X0Y4           DSP48E1 (Prop_dsp48e1_A[3]_PCOUT[47])
                                                      4.211    10.686 r  pixel_unit/qmul_return0__3/PCOUT[47]
                         net (fo=1, routed)           0.002    10.688    pixel_unit/qmul_return0__3_n_106
    DSP48_X0Y5           DSP48E1 (Prop_dsp48e1_PCIN[47]_PCOUT[47])
                                                      1.713    12.401 r  pixel_unit/qmul_return0__4/PCOUT[47]
                         net (fo=1, routed)           0.002    12.403    pixel_unit/qmul_return0__4_n_106
    DSP48_X0Y6           DSP48E1 (Prop_dsp48e1_PCIN[47]_PCOUT[47])
                                                      1.713    14.116 r  pixel_unit/qmul_return0__5/PCOUT[47]
                         net (fo=1, routed)           0.002    14.118    pixel_unit/qmul_return0__5_n_106
    DSP48_X0Y7           DSP48E1 (Prop_dsp48e1_PCIN[47]_P[5])
                                                      1.518    15.636 r  pixel_unit/qmul_return0__6/P[5]
                         net (fo=3, routed)           1.359    16.994    pixel_unit/qmul_return0__6_n_100
    SLICE_X32Y26         LUT3 (Prop_lut3_I2_O)        0.124    17.118 r  pixel_unit/x_reg[31]_i_35/O
                         net (fo=2, routed)           0.451    17.569    pixel_unit/x_reg[31]_i_35_n_0
    SLICE_X32Y27         LUT5 (Prop_lut5_I0_O)        0.124    17.693 r  pixel_unit/x_reg[31]_i_23/O
                         net (fo=2, routed)           0.726    18.419    pixel_unit/x_reg[31]_i_23_n_0
    SLICE_X36Y28         LUT6 (Prop_lut6_I0_O)        0.124    18.543 r  pixel_unit/x_reg[31]_i_27/O
                         net (fo=1, routed)           0.000    18.543    pixel_unit/x_reg[31]_i_27_n_0
    SLICE_X36Y28         CARRY4 (Prop_carry4_S[1]_CO[3])
                                                      0.550    19.093 r  pixel_unit/x_reg_reg[31]_i_12/CO[3]
                         net (fo=1, routed)           0.000    19.093    pixel_unit/x_reg_reg[31]_i_12_n_0
    SLICE_X36Y29         CARRY4 (Prop_carry4_CI_CO[3])
                                                      0.114    19.207 r  pixel_unit/x_reg_reg[35]_i_12/CO[3]
                         net (fo=1, routed)           0.000    19.207    pixel_unit/x_reg_reg[35]_i_12_n_0
    SLICE_X36Y30         CARRY4 (Prop_carry4_CI_CO[3])
                                                      0.114    19.321 r  pixel_unit/x_reg_reg[39]_i_12/CO[3]
                         net (fo=1, routed)           0.000    19.321    pixel_unit/x_reg_reg[39]_i_12_n_0
    SLICE_X36Y31         CARRY4 (Prop_carry4_CI_CO[3])
                                                      0.114    19.435 r  pixel_unit/x_reg_reg[43]_i_12/CO[3]
                         net (fo=1, routed)           0.000    19.435    pixel_unit/x_reg_reg[43]_i_12_n_0
    SLICE_X36Y32         CARRY4 (Prop_carry4_CI_CO[3])
                                                      0.114    19.549 r  pixel_unit/x_reg_reg[47]_i_12/CO[3]
                         net (fo=1, routed)           0.000    19.549    pixel_unit/x_reg_reg[47]_i_12_n_0
    SLICE_X36Y33         CARRY4 (Prop_carry4_CI_CO[3])
                                                      0.114    19.663 r  pixel_unit/x_reg_reg[51]_i_12/CO[3]
                         net (fo=1, routed)           0.000    19.663    pixel_unit/x_reg_reg[51]_i_12_n_0
    SLICE_X36Y34         CARRY4 (Prop_carry4_CI_O[0])
                                                      0.222    19.885 r  pixel_unit/x_reg_reg[55]_i_12/O[0]
                         net (fo=5, routed)           0.738    20.623    pixel_unit/x_reg_reg[55]_i_12_n_7
    SLICE_X37Y34         LUT2 (Prop_lut2_I0_O)        0.299    20.922 r  pixel_unit/iteration_reg[9]_i_40/O
                         net (fo=1, routed)           0.000    20.922    pixel_unit/iteration_reg[9]_i_40_n_0
    SLICE_X37Y34         CARRY4 (Prop_carry4_S[1]_CO[3])
                                                      0.550    21.472 r  pixel_unit/iteration_reg_reg[9]_i_19/CO[3]
                         net (fo=1, routed)           0.000    21.472    pixel_unit/iteration_reg_reg[9]_i_19_n_0
    SLICE_X37Y35         CARRY4 (Prop_carry4_CI_CO[3])
                                                      0.114    21.586 r  pixel_unit/iteration_reg_reg[9]_i_36/CO[3]
                         net (fo=1, routed)           0.000    21.586    pixel_unit/iteration_reg_reg[9]_i_36_n_0
    SLICE_X37Y36         CARRY4 (Prop_carry4_CI_CO[3])
                                                      0.114    21.700 r  pixel_unit/iteration_reg_reg[9]_i_26/CO[3]
                         net (fo=1, routed)           0.000    21.700    pixel_unit/iteration_reg_reg[9]_i_26_n_0
    SLICE_X37Y37         CARRY4 (Prop_carry4_CI_O[3])
                                                      0.313    22.013 f  pixel_unit/iteration_reg_reg[9]_i_25/O[3]
                         net (fo=2, routed)           0.886    22.899    pixel_unit/magnitude2[63]
    SLICE_X35Y34         LUT2 (Prop_lut2_I0_O)        0.306    23.205 r  pixel_unit/iteration_reg[9]_i_12/O
                         net (fo=1, routed)           0.000    23.205    pixel_unit/iteration_reg[9]_i_12_n_0
    SLICE_X35Y34         CARRY4 (Prop_carry4_S[3]_CO[3])
                                                      0.401    23.606 f  pixel_unit/iteration_reg_reg[9]_i_5/CO[3]
                         net (fo=2, routed)           0.620    24.226    pixel_unit/iteration_reg_reg[9]_i_5_n_0
    SLICE_X35Y36         LUT6 (Prop_lut6_I5_O)        0.124    24.350 r  pixel_unit/iteration_reg[9]_i_1/O
                         net (fo=145, routed)         1.093    25.442    pixel_unit/iteration_reg[9]_i_1_n_0
    SLICE_X41Y33         FDCE                                         r  pixel_unit/y_reg_reg[0]/CE
  -------------------------------------------------------------------    -------------------

                         (clock sys_clk_pin rise edge)
                                                     10.000    10.000 r  
    R2                                                0.000    10.000 r  clk (IN)
                         net (fo=0)                   0.000    10.000    clk
    R2                   IBUF (Prop_ibuf_I_O)         0.814    10.814 r  clk_IBUF_inst/O
                         net (fo=1, routed)           1.862    12.676    clk_IBUF
    BUFGCTRL_X0Y0        BUFG (Prop_bufg_I_O)         0.091    12.767 r  clk_IBUF_BUFG_inst/O
                         net (fo=785, routed)         1.440    14.208    pixel_unit/clk_IBUF_BUFG
    SLICE_X41Y33         FDCE                                         r  pixel_unit/y_reg_reg[0]/C
                         clock pessimism              0.158    14.365    
                         clock uncertainty           -0.035    14.330    
    SLICE_X41Y33         FDCE (Setup_fdce_C_CE)      -0.205    14.125    pixel_unit/y_reg_reg[0]
  -------------------------------------------------------------------
                         required time                         14.125    
                         arrival time                         -25.442    
  -------------------------------------------------------------------
                         slack                                -11.318    

Slack (VIOLATED) :        -11.318ns  (required time - arrival time)
  Source:                 pixel_unit/x_reg_reg[37]/C
                            (rising edge-triggered cell FDCE clocked by sys_clk_pin  {rise@0.000ns fall@5.000ns period=10.000ns})
  Destination:            pixel_unit/y_reg_reg[25]/CE
                            (rising edge-triggered cell FDCE clocked by sys_clk_pin  {rise@0.000ns fall@5.000ns period=10.000ns})
  Path Group:             sys_clk_pin
  Path Type:              Setup (Max at Slow Process Corner)
  Requirement:            10.000ns  (sys_clk_pin rise@10.000ns - sys_clk_pin rise@0.000ns)
  Data Path Delay:        20.968ns  (logic 13.509ns (64.426%)  route 7.459ns (35.574%))
  Logic Levels:           22  (CARRY4=12 DSP48E1=4 LUT2=2 LUT3=1 LUT5=1 LUT6=2)
  Clock Path Skew:        -0.109ns (DCD - SCD + CPR)
    Destination Clock Delay (DCD):    4.208ns = ( 14.208 - 10.000 ) 
    Source Clock Delay      (SCD):    4.474ns
    Clock Pessimism Removal (CPR):    0.158ns
  Clock Uncertainty:      0.035ns  ((TSJ^2 + TIJ^2)^1/2 + DJ) / 2 + PE
    Total System Jitter     (TSJ):    0.071ns
    Total Input Jitter      (TIJ):    0.000ns
    Discrete Jitter          (DJ):    0.000ns
    Phase Error              (PE):    0.000ns

    Location             Delay type                Incr(ns)  Path(ns)    Netlist Resource(s)
  -------------------------------------------------------------------    -------------------
                         (clock sys_clk_pin rise edge)
                                                      0.000     0.000 r  
    R2                                                0.000     0.000 r  clk (IN)
                         net (fo=0)                   0.000     0.000    clk
    R2                   IBUF (Prop_ibuf_I_O)         0.854     0.854 r  clk_IBUF_inst/O
                         net (fo=1, routed)           1.967     2.821    clk_IBUF
    BUFGCTRL_X0Y0        BUFG (Prop_bufg_I_O)         0.096     2.917 r  clk_IBUF_BUFG_inst/O
                         net (fo=785, routed)         1.557     4.474    pixel_unit/clk_IBUF_BUFG
    SLICE_X35Y34         FDCE                                         r  pixel_unit/x_reg_reg[37]/C
  -------------------------------------------------------------------    -------------------
    SLICE_X35Y34         FDCE (Prop_fdce_C_Q)         0.419     4.893 r  pixel_unit/x_reg_reg[37]/Q
                         net (fo=12, routed)          1.581     6.475    pixel_unit/x_reg[37]
    DSP48_X0Y4           DSP48E1 (Prop_dsp48e1_A[3]_PCOUT[47])
                                                      4.211    10.686 r  pixel_unit/qmul_return0__3/PCOUT[47]
                         net (fo=1, routed)           0.002    10.688    pixel_unit/qmul_return0__3_n_106
    DSP48_X0Y5           DSP48E1 (Prop_dsp48e1_PCIN[47]_PCOUT[47])
                                                      1.713    12.401 r  pixel_unit/qmul_return0__4/PCOUT[47]
                         net (fo=1, routed)           0.002    12.403    pixel_unit/qmul_return0__4_n_106
    DSP48_X0Y6           DSP48E1 (Prop_dsp48e1_PCIN[47]_PCOUT[47])
                                                      1.713    14.116 r  pixel_unit/qmul_return0__5/PCOUT[47]
                         net (fo=1, routed)           0.002    14.118    pixel_unit/qmul_return0__5_n_106
    DSP48_X0Y7           DSP48E1 (Prop_dsp48e1_PCIN[47]_P[5])
                                                      1.518    15.636 r  pixel_unit/qmul_return0__6/P[5]
                         net (fo=3, routed)           1.359    16.994    pixel_unit/qmul_return0__6_n_100
    SLICE_X32Y26         LUT3 (Prop_lut3_I2_O)        0.124    17.118 r  pixel_unit/x_reg[31]_i_35/O
                         net (fo=2, routed)           0.451    17.569    pixel_unit/x_reg[31]_i_35_n_0
    SLICE_X32Y27         LUT5 (Prop_lut5_I0_O)        0.124    17.693 r  pixel_unit/x_reg[31]_i_23/O
                         net (fo=2, routed)           0.726    18.419    pixel_unit/x_reg[31]_i_23_n_0
    SLICE_X36Y28         LUT6 (Prop_lut6_I0_O)        0.124    18.543 r  pixel_unit/x_reg[31]_i_27/O
                         net (fo=1, routed)           0.000    18.543    pixel_unit/x_reg[31]_i_27_n_0
    SLICE_X36Y28         CARRY4 (Prop_carry4_S[1]_CO[3])
                                                      0.550    19.093 r  pixel_unit/x_reg_reg[31]_i_12/CO[3]
                         net (fo=1, routed)           0.000    19.093    pixel_unit/x_reg_reg[31]_i_12_n_0
    SLICE_X36Y29         CARRY4 (Prop_carry4_CI_CO[3])
                                                      0.114    19.207 r  pixel_unit/x_reg_reg[35]_i_12/CO[3]
                         net (fo=1, routed)           0.000    19.207    pixel_unit/x_reg_reg[35]_i_12_n_0
    SLICE_X36Y30         CARRY4 (Prop_carry4_CI_CO[3])
                                                      0.114    19.321 r  pixel_unit/x_reg_reg[39]_i_12/CO[3]
                         net (fo=1, routed)           0.000    19.321    pixel_unit/x_reg_reg[39]_i_12_n_0
    SLICE_X36Y31         CARRY4 (Prop_carry4_CI_CO[3])
                                                      0.114    19.435 r  pixel_unit/x_reg_reg[43]_i_12/CO[3]
                         net (fo=1, routed)           0.000    19.435    pixel_unit/x_reg_reg[43]_i_12_n_0
    SLICE_X36Y32         CARRY4 (Prop_carry4_CI_CO[3])
                                                      0.114    19.549 r  pixel_unit/x_reg_reg[47]_i_12/CO[3]
                         net (fo=1, routed)           0.000    19.549    pixel_unit/x_reg_reg[47]_i_12_n_0
    SLICE_X36Y33         CARRY4 (Prop_carry4_CI_CO[3])
                                                      0.114    19.663 r  pixel_unit/x_reg_reg[51]_i_12/CO[3]
                         net (fo=1, routed)           0.000    19.663    pixel_unit/x_reg_reg[51]_i_12_n_0
    SLICE_X36Y34         CARRY4 (Prop_carry4_CI_O[0])
                                                      0.222    19.885 r  pixel_unit/x_reg_reg[55]_i_12/O[0]
                         net (fo=5, routed)           0.738    20.623    pixel_unit/x_reg_reg[55]_i_12_n_7
    SLICE_X37Y34         LUT2 (Prop_lut2_I0_O)        0.299    20.922 r  pixel_unit/iteration_reg[9]_i_40/O
                         net (fo=1, routed)           0.000    20.922    pixel_unit/iteration_reg[9]_i_40_n_0
    SLICE_X37Y34         CARRY4 (Prop_carry4_S[1]_CO[3])
                                                      0.550    21.472 r  pixel_unit/iteration_reg_reg[9]_i_19/CO[3]
                         net (fo=1, routed)           0.000    21.472    pixel_unit/iteration_reg_reg[9]_i_19_n_0
    SLICE_X37Y35         CARRY4 (Prop_carry4_CI_CO[3])
                                                      0.114    21.586 r  pixel_unit/iteration_reg_reg[9]_i_36/CO[3]
                         net (fo=1, routed)           0.000    21.586    pixel_unit/iteration_reg_reg[9]_i_36_n_0
    SLICE_X37Y36         CARRY4 (Prop_carry4_CI_CO[3])
                                                      0.114    21.700 r  pixel_unit/iteration_reg_reg[9]_i_26/CO[3]
                         net (fo=1, routed)           0.000    21.700    pixel_unit/iteration_reg_reg[9]_i_26_n_0
    SLICE_X37Y37         CARRY4 (Prop_carry4_CI_O[3])
                                                      0.313    22.013 f  pixel_unit/iteration_reg_reg[9]_i_25/O[3]
                         net (fo=2, routed)           0.886    22.899    pixel_unit/magnitude2[63]
    SLICE_X35Y34         LUT2 (Prop_lut2_I0_O)        0.306    23.205 r  pixel_unit/iteration_reg[9]_i_12/O
                         net (fo=1, routed)           0.000    23.205    pixel_unit/iteration_reg[9]_i_12_n_0
    SLICE_X35Y34         CARRY4 (Prop_carry4_S[3]_CO[3])
                                                      0.401    23.606 f  pixel_unit/iteration_reg_reg[9]_i_5/CO[3]
                         net (fo=2, routed)           0.620    24.226    pixel_unit/iteration_reg_reg[9]_i_5_n_0
    SLICE_X35Y36         LUT6 (Prop_lut6_I5_O)        0.124    24.350 r  pixel_unit/iteration_reg[9]_i_1/O
                         net (fo=145, routed)         1.093    25.442    pixel_unit/iteration_reg[9]_i_1_n_0
    SLICE_X41Y33         FDCE                                         r  pixel_unit/y_reg_reg[25]/CE
  -------------------------------------------------------------------    -------------------

                         (clock sys_clk_pin rise edge)
                                                     10.000    10.000 r  
    R2                                                0.000    10.000 r  clk (IN)
                         net (fo=0)                   0.000    10.000    clk
    R2                   IBUF (Prop_ibuf_I_O)         0.814    10.814 r  clk_IBUF_inst/O
                         net (fo=1, routed)           1.862    12.676    clk_IBUF
    BUFGCTRL_X0Y0        BUFG (Prop_bufg_I_O)         0.091    12.767 r  clk_IBUF_BUFG_inst/O
                         net (fo=785, routed)         1.440    14.208    pixel_unit/clk_IBUF_BUFG
    SLICE_X41Y33         FDCE                                         r  pixel_unit/y_reg_reg[25]/C
                         clock pessimism              0.158    14.365    
                         clock uncertainty           -0.035    14.330    
    SLICE_X41Y33         FDCE (Setup_fdce_C_CE)      -0.205    14.125    pixel_unit/y_reg_reg[25]
  -------------------------------------------------------------------
                         required time                         14.125    
                         arrival time                         -25.442    
  -------------------------------------------------------------------
                         slack                                -11.318    





Min Delay Paths
--------------------------------------------------------------------------------------
Slack (MET) :             0.047ns  (arrival time - required time)
  Source:                 y_start_reg_reg[56]/C
                            (rising edge-triggered cell FDPE clocked by sys_clk_pin  {rise@0.000ns fall@5.000ns period=10.000ns})
  Destination:            im_reg_reg[56]/D
                            (rising edge-triggered cell FDPE clocked by sys_clk_pin  {rise@0.000ns fall@5.000ns period=10.000ns})
  Path Group:             sys_clk_pin
  Path Type:              Hold (Min at Fast Process Corner)
  Requirement:            0.000ns  (sys_clk_pin rise@0.000ns - sys_clk_pin rise@0.000ns)
  Data Path Delay:        0.432ns  (logic 0.186ns (43.054%)  route 0.246ns (56.946%))
  Logic Levels:           1  (LUT6=1)
  Clock Path Skew:        0.265ns (DCD - SCD - CPR)
    Destination Clock Delay (DCD):    1.892ns
    Source Clock Delay      (SCD):    1.535ns
    Clock Pessimism Removal (CPR):    0.092ns

    Location             Delay type                Incr(ns)  Path(ns)    Netlist Resource(s)
  -------------------------------------------------------------------    -------------------
                         (clock sys_clk_pin rise edge)
                                                      0.000     0.000 r  
    R2                                                0.000     0.000 r  clk (IN)
                         net (fo=0)                   0.000     0.000    clk
    R2                   IBUF (Prop_ibuf_I_O)         0.320     0.320 r  clk_IBUF_inst/O
                         net (fo=1, routed)           0.631     0.951    clk_IBUF
    BUFGCTRL_X0Y0        BUFG (Prop_bufg_I_O)         0.026     0.977 r  clk_IBUF_BUFG_inst/O
                         net (fo=785, routed)         0.559     1.535    clk_IBUF_BUFG
    SLICE_X32Y61         FDPE                                         r  y_start_reg_reg[56]/C
  -------------------------------------------------------------------    -------------------
    SLICE_X32Y61         FDPE (Prop_fdpe_C_Q)         0.141     1.676 r  y_start_reg_reg[56]/Q
                         net (fo=3, routed)           0.246     1.922    zoom_unit/Q[56]
    SLICE_X42Y61         LUT6 (Prop_lut6_I3_O)        0.045     1.967 r  zoom_unit/im_reg[56]_i_1/O
                         net (fo=1, routed)           0.000     1.967    zoom_unit_n_29
    SLICE_X42Y61         FDPE                                         r  im_reg_reg[56]/D
  -------------------------------------------------------------------    -------------------

                         (clock sys_clk_pin rise edge)
                                                      0.000     0.000 r  
    R2                                                0.000     0.000 r  clk (IN)
                         net (fo=0)                   0.000     0.000    clk
    R2                   IBUF (Prop_ibuf_I_O)         0.350     0.350 r  clk_IBUF_inst/O
                         net (fo=1, routed)           0.685     1.035    clk_IBUF
    BUFGCTRL_X0Y0        BUFG (Prop_bufg_I_O)         0.029     1.064 r  clk_IBUF_BUFG_inst/O
                         net (fo=785, routed)         0.829     1.892    clk_IBUF_BUFG
    SLICE_X42Y61         FDPE                                         r  im_reg_reg[56]/C
                         clock pessimism             -0.092     1.800    
    SLICE_X42Y61         FDPE (Hold_fdpe_C_D)         0.120     1.920    im_reg_reg[56]
  -------------------------------------------------------------------
                         required time                         -1.920    
                         arrival time                           1.967    
  -------------------------------------------------------------------
                         slack                                  0.047    

Slack (MET) :             0.050ns  (arrival time - required time)
  Source:                 x_start_reg_reg[6]/C
                            (rising edge-triggered cell FDCE clocked by sys_clk_pin  {rise@0.000ns fall@5.000ns period=10.000ns})
  Destination:            x_start_reg_reg[12]/D
                            (rising edge-triggered cell FDCE clocked by sys_clk_pin  {rise@0.000ns fall@5.000ns period=10.000ns})
  Path Group:             sys_clk_pin
  Path Type:              Hold (Min at Fast Process Corner)
  Requirement:            0.000ns  (sys_clk_pin rise@0.000ns - sys_clk_pin rise@0.000ns)
  Data Path Delay:        0.420ns  (logic 0.351ns (83.626%)  route 0.069ns (16.374%))
  Logic Levels:           3  (CARRY4=3)
  Clock Path Skew:        0.268ns (DCD - SCD - CPR)
    Destination Clock Delay (DCD):    1.895ns
    Source Clock Delay      (SCD):    1.540ns
    Clock Pessimism Removal (CPR):    0.087ns

    Location             Delay type                Incr(ns)  Path(ns)    Netlist Resource(s)
  -------------------------------------------------------------------    -------------------
                         (clock sys_clk_pin rise edge)
                                                      0.000     0.000 r  
    R2                                                0.000     0.000 r  clk (IN)
                         net (fo=0)                   0.000     0.000    clk
    R2                   IBUF (Prop_ibuf_I_O)         0.320     0.320 r  clk_IBUF_inst/O
                         net (fo=1, routed)           0.631     0.951    clk_IBUF
    BUFGCTRL_X0Y0        BUFG (Prop_bufg_I_O)         0.026     0.977 r  clk_IBUF_BUFG_inst/O
                         net (fo=785, routed)         0.564     1.540    clk_IBUF_BUFG
    SLICE_X29Y48         FDCE                                         r  x_start_reg_reg[6]/C
  -------------------------------------------------------------------    -------------------
    SLICE_X29Y48         FDCE (Prop_fdce_C_Q)         0.141     1.681 r  x_start_reg_reg[6]/Q
                         net (fo=3, routed)           0.068     1.749    zoom_unit/re_reg_reg[63][6]
    SLICE_X29Y48         CARRY4 (Prop_carry4_DI[2]_CO[3])
                                                      0.117     1.866 r  zoom_unit/x_start_reg_reg[7]_i_1/CO[3]
                         net (fo=1, routed)           0.000     1.866    zoom_unit/x_start_reg_reg[7]_i_1_n_0
    SLICE_X29Y49         CARRY4 (Prop_carry4_CI_CO[3])
                                                      0.039     1.905 r  zoom_unit/x_start_reg_reg[11]_i_1/CO[3]
                         net (fo=1, routed)           0.001     1.906    zoom_unit/x_start_reg_reg[11]_i_1_n_0
    SLICE_X29Y50         CARRY4 (Prop_carry4_CI_O[0])
                                                      0.054     1.960 r  zoom_unit/x_start_reg_reg[15]_i_1/O[0]
                         net (fo=2, routed)           0.000     1.960    x_start_next[12]
    SLICE_X29Y50         FDCE                                         r  x_start_reg_reg[12]/D
  -------------------------------------------------------------------    -------------------

                         (clock sys_clk_pin rise edge)
                                                      0.000     0.000 r  
    R2                                                0.000     0.000 r  clk (IN)
                         net (fo=0)                   0.000     0.000    clk
    R2                   IBUF (Prop_ibuf_I_O)         0.350     0.350 r  clk_IBUF_inst/O
                         net (fo=1, routed)           0.685     1.035    clk_IBUF
    BUFGCTRL_X0Y0        BUFG (Prop_bufg_I_O)         0.029     1.064 r  clk_IBUF_BUFG_inst/O
                         net (fo=785, routed)         0.832     1.895    clk_IBUF_BUFG
    SLICE_X29Y50         FDCE                                         r  x_start_reg_reg[12]/C
                         clock pessimism             -0.087     1.808    
    SLICE_X29Y50         FDCE (Hold_fdce_C_D)         0.102     1.910    x_start_reg_reg[12]
  -------------------------------------------------------------------
                         required time                         -1.910    
                         arrival time                           1.960    
  -------------------------------------------------------------------
                         slack                                  0.050    

Slack (MET) :             0.054ns  (arrival time - required time)
  Source:                 y_start_reg_reg[9]/C
                            (rising edge-triggered cell FDCE clocked by sys_clk_pin  {rise@0.000ns fall@5.000ns period=10.000ns})
  Destination:            y_start_reg_reg[12]/D
                            (rising edge-triggered cell FDCE clocked by sys_clk_pin  {rise@0.000ns fall@5.000ns period=10.000ns})
  Path Group:             sys_clk_pin
  Path Type:              Hold (Min at Fast Process Corner)
  Requirement:            0.000ns  (sys_clk_pin rise@0.000ns - sys_clk_pin rise@0.000ns)
  Data Path Delay:        0.423ns  (logic 0.342ns (80.923%)  route 0.081ns (19.077%))
  Logic Levels:           2  (CARRY4=2)
  Clock Path Skew:        0.267ns (DCD - SCD - CPR)
    Destination Clock Delay (DCD):    1.894ns
    Source Clock Delay      (SCD):    1.540ns
    Clock Pessimism Removal (CPR):    0.087ns

    Location             Delay type                Incr(ns)  Path(ns)    Netlist Resource(s)
  -------------------------------------------------------------------    -------------------
                         (clock sys_clk_pin rise edge)
                                                      0.000     0.000 r  
    R2                                                0.000     0.000 r  clk (IN)
                         net (fo=0)                   0.000     0.000    clk
    R2                   IBUF (Prop_ibuf_I_O)         0.320     0.320 r  clk_IBUF_inst/O
                         net (fo=1, routed)           0.631     0.951    clk_IBUF
    BUFGCTRL_X0Y0        BUFG (Prop_bufg_I_O)         0.026     0.977 r  clk_IBUF_BUFG_inst/O
                         net (fo=785, routed)         0.564     1.540    clk_IBUF_BUFG
    SLICE_X32Y49         FDCE                                         r  y_start_reg_reg[9]/C
  -------------------------------------------------------------------    -------------------
    SLICE_X32Y49         FDCE (Prop_fdce_C_Q)         0.141     1.681 r  y_start_reg_reg[9]/Q
                         net (fo=3, routed)           0.080     1.761    zoom_unit/Q[9]
    SLICE_X32Y49         CARRY4 (Prop_carry4_DI[1]_CO[3])
                                                      0.147     1.908 r  zoom_unit/y_start_reg_reg[11]_i_1/CO[3]
                         net (fo=1, routed)           0.001     1.909    zoom_unit/y_start_reg_reg[11]_i_1_n_0
    SLICE_X32Y50         CARRY4 (Prop_carry4_CI_O[0])
                                                      0.054     1.963 r  zoom_unit/y_start_reg_reg[15]_i_1/O[0]
                         net (fo=2, routed)           0.000     1.963    y_start_next[12]
    SLICE_X32Y50         FDCE                                         r  y_start_reg_reg[12]/D
  -------------------------------------------------------------------    -------------------

                         (clock sys_clk_pin rise edge)
                                                      0.000     0.000 r  
    R2                                                0.000     0.000 r  clk (IN)
                         net (fo=0)                   0.000     0.000    clk
    R2                   IBUF (Prop_ibuf_I_O)         0.350     0.350 r  clk_IBUF_inst/O
                         net (fo=1, routed)           0.685     1.035    clk_IBUF
    BUFGCTRL_X0Y0        BUFG (Prop_bufg_I_O)         0.029     1.064 r  clk_IBUF_BUFG_inst/O
                         net (fo=785, routed)         0.830     1.894    clk_IBUF_BUFG
    SLICE_X32Y50         FDCE                                         r  y_start_reg_reg[12]/C
                         clock pessimism             -0.087     1.807    
    SLICE_X32Y50         FDCE (Hold_fdce_C_D)         0.102     1.909    y_start_reg_reg[12]
  -------------------------------------------------------------------
                         required time                         -1.909    
                         arrival time                           1.963    
  -------------------------------------------------------------------
                         slack                                  0.054    

Slack (MET) :             0.057ns  (arrival time - required time)
  Source:                 im_reg_reg[26]/C
                            (rising edge-triggered cell FDCE clocked by sys_clk_pin  {rise@0.000ns fall@5.000ns period=10.000ns})
  Destination:            pixel_im_reg_reg[26]/D
                            (rising edge-triggered cell FDCE clocked by sys_clk_pin  {rise@0.000ns fall@5.000ns period=10.000ns})
  Path Group:             sys_clk_pin
  Path Type:              Hold (Min at Fast Process Corner)
  Requirement:            0.000ns  (sys_clk_pin rise@0.000ns - sys_clk_pin rise@0.000ns)
  Data Path Delay:        0.388ns  (logic 0.141ns (36.306%)  route 0.247ns (63.694%))
  Logic Levels:           0  
  Clock Path Skew:        0.272ns (DCD - SCD - CPR)
    Destination Clock Delay (DCD):    1.896ns
    Source Clock Delay      (SCD):    1.537ns
    Clock Pessimism Removal (CPR):    0.087ns

    Location             Delay type                Incr(ns)  Path(ns)    Netlist Resource(s)
  -------------------------------------------------------------------    -------------------
                         (clock sys_clk_pin rise edge)
                                                      0.000     0.000 r  
    R2                                                0.000     0.000 r  clk (IN)
                         net (fo=0)                   0.000     0.000    clk
    R2                   IBUF (Prop_ibuf_I_O)         0.320     0.320 r  clk_IBUF_inst/O
                         net (fo=1, routed)           0.631     0.951    clk_IBUF
    BUFGCTRL_X0Y0        BUFG (Prop_bufg_I_O)         0.026     0.977 r  clk_IBUF_BUFG_inst/O
                         net (fo=785, routed)         0.561     1.537    clk_IBUF_BUFG
    SLICE_X33Y53         FDCE                                         r  im_reg_reg[26]/C
  -------------------------------------------------------------------    -------------------
    SLICE_X33Y53         FDCE (Prop_fdce_C_Q)         0.141     1.678 r  im_reg_reg[26]/Q
                         net (fo=3, routed)           0.247     1.926    im_reg[26]
    SLICE_X38Y48         FDCE                                         r  pixel_im_reg_reg[26]/D
  -------------------------------------------------------------------    -------------------

                         (clock sys_clk_pin rise edge)
                                                      0.000     0.000 r  
    R2                                                0.000     0.000 r  clk (IN)
                         net (fo=0)                   0.000     0.000    clk
    R2                   IBUF (Prop_ibuf_I_O)         0.350     0.350 r  clk_IBUF_inst/O
                         net (fo=1, routed)           0.685     1.035    clk_IBUF
    BUFGCTRL_X0Y0        BUFG (Prop_bufg_I_O)         0.029     1.064 r  clk_IBUF_BUFG_inst/O
                         net (fo=785, routed)         0.833     1.896    clk_IBUF_BUFG
    SLICE_X38Y48         FDCE                                         r  pixel_im_reg_reg[26]/C
                         clock pessimism             -0.087     1.809    
    SLICE_X38Y48         FDCE (Hold_fdce_C_D)         0.059     1.868    pixel_im_reg_reg[26]
  -------------------------------------------------------------------
                         required time                         -1.868    
                         arrival time                           1.926    
  -------------------------------------------------------------------
                         slack                                  0.057    

Slack (MET) :             0.058ns  (arrival time - required time)
  Source:                 im_reg_reg[58]/C
                            (rising edge-triggered cell FDPE clocked by sys_clk_pin  {rise@0.000ns fall@5.000ns period=10.000ns})
  Destination:            pixel_im_reg_reg[58]/D
                            (rising edge-triggered cell FDCE clocked by sys_clk_pin  {rise@0.000ns fall@5.000ns period=10.000ns})
  Path Group:             sys_clk_pin
  Path Type:              Hold (Min at Fast Process Corner)
  Requirement:            0.000ns  (sys_clk_pin rise@0.000ns - sys_clk_pin rise@0.000ns)
  Data Path Delay:        0.389ns  (logic 0.141ns (36.248%)  route 0.248ns (63.752%))
  Logic Levels:           0  
  Clock Path Skew:        0.265ns (DCD - SCD - CPR)
    Destination Clock Delay (DCD):    1.892ns
    Source Clock Delay      (SCD):    1.535ns
    Clock Pessimism Removal (CPR):    0.092ns

    Location             Delay type                Incr(ns)  Path(ns)    Netlist Resource(s)
  -------------------------------------------------------------------    -------------------
                         (clock sys_clk_pin rise edge)
                                                      0.000     0.000 r  
    R2                                                0.000     0.000 r  clk (IN)
                         net (fo=0)                   0.000     0.000    clk
    R2                   IBUF (Prop_ibuf_I_O)         0.320     0.320 r  clk_IBUF_inst/O
                         net (fo=1, routed)           0.631     0.951    clk_IBUF
    BUFGCTRL_X0Y0        BUFG (Prop_bufg_I_O)         0.026     0.977 r  clk_IBUF_BUFG_inst/O
                         net (fo=785, routed)         0.559     1.535    clk_IBUF_BUFG
    SLICE_X33Y61         FDPE                                         r  im_reg_reg[58]/C
  -------------------------------------------------------------------    -------------------
    SLICE_X33Y61         FDPE (Prop_fdpe_C_Q)         0.141     1.676 r  im_reg_reg[58]/Q
                         net (fo=3, routed)           0.248     1.924    im_reg[58]
    SLICE_X39Y57         FDCE                                         r  pixel_im_reg_reg[58]/D
  -------------------------------------------------------------------    -------------------

                         (clock sys_clk_pin rise edge)
                                                      0.000     0.000 r  
    R2                                                0.000     0.000 r  clk (IN)
                         net (fo=0)                   0.000     0.000    clk
    R2                   IBUF (Prop_ibuf_I_O)         0.350     0.350 r  clk_IBUF_inst/O
                         net (fo=1, routed)           0.685     1.035    clk_IBUF
    BUFGCTRL_X0Y0        BUFG (Prop_bufg_I_O)         0.029     1.064 r  clk_IBUF_BUFG_inst/O
                         net (fo=785, routed)         0.828     1.892    clk_IBUF_BUFG
    SLICE_X39Y57         FDCE                                         r  pixel_im_reg_reg[58]/C
                         clock pessimism             -0.092     1.800    
    SLICE_X39Y57         FDCE (Hold_fdce_C_D)         0.066     1.866    pixel_im_reg_reg[58]
  -------------------------------------------------------------------
                         required time                         -1.866    
                         arrival time                           1.924    
  -------------------------------------------------------------------
                         slack                                  0.058    

Slack (MET) :             0.061ns  (arrival time - required time)
  Source:                 x_start_reg_reg[6]/C
                            (rising edge-triggered cell FDCE clocked by sys_clk_pin  {rise@0.000ns fall@5.000ns period=10.000ns})
  Destination:            x_start_reg_reg[14]/D
                            (rising edge-triggered cell FDCE clocked by sys_clk_pin  {rise@0.000ns fall@5.000ns period=10.000ns})
  Path Group:             sys_clk_pin
  Path Type:              Hold (Min at Fast Process Corner)
  Requirement:            0.000ns  (sys_clk_pin rise@0.000ns - sys_clk_pin rise@0.000ns)
  Data Path Delay:        0.431ns  (logic 0.362ns (84.044%)  route 0.069ns (15.956%))
  Logic Levels:           3  (CARRY4=3)
  Clock Path Skew:        0.268ns (DCD - SCD - CPR)
    Destination Clock Delay (DCD):    1.895ns
    Source Clock Delay      (SCD):    1.540ns
    Clock Pessimism Removal (CPR):    0.087ns

    Location             Delay type                Incr(ns)  Path(ns)    Netlist Resource(s)
  -------------------------------------------------------------------    -------------------
                         (clock sys_clk_pin rise edge)
                                                      0.000     0.000 r  
    R2                                                0.000     0.000 r  clk (IN)
                         net (fo=0)                   0.000     0.000    clk
    R2                   IBUF (Prop_ibuf_I_O)         0.320     0.320 r  clk_IBUF_inst/O
                         net (fo=1, routed)           0.631     0.951    clk_IBUF
    BUFGCTRL_X0Y0        BUFG (Prop_bufg_I_O)         0.026     0.977 r  clk_IBUF_BUFG_inst/O
                         net (fo=785, routed)         0.564     1.540    clk_IBUF_BUFG
    SLICE_X29Y48         FDCE                                         r  x_start_reg_reg[6]/C
  -------------------------------------------------------------------    -------------------
    SLICE_X29Y48         FDCE (Prop_fdce_C_Q)         0.141     1.681 r  x_start_reg_reg[6]/Q
                         net (fo=3, routed)           0.068     1.749    zoom_unit/re_reg_reg[63][6]
    SLICE_X29Y48         CARRY4 (Prop_carry4_DI[2]_CO[3])
                                                      0.117     1.866 r  zoom_unit/x_start_reg_reg[7]_i_1/CO[3]
                         net (fo=1, routed)           0.000     1.866    zoom_unit/x_start_reg_reg[7]_i_1_n_0
    SLICE_X29Y49         CARRY4 (Prop_carry4_CI_CO[3])
                                                      0.039     1.905 r  zoom_unit/x_start_reg_reg[11]_i_1/CO[3]
                         net (fo=1, routed)           0.001     1.906    zoom_unit/x_start_reg_reg[11]_i_1_n_0
    SLICE_X29Y50         CARRY4 (Prop_carry4_CI_O[2])
                                                      0.065     1.971 r  zoom_unit/x_start_reg_reg[15]_i_1/O[2]
                         net (fo=2, routed)           0.000     1.971    x_start_next[14]
    SLICE_X29Y50         FDCE                                         r  x_start_reg_reg[14]/D
  -------------------------------------------------------------------    -------------------

                         (clock sys_clk_pin rise edge)
                                                      0.000     0.000 r  
    R2                                                0.000     0.000 r  clk (IN)
                         net (fo=0)                   0.000     0.000    clk
    R2                   IBUF (Prop_ibuf_I_O)         0.350     0.350 r  clk_IBUF_inst/O
                         net (fo=1, routed)           0.685     1.035    clk_IBUF
    BUFGCTRL_X0Y0        BUFG (Prop_bufg_I_O)         0.029     1.064 r  clk_IBUF_BUFG_inst/O
                         net (fo=785, routed)         0.832     1.895    clk_IBUF_BUFG
    SLICE_X29Y50         FDCE                                         r  x_start_reg_reg[14]/C
                         clock pessimism             -0.087     1.808    
    SLICE_X29Y50         FDCE (Hold_fdce_C_D)         0.102     1.910    x_start_reg_reg[14]
  -------------------------------------------------------------------
                         required time                         -1.910    
                         arrival time                           1.971    
  -------------------------------------------------------------------
                         slack                                  0.061    

Slack (MET) :             0.063ns  (arrival time - required time)
  Source:                 im_reg_reg[59]/C
                            (rising edge-triggered cell FDPE clocked by sys_clk_pin  {rise@0.000ns fall@5.000ns period=10.000ns})
  Destination:            pixel_im_reg_reg[59]/D
                            (rising edge-triggered cell FDCE clocked by sys_clk_pin  {rise@0.000ns fall@5.000ns period=10.000ns})
  Path Group:             sys_clk_pin
  Path Type:              Hold (Min at Fast Process Corner)
  Requirement:            0.000ns  (sys_clk_pin rise@0.000ns - sys_clk_pin rise@0.000ns)
  Data Path Delay:        0.387ns  (logic 0.141ns (36.420%)  route 0.246ns (63.580%))
  Logic Levels:           0  
  Clock Path Skew:        0.265ns (DCD - SCD - CPR)
    Destination Clock Delay (DCD):    1.892ns
    Source Clock Delay      (SCD):    1.535ns
    Clock Pessimism Removal (CPR):    0.092ns

    Location             Delay type                Incr(ns)  Path(ns)    Netlist Resource(s)
  -------------------------------------------------------------------    -------------------
                         (clock sys_clk_pin rise edge)
                                                      0.000     0.000 r  
    R2                                                0.000     0.000 r  clk (IN)
                         net (fo=0)                   0.000     0.000    clk
    R2                   IBUF (Prop_ibuf_I_O)         0.320     0.320 r  clk_IBUF_inst/O
                         net (fo=1, routed)           0.631     0.951    clk_IBUF
    BUFGCTRL_X0Y0        BUFG (Prop_bufg_I_O)         0.026     0.977 r  clk_IBUF_BUFG_inst/O
                         net (fo=785, routed)         0.559     1.535    clk_IBUF_BUFG
    SLICE_X33Y61         FDPE                                         r  im_reg_reg[59]/C
  -------------------------------------------------------------------    -------------------
    SLICE_X33Y61         FDPE (Prop_fdpe_C_Q)         0.141     1.676 r  im_reg_reg[59]/Q
                         net (fo=3, routed)           0.246     1.922    im_reg[59]
    SLICE_X38Y57         FDCE                                         r  pixel_im_reg_reg[59]/D
  -------------------------------------------------------------------    -------------------

                         (clock sys_clk_pin rise edge)
                                                      0.000     0.000 r  
    R2                                                0.000     0.000 r  clk (IN)
                         net (fo=0)                   0.000     0.000    clk
    R2                   IBUF (Prop_ibuf_I_O)         0.350     0.350 r  clk_IBUF_inst/O
                         net (fo=1, routed)           0.685     1.035    clk_IBUF
    BUFGCTRL_X0Y0        BUFG (Prop_bufg_I_O)         0.029     1.064 r  clk_IBUF_BUFG_inst/O
                         net (fo=785, routed)         0.828     1.892    clk_IBUF_BUFG
    SLICE_X38Y57         FDCE                                         r  pixel_im_reg_reg[59]/C
                         clock pessimism             -0.092     1.800    
    SLICE_X38Y57         FDCE (Hold_fdce_C_D)         0.059     1.859    pixel_im_reg_reg[59]
  -------------------------------------------------------------------
                         required time                         -1.859    
                         arrival time                           1.922    
  -------------------------------------------------------------------
                         slack                                  0.063    

Slack (MET) :             0.064ns  (arrival time - required time)
  Source:                 im_reg_reg[24]/C
                            (rising edge-triggered cell FDCE clocked by sys_clk_pin  {rise@0.000ns fall@5.000ns period=10.000ns})
  Destination:            pixel_im_reg_reg[24]/D
                            (rising edge-triggered cell FDCE clocked by sys_clk_pin  {rise@0.000ns fall@5.000ns period=10.000ns})
  Path Group:             sys_clk_pin
  Path Type:              Hold (Min at Fast Process Corner)
  Requirement:            0.000ns  (sys_clk_pin rise@0.000ns - sys_clk_pin rise@0.000ns)
  Data Path Delay:        0.406ns  (logic 0.141ns (34.761%)  route 0.265ns (65.239%))
  Logic Levels:           0  
  Clock Path Skew:        0.272ns (DCD - SCD - CPR)
    Destination Clock Delay (DCD):    1.896ns
    Source Clock Delay      (SCD):    1.537ns
    Clock Pessimism Removal (CPR):    0.087ns

    Location             Delay type                Incr(ns)  Path(ns)    Netlist Resource(s)
  -------------------------------------------------------------------    -------------------
                         (clock sys_clk_pin rise edge)
                                                      0.000     0.000 r  
    R2                                                0.000     0.000 r  clk (IN)
                         net (fo=0)                   0.000     0.000    clk
    R2                   IBUF (Prop_ibuf_I_O)         0.320     0.320 r  clk_IBUF_inst/O
                         net (fo=1, routed)           0.631     0.951    clk_IBUF
    BUFGCTRL_X0Y0        BUFG (Prop_bufg_I_O)         0.026     0.977 r  clk_IBUF_BUFG_inst/O
                         net (fo=785, routed)         0.561     1.537    clk_IBUF_BUFG
    SLICE_X33Y53         FDCE                                         r  im_reg_reg[24]/C
  -------------------------------------------------------------------    -------------------
    SLICE_X33Y53         FDCE (Prop_fdce_C_Q)         0.141     1.678 r  im_reg_reg[24]/Q
                         net (fo=3, routed)           0.265     1.943    im_reg[24]
    SLICE_X39Y48         FDCE                                         r  pixel_im_reg_reg[24]/D
  -------------------------------------------------------------------    -------------------

                         (clock sys_clk_pin rise edge)
                                                      0.000     0.000 r  
    R2                                                0.000     0.000 r  clk (IN)
                         net (fo=0)                   0.000     0.000    clk
    R2                   IBUF (Prop_ibuf_I_O)         0.350     0.350 r  clk_IBUF_inst/O
                         net (fo=1, routed)           0.685     1.035    clk_IBUF
    BUFGCTRL_X0Y0        BUFG (Prop_bufg_I_O)         0.029     1.064 r  clk_IBUF_BUFG_inst/O
                         net (fo=785, routed)         0.833     1.896    clk_IBUF_BUFG
    SLICE_X39Y48         FDCE                                         r  pixel_im_reg_reg[24]/C
                         clock pessimism             -0.087     1.809    
    SLICE_X39Y48         FDCE (Hold_fdce_C_D)         0.070     1.879    pixel_im_reg_reg[24]
  -------------------------------------------------------------------
                         required time                         -1.879    
                         arrival time                           1.943    
  -------------------------------------------------------------------
                         slack                                  0.064    

Slack (MET) :             0.064ns  (arrival time - required time)
  Source:                 im_reg_reg[28]/C
                            (rising edge-triggered cell FDCE clocked by sys_clk_pin  {rise@0.000ns fall@5.000ns period=10.000ns})
  Destination:            pixel_im_reg_reg[28]/D
                            (rising edge-triggered cell FDCE clocked by sys_clk_pin  {rise@0.000ns fall@5.000ns period=10.000ns})
  Path Group:             sys_clk_pin
  Path Type:              Hold (Min at Fast Process Corner)
  Requirement:            0.000ns  (sys_clk_pin rise@0.000ns - sys_clk_pin rise@0.000ns)
  Data Path Delay:        0.402ns  (logic 0.141ns (35.076%)  route 0.261ns (64.924%))
  Logic Levels:           0  
  Clock Path Skew:        0.266ns (DCD - SCD - CPR)
    Destination Clock Delay (DCD):    1.895ns
    Source Clock Delay      (SCD):    1.537ns
    Clock Pessimism Removal (CPR):    0.092ns

    Location             Delay type                Incr(ns)  Path(ns)    Netlist Resource(s)
  -------------------------------------------------------------------    -------------------
                         (clock sys_clk_pin rise edge)
                                                      0.000     0.000 r  
    R2                                                0.000     0.000 r  clk (IN)
                         net (fo=0)                   0.000     0.000    clk
    R2                   IBUF (Prop_ibuf_I_O)         0.320     0.320 r  clk_IBUF_inst/O
                         net (fo=1, routed)           0.631     0.951    clk_IBUF
    BUFGCTRL_X0Y0        BUFG (Prop_bufg_I_O)         0.026     0.977 r  clk_IBUF_BUFG_inst/O
                         net (fo=785, routed)         0.561     1.537    clk_IBUF_BUFG
    SLICE_X33Y54         FDCE                                         r  im_reg_reg[28]/C
  -------------------------------------------------------------------    -------------------
    SLICE_X33Y54         FDCE (Prop_fdce_C_Q)         0.141     1.678 r  im_reg_reg[28]/Q
                         net (fo=3, routed)           0.261     1.939    im_reg[28]
    SLICE_X40Y51         FDCE                                         r  pixel_im_reg_reg[28]/D
  -------------------------------------------------------------------    -------------------

                         (clock sys_clk_pin rise edge)
                                                      0.000     0.000 r  
    R2                                                0.000     0.000 r  clk (IN)
                         net (fo=0)                   0.000     0.000    clk
    R2                   IBUF (Prop_ibuf_I_O)         0.350     0.350 r  clk_IBUF_inst/O
                         net (fo=1, routed)           0.685     1.035    clk_IBUF
    BUFGCTRL_X0Y0        BUFG (Prop_bufg_I_O)         0.029     1.064 r  clk_IBUF_BUFG_inst/O
                         net (fo=785, routed)         0.832     1.895    clk_IBUF_BUFG
    SLICE_X40Y51         FDCE                                         r  pixel_im_reg_reg[28]/C
                         clock pessimism             -0.092     1.803    
    SLICE_X40Y51         FDCE (Hold_fdce_C_D)         0.072     1.875    pixel_im_reg_reg[28]
  -------------------------------------------------------------------
                         required time                         -1.875    
                         arrival time                           1.939    
  -------------------------------------------------------------------
                         slack                                  0.064    

Slack (MET) :             0.065ns  (arrival time - required time)
  Source:                 y_start_reg_reg[9]/C
                            (rising edge-triggered cell FDCE clocked by sys_clk_pin  {rise@0.000ns fall@5.000ns period=10.000ns})
  Destination:            y_start_reg_reg[14]/D
                            (rising edge-triggered cell FDCE clocked by sys_clk_pin  {rise@0.000ns fall@5.000ns period=10.000ns})
  Path Group:             sys_clk_pin
  Path Type:              Hold (Min at Fast Process Corner)
  Requirement:            0.000ns  (sys_clk_pin rise@0.000ns - sys_clk_pin rise@0.000ns)
  Data Path Delay:        0.434ns  (logic 0.353ns (81.407%)  route 0.081ns (18.593%))
  Logic Levels:           2  (CARRY4=2)
  Clock Path Skew:        0.267ns (DCD - SCD - CPR)
    Destination Clock Delay (DCD):    1.894ns
    Source Clock Delay      (SCD):    1.540ns
    Clock Pessimism Removal (CPR):    0.087ns

    Location             Delay type                Incr(ns)  Path(ns)    Netlist Resource(s)
  -------------------------------------------------------------------    -------------------
                         (clock sys_clk_pin rise edge)
                                                      0.000     0.000 r  
    R2                                                0.000     0.000 r  clk (IN)
                         net (fo=0)                   0.000     0.000    clk
    R2                   IBUF (Prop_ibuf_I_O)         0.320     0.320 r  clk_IBUF_inst/O
                         net (fo=1, routed)           0.631     0.951    clk_IBUF
    BUFGCTRL_X0Y0        BUFG (Prop_bufg_I_O)         0.026     0.977 r  clk_IBUF_BUFG_inst/O
                         net (fo=785, routed)         0.564     1.540    clk_IBUF_BUFG
    SLICE_X32Y49         FDCE                                         r  y_start_reg_reg[9]/C
  -------------------------------------------------------------------    -------------------
    SLICE_X32Y49         FDCE (Prop_fdce_C_Q)         0.141     1.681 r  y_start_reg_reg[9]/Q
                         net (fo=3, routed)           0.080     1.761    zoom_unit/Q[9]
    SLICE_X32Y49         CARRY4 (Prop_carry4_DI[1]_CO[3])
                                                      0.147     1.908 r  zoom_unit/y_start_reg_reg[11]_i_1/CO[3]
                         net (fo=1, routed)           0.001     1.909    zoom_unit/y_start_reg_reg[11]_i_1_n_0
    SLICE_X32Y50         CARRY4 (Prop_carry4_CI_O[2])
                                                      0.065     1.974 r  zoom_unit/y_start_reg_reg[15]_i_1/O[2]
                         net (fo=2, routed)           0.000     1.974    y_start_next[14]
    SLICE_X32Y50         FDCE                                         r  y_start_reg_reg[14]/D
  -------------------------------------------------------------------    -------------------

                         (clock sys_clk_pin rise edge)
                                                      0.000     0.000 r  
    R2                                                0.000     0.000 r  clk (IN)
                         net (fo=0)                   0.000     0.000    clk
    R2                   IBUF (Prop_ibuf_I_O)         0.350     0.350 r  clk_IBUF_inst/O
                         net (fo=1, routed)           0.685     1.035    clk_IBUF
    BUFGCTRL_X0Y0        BUFG (Prop_bufg_I_O)         0.029     1.064 r  clk_IBUF_BUFG_inst/O
                         net (fo=785, routed)         0.830     1.894    clk_IBUF_BUFG
    SLICE_X32Y50         FDCE                                         r  y_start_reg_reg[14]/C
                         clock pessimism             -0.087     1.807    
    SLICE_X32Y50         FDCE (Hold_fdce_C_D)         0.102     1.909    y_start_reg_reg[14]
  -------------------------------------------------------------------
                         required time                         -1.909    
                         arrival time                           1.974    
  -------------------------------------------------------------------
                         slack                                  0.065    





Pulse Width Checks
--------------------------------------------------------------------------------------
Clock Name:         sys_clk_pin
Waveform(ns):       { 0.000 5.000 }
Period(ns):         10.000
Sources:            { clk }

Check Type        Corner  Lib Pin             Reference Pin  Required(ns)  Actual(ns)  Slack(ns)  Location      Pin
Min Period        n/a     RAMB36E1/CLKARDCLK  n/a            3.363         10.000      6.637      RAMB36_X1Y17  memory_unit/ram_reg_0_3/CLKARDCLK
Min Period        n/a     RAMB36E1/CLKARDCLK  n/a            3.363         10.000      6.637      RAMB36_X1Y13  memory_unit/ram_reg_0_4/CLKARDCLK
Min Period        n/a     RAMB36E1/CLKARDCLK  n/a            3.363         10.000      6.637      RAMB36_X2Y14  memory_unit/ram_reg_0_5/CLKARDCLK
Min Period        n/a     RAMB36E1/CLKARDCLK  n/a            3.363         10.000      6.637      RAMB36_X1Y15  memory_unit/ram_reg_0_6/CLKARDCLK
Min Period        n/a     RAMB36E1/CLKARDCLK  n/a            3.363         10.000      6.637      RAMB36_X2Y18  memory_unit/ram_reg_0_7/CLKARDCLK
Min Period        n/a     RAMB36E1/CLKARDCLK  n/a            3.363         10.000      6.637      RAMB36_X1Y18  memory_unit/ram_reg_1_3/CLKARDCLK
Min Period        n/a     RAMB36E1/CLKARDCLK  n/a            3.363         10.000      6.637      RAMB36_X1Y14  memory_unit/ram_reg_1_4/CLKARDCLK
Min Period        n/a     RAMB36E1/CLKARDCLK  n/a            3.363         10.000      6.637      RAMB36_X2Y15  memory_unit/ram_reg_1_5/CLKARDCLK
Min Period        n/a     RAMB36E1/CLKARDCLK  n/a            3.363         10.000      6.637      RAMB36_X1Y16  memory_unit/ram_reg_1_6/CLKARDCLK
Min Period        n/a     RAMB36E1/CLKARDCLK  n/a            3.363         10.000      6.637      RAMB36_X2Y19  memory_unit/ram_reg_1_7/CLKARDCLK
Low Pulse Width   Slow    FDCE/C              n/a            0.500         5.000       4.500      SLICE_X51Y70  FSM_sequential_state_reg_reg[0]/C
Low Pulse Width   Fast    FDCE/C              n/a            0.500         5.000       4.500      SLICE_X51Y70  FSM_sequential_state_reg_reg[0]/C
Low Pulse Width   Slow    FDCE/C              n/a            0.500         5.000       4.500      SLICE_X52Y70  FSM_sequential_state_reg_reg[1]/C
Low Pulse Width   Fast    FDCE/C              n/a            0.500         5.000       4.500      SLICE_X52Y70  FSM_sequential_state_reg_reg[1]/C
Low Pulse Width   Slow    FDCE/C              n/a            0.500         5.000       4.500      SLICE_X52Y70  FSM_sequential_state_reg_reg[2]/C
Low Pulse Width   Fast    FDCE/C              n/a            0.500         5.000       4.500      SLICE_X52Y70  FSM_sequential_state_reg_reg[2]/C
Low Pulse Width   Slow    FDCE/C              n/a            0.500         5.000       4.500      SLICE_X54Y70  compute_x_reg_reg[0]/C
Low Pulse Width   Fast    FDCE/C              n/a            0.500         5.000       4.500      SLICE_X54Y70  compute_x_reg_reg[0]/C
Low Pulse Width   Slow    FDCE/C              n/a            0.500         5.000       4.500      SLICE_X54Y70  compute_x_reg_reg[1]/C
Low Pulse Width   Fast    FDCE/C              n/a            0.500         5.000       4.500      SLICE_X54Y70  compute_x_reg_reg[1]/C
High Pulse Width  Slow    FDCE/C              n/a            0.500         5.000       4.500      SLICE_X51Y70  FSM_sequential_state_reg_reg[0]/C
High Pulse Width  Fast    FDCE/C              n/a            0.500         5.000       4.500      SLICE_X51Y70  FSM_sequential_state_reg_reg[0]/C
High Pulse Width  Slow    FDCE/C              n/a            0.500         5.000       4.500      SLICE_X52Y70  FSM_sequential_state_reg_reg[1]/C
High Pulse Width  Fast    FDCE/C              n/a            0.500         5.000       4.500      SLICE_X52Y70  FSM_sequential_state_reg_reg[1]/C
High Pulse Width  Slow    FDCE/C              n/a            0.500         5.000       4.500      SLICE_X52Y70  FSM_sequential_state_reg_reg[2]/C
High Pulse Width  Fast    FDCE/C              n/a            0.500         5.000       4.500      SLICE_X52Y70  FSM_sequential_state_reg_reg[2]/C
High Pulse Width  Slow    FDCE/C              n/a            0.500         5.000       4.500      SLICE_X54Y70  compute_x_reg_reg[0]/C
High Pulse Width  Fast    FDCE/C              n/a            0.500         5.000       4.500      SLICE_X54Y70  compute_x_reg_reg[0]/C
High Pulse Width  Slow    FDCE/C              n/a            0.500         5.000       4.500      SLICE_X54Y70  compute_x_reg_reg[1]/C
High Pulse Width  Fast    FDCE/C              n/a            0.500         5.000       4.500      SLICE_X54Y70  compute_x_reg_reg[1]/C



--------------------------------------------------------------------------------------
Path Group:  (none)
From Clock:  sys_clk_pin
  To Clock:  

Max Delay            14 Endpoints
Min Delay            14 Endpoints
--------------------------------------------------------------------------------------


Max Delay Paths
--------------------------------------------------------------------------------------
Slack:                    inf
  Source:                 memory_unit/ram_reg_2_6/CLKBWRCLK
                            (rising edge-triggered cell RAMB36E1 clocked by sys_clk_pin  {rise@0.000ns fall@5.000ns period=10.000ns})
  Destination:            vga_g[2]
                            (output port)
  Path Group:             (none)
  Path Type:              Max at Slow Process Corner
  Data Path Delay:        14.999ns  (logic 7.051ns (47.011%)  route 7.948ns (52.989%))
  Logic Levels:           4  (LUT4=1 LUT6=1 OBUF=1 RAMB36E1=1)
  Clock Uncertainty:      0.025ns  ((TSJ^2 + TIJ^2)^1/2 + DJ) / 2 + PE
    Total System Jitter     (TSJ):    0.050ns
    Total Input Jitter      (TIJ):    0.000ns
    Discrete Jitter          (DJ):    0.000ns
    Phase Error              (PE):    0.000ns

    Location             Delay type                Incr(ns)  Path(ns)    Netlist Resource(s)
  -------------------------------------------------------------------    -------------------
                         (clock sys_clk_pin rise edge)
                                                      0.000     0.000 r  
    R2                                                0.000     0.000 r  clk (IN)
                         net (fo=0)                   0.000     0.000    clk
    R2                   IBUF (Prop_ibuf_I_O)         0.854     0.854 r  clk_IBUF_inst/O
                         net (fo=1, routed)           1.967     2.821    clk_IBUF
    BUFGCTRL_X0Y0        BUFG (Prop_bufg_I_O)         0.096     2.917 r  clk_IBUF_BUFG_inst/O
                         net (fo=785, routed)         1.581     4.498    memory_unit/clk_IBUF_BUFG
    RAMB36_X0Y15         RAMB36E1                                     r  memory_unit/ram_reg_2_6/CLKBWRCLK
  -------------------------------------------------------------------    -------------------
    RAMB36_X0Y15         RAMB36E1 (Prop_ramb36e1_CLKBWRCLK_CASCADEOUTB)
                                                      2.872     7.370 r  memory_unit/ram_reg_2_6/CASCADEOUTB
                         net (fo=1, routed)           0.065     7.436    memory_unit/ram_reg_2_6_n_1
    RAMB36_X0Y16         RAMB36E1 (Prop_ramb36e1_CASCADEINB_DOBDO[0])
                                                      0.425     7.861 r  memory_unit/ram_reg_3_6/DOBDO[0]
                         net (fo=1, routed)           1.955     9.815    memory_unit/ram_reg_3_6_n_67
    SLICE_X48Y77         LUT4 (Prop_lut4_I3_O)        0.124     9.939 r  memory_unit/vga_r_OBUF[1]_inst_i_2/O
                         net (fo=1, routed)           1.026    10.966    vga_unit/vga_g[2]
    SLICE_X42Y74         LUT6 (Prop_lut6_I0_O)        0.124    11.090 r  vga_unit/vga_r_OBUF[1]_inst_i_1/O
                         net (fo=2, routed)           4.902    15.991    vga_g_OBUF[2]
    V13                  OBUF (Prop_obuf_I_O)         3.506    19.497 r  vga_g_OBUF[2]_inst/O
                         net (fo=0)                   0.000    19.497    vga_g[2]
    V13                                                               r  vga_g[2] (OUT)
  -------------------------------------------------------------------    -------------------

Slack:                    inf
  Source:                 memory_unit/ram_reg_2_5/CLKBWRCLK
                            (rising edge-triggered cell RAMB36E1 clocked by sys_clk_pin  {rise@0.000ns fall@5.000ns period=10.000ns})
  Destination:            vga_b[2]
                            (output port)
  Path Group:             (none)
  Path Type:              Max at Slow Process Corner
  Data Path Delay:        14.914ns  (logic 7.042ns (47.218%)  route 7.872ns (52.782%))
  Logic Levels:           4  (LUT4=1 LUT6=1 OBUF=1 RAMB36E1=1)
  Clock Uncertainty:      0.025ns  ((TSJ^2 + TIJ^2)^1/2 + DJ) / 2 + PE
    Total System Jitter     (TSJ):    0.050ns
    Total Input Jitter      (TIJ):    0.000ns
    Discrete Jitter          (DJ):    0.000ns
    Phase Error              (PE):    0.000ns

    Location             Delay type                Incr(ns)  Path(ns)    Netlist Resource(s)
  -------------------------------------------------------------------    -------------------
                         (clock sys_clk_pin rise edge)
                                                      0.000     0.000 r  
    R2                                                0.000     0.000 r  clk (IN)
                         net (fo=0)                   0.000     0.000    clk
    R2                   IBUF (Prop_ibuf_I_O)         0.854     0.854 r  clk_IBUF_inst/O
                         net (fo=1, routed)           1.967     2.821    clk_IBUF
    BUFGCTRL_X0Y0        BUFG (Prop_bufg_I_O)         0.096     2.917 r  clk_IBUF_BUFG_inst/O
                         net (fo=785, routed)         1.591     4.508    memory_unit/clk_IBUF_BUFG
    RAMB36_X0Y13         RAMB36E1                                     r  memory_unit/ram_reg_2_5/CLKBWRCLK
  -------------------------------------------------------------------    -------------------
    RAMB36_X0Y13         RAMB36E1 (Prop_ramb36e1_CLKBWRCLK_CASCADEOUTB)
                                                      2.872     7.380 r  memory_unit/ram_reg_2_5/CASCADEOUTB
                         net (fo=1, routed)           0.065     7.446    memory_unit/ram_reg_2_5_n_1
    RAMB36_X0Y14         RAMB36E1 (Prop_ramb36e1_CASCADEINB_DOBDO[0])
                                                      0.425     7.871 r  memory_unit/ram_reg_3_5/DOBDO[0]
                         net (fo=1, routed)           2.337    10.208    memory_unit/ram_reg_3_5_n_67
    SLICE_X48Y75         LUT4 (Prop_lut4_I3_O)        0.124    10.332 r  memory_unit/vga_r_OBUF[0]_inst_i_2/O
                         net (fo=1, routed)           0.779    11.111    vga_unit/vga_b[2]
    SLICE_X43Y72         LUT6 (Prop_lut6_I0_O)        0.124    11.235 r  vga_unit/vga_r_OBUF[0]_inst_i_1/O
                         net (fo=3, routed)           4.691    15.926    vga_b_OBUF[2]
    R13                  OBUF (Prop_obuf_I_O)         3.497    19.423 r  vga_b_OBUF[2]_inst/O
                         net (fo=0)                   0.000    19.423    vga_b[2]
    R13                                                               r  vga_b[2] (OUT)
  -------------------------------------------------------------------    -------------------

Slack:                    inf
  Source:                 memory_unit/ram_reg_2_5/CLKBWRCLK
                            (rising edge-triggered cell RAMB36E1 clocked by sys_clk_pin  {rise@0.000ns fall@5.000ns period=10.000ns})
  Destination:            vga_g[1]
                            (output port)
  Path Group:             (none)
  Path Type:              Max at Slow Process Corner
  Data Path Delay:        14.835ns  (logic 7.055ns (47.555%)  route 7.780ns (52.445%))
  Logic Levels:           4  (LUT4=1 LUT6=1 OBUF=1 RAMB36E1=1)
  Clock Uncertainty:      0.025ns  ((TSJ^2 + TIJ^2)^1/2 + DJ) / 2 + PE
    Total System Jitter     (TSJ):    0.050ns
    Total Input Jitter      (TIJ):    0.000ns
    Discrete Jitter          (DJ):    0.000ns
    Phase Error              (PE):    0.000ns

    Location             Delay type                Incr(ns)  Path(ns)    Netlist Resource(s)
  -------------------------------------------------------------------    -------------------
                         (clock sys_clk_pin rise edge)
                                                      0.000     0.000 r  
    R2                                                0.000     0.000 r  clk (IN)
                         net (fo=0)                   0.000     0.000    clk
    R2                   IBUF (Prop_ibuf_I_O)         0.854     0.854 r  clk_IBUF_inst/O
                         net (fo=1, routed)           1.967     2.821    clk_IBUF
    BUFGCTRL_X0Y0        BUFG (Prop_bufg_I_O)         0.096     2.917 r  clk_IBUF_BUFG_inst/O
                         net (fo=785, routed)         1.591     4.508    memory_unit/clk_IBUF_BUFG
    RAMB36_X0Y13         RAMB36E1                                     r  memory_unit/ram_reg_2_5/CLKBWRCLK
  -------------------------------------------------------------------    -------------------
    RAMB36_X0Y13         RAMB36E1 (Prop_ramb36e1_CLKBWRCLK_CASCADEOUTB)
                                                      2.872     7.380 r  memory_unit/ram_reg_2_5/CASCADEOUTB
                         net (fo=1, routed)           0.065     7.446    memory_unit/ram_reg_2_5_n_1
    RAMB36_X0Y14         RAMB36E1 (Prop_ramb36e1_CASCADEINB_DOBDO[0])
                                                      0.425     7.871 r  memory_unit/ram_reg_3_5/DOBDO[0]
                         net (fo=1, routed)           2.337    10.208    memory_unit/ram_reg_3_5_n_67
    SLICE_X48Y75         LUT4 (Prop_lut4_I3_O)        0.124    10.332 r  memory_unit/vga_r_OBUF[0]_inst_i_2/O
                         net (fo=1, routed)           0.779    11.111    vga_unit/vga_b[2]
    SLICE_X43Y72         LUT6 (Prop_lut6_I0_O)        0.124    11.235 r  vga_unit/vga_r_OBUF[0]_inst_i_1/O
                         net (fo=3, routed)           4.599    15.833    vga_b_OBUF[2]
    U12                  OBUF (Prop_obuf_I_O)         3.510    19.343 r  vga_g_OBUF[1]_inst/O
                         net (fo=0)                   0.000    19.343    vga_g[1]
    U12                                                               r  vga_g[1] (OUT)
  -------------------------------------------------------------------    -------------------

Slack:                    inf
  Source:                 memory_unit/ram_reg_2_6/CLKBWRCLK
                            (rising edge-triggered cell RAMB36E1 clocked by sys_clk_pin  {rise@0.000ns fall@5.000ns period=10.000ns})
  Destination:            vga_r[1]
                            (output port)
  Path Group:             (none)
  Path Type:              Max at Slow Process Corner
  Data Path Delay:        14.800ns  (logic 7.054ns (47.665%)  route 7.745ns (52.335%))
  Logic Levels:           4  (LUT4=1 LUT6=1 OBUF=1 RAMB36E1=1)
  Clock Uncertainty:      0.025ns  ((TSJ^2 + TIJ^2)^1/2 + DJ) / 2 + PE
    Total System Jitter     (TSJ):    0.050ns
    Total Input Jitter      (TIJ):    0.000ns
    Discrete Jitter          (DJ):    0.000ns
    Phase Error              (PE):    0.000ns

    Location             Delay type                Incr(ns)  Path(ns)    Netlist Resource(s)
  -------------------------------------------------------------------    -------------------
                         (clock sys_clk_pin rise edge)
                                                      0.000     0.000 r  
    R2                                                0.000     0.000 r  clk (IN)
                         net (fo=0)                   0.000     0.000    clk
    R2                   IBUF (Prop_ibuf_I_O)         0.854     0.854 r  clk_IBUF_inst/O
                         net (fo=1, routed)           1.967     2.821    clk_IBUF
    BUFGCTRL_X0Y0        BUFG (Prop_bufg_I_O)         0.096     2.917 r  clk_IBUF_BUFG_inst/O
                         net (fo=785, routed)         1.581     4.498    memory_unit/clk_IBUF_BUFG
    RAMB36_X0Y15         RAMB36E1                                     r  memory_unit/ram_reg_2_6/CLKBWRCLK
  -------------------------------------------------------------------    -------------------
    RAMB36_X0Y15         RAMB36E1 (Prop_ramb36e1_CLKBWRCLK_CASCADEOUTB)
                                                      2.872     7.370 r  memory_unit/ram_reg_2_6/CASCADEOUTB
                         net (fo=1, routed)           0.065     7.436    memory_unit/ram_reg_2_6_n_1
    RAMB36_X0Y16         RAMB36E1 (Prop_ramb36e1_CASCADEINB_DOBDO[0])
                                                      0.425     7.861 r  memory_unit/ram_reg_3_6/DOBDO[0]
                         net (fo=1, routed)           1.955     9.815    memory_unit/ram_reg_3_6_n_67
    SLICE_X48Y77         LUT4 (Prop_lut4_I3_O)        0.124     9.939 r  memory_unit/vga_r_OBUF[1]_inst_i_2/O
                         net (fo=1, routed)           1.026    10.966    vga_unit/vga_g[2]
    SLICE_X42Y74         LUT6 (Prop_lut6_I0_O)        0.124    11.090 r  vga_unit/vga_r_OBUF[1]_inst_i_1/O
                         net (fo=2, routed)           4.699    15.789    vga_g_OBUF[2]
    V16                  OBUF (Prop_obuf_I_O)         3.509    19.298 r  vga_r_OBUF[1]_inst/O
                         net (fo=0)                   0.000    19.298    vga_r[1]
    V16                                                               r  vga_r[1] (OUT)
  -------------------------------------------------------------------    -------------------

Slack:                    inf
  Source:                 memory_unit/ram_reg_2_5/CLKBWRCLK
                            (rising edge-triggered cell RAMB36E1 clocked by sys_clk_pin  {rise@0.000ns fall@5.000ns period=10.000ns})
  Destination:            vga_r[0]
                            (output port)
  Path Group:             (none)
  Path Type:              Max at Slow Process Corner
  Data Path Delay:        14.643ns  (logic 7.055ns (48.179%)  route 7.588ns (51.821%))
  Logic Levels:           4  (LUT4=1 LUT6=1 OBUF=1 RAMB36E1=1)
  Clock Uncertainty:      0.025ns  ((TSJ^2 + TIJ^2)^1/2 + DJ) / 2 + PE
    Total System Jitter     (TSJ):    0.050ns
    Total Input Jitter      (TIJ):    0.000ns
    Discrete Jitter          (DJ):    0.000ns
    Phase Error              (PE):    0.000ns

    Location             Delay type                Incr(ns)  Path(ns)    Netlist Resource(s)
  -------------------------------------------------------------------    -------------------
                         (clock sys_clk_pin rise edge)
                                                      0.000     0.000 r  
    R2                                                0.000     0.000 r  clk (IN)
                         net (fo=0)                   0.000     0.000    clk
    R2                   IBUF (Prop_ibuf_I_O)         0.854     0.854 r  clk_IBUF_inst/O
                         net (fo=1, routed)           1.967     2.821    clk_IBUF
    BUFGCTRL_X0Y0        BUFG (Prop_bufg_I_O)         0.096     2.917 r  clk_IBUF_BUFG_inst/O
                         net (fo=785, routed)         1.591     4.508    memory_unit/clk_IBUF_BUFG
    RAMB36_X0Y13         RAMB36E1                                     r  memory_unit/ram_reg_2_5/CLKBWRCLK
  -------------------------------------------------------------------    -------------------
    RAMB36_X0Y13         RAMB36E1 (Prop_ramb36e1_CLKBWRCLK_CASCADEOUTB)
                                                      2.872     7.380 r  memory_unit/ram_reg_2_5/CASCADEOUTB
                         net (fo=1, routed)           0.065     7.446    memory_unit/ram_reg_2_5_n_1
    RAMB36_X0Y14         RAMB36E1 (Prop_ramb36e1_CASCADEINB_DOBDO[0])
                                                      0.425     7.871 r  memory_unit/ram_reg_3_5/DOBDO[0]
                         net (fo=1, routed)           2.337    10.208    memory_unit/ram_reg_3_5_n_67
    SLICE_X48Y75         LUT4 (Prop_lut4_I3_O)        0.124    10.332 r  memory_unit/vga_r_OBUF[0]_inst_i_2/O
                         net (fo=1, routed)           0.779    11.111    vga_unit/vga_b[2]
    SLICE_X43Y72         LUT6 (Prop_lut6_I0_O)        0.124    11.235 r  vga_unit/vga_r_OBUF[0]_inst_i_1/O
                         net (fo=3, routed)           4.407    15.641    vga_b_OBUF[2]
    U15                  OBUF (Prop_obuf_I_O)         3.510    19.151 r  vga_r_OBUF[0]_inst/O
                         net (fo=0)                   0.000    19.151    vga_r[0]
    U15                                                               r  vga_r[0] (OUT)
  -------------------------------------------------------------------    -------------------

Slack:                    inf
  Source:                 zoom_unit/y_reticle_reg_reg[2]/C
                            (rising edge-triggered cell FDCE clocked by sys_clk_pin  {rise@0.000ns fall@5.000ns period=10.000ns})
  Destination:            vga_g[3]
                            (output port)
  Path Group:             (none)
  Path Type:              Max at Slow Process Corner
  Data Path Delay:        14.674ns  (logic 5.114ns (34.850%)  route 9.560ns (65.150%))
  Logic Levels:           6  (CARRY4=1 LUT4=1 LUT6=3 OBUF=1)
  Clock Uncertainty:      0.025ns  ((TSJ^2 + TIJ^2)^1/2 + DJ) / 2 + PE
    Total System Jitter     (TSJ):    0.050ns
    Total Input Jitter      (TIJ):    0.000ns
    Discrete Jitter          (DJ):    0.000ns
    Phase Error              (PE):    0.000ns

    Location             Delay type                Incr(ns)  Path(ns)    Netlist Resource(s)
  -------------------------------------------------------------------    -------------------
                         (clock sys_clk_pin rise edge)
                                                      0.000     0.000 r  
    R2                                                0.000     0.000 r  clk (IN)
                         net (fo=0)                   0.000     0.000    clk
    R2                   IBUF (Prop_ibuf_I_O)         0.854     0.854 r  clk_IBUF_inst/O
                         net (fo=1, routed)           1.967     2.821    clk_IBUF
    BUFGCTRL_X0Y0        BUFG (Prop_bufg_I_O)         0.096     2.917 r  clk_IBUF_BUFG_inst/O
                         net (fo=785, routed)         1.548     4.465    zoom_unit/clk_IBUF_BUFG
    SLICE_X33Y63         FDCE                                         r  zoom_unit/y_reticle_reg_reg[2]/C
  -------------------------------------------------------------------    -------------------
    SLICE_X33Y63         FDCE (Prop_fdce_C_Q)         0.419     4.884 r  zoom_unit/y_reticle_reg_reg[2]/Q
                         net (fo=13, routed)          1.662     6.546    zoom_unit/y_reticle_reg[2]
    SLICE_X43Y71         LUT6 (Prop_lut6_I0_O)        0.299     6.845 r  zoom_unit/vga_r_OBUF[3]_inst_i_15/O
                         net (fo=1, routed)           0.000     6.845    zoom_unit/vga_r_OBUF[3]_inst_i_15_n_0
    SLICE_X43Y71         CARRY4 (Prop_carry4_S[0]_CO[3])
                                                      0.532     7.377 r  zoom_unit/vga_r_OBUF[3]_inst_i_3/CO[3]
                         net (fo=7, routed)           1.192     8.568    vga_unit/CO[0]
    SLICE_X41Y74         LUT6 (Prop_lut6_I5_O)        0.124     8.692 r  vga_unit/vga_r_OBUF[3]_inst_i_9/O
                         net (fo=1, routed)           0.805     9.498    vga_unit/vga_r_OBUF[3]_inst_i_9_n_0
    SLICE_X43Y74         LUT4 (Prop_lut4_I1_O)        0.124     9.622 r  vga_unit/vga_r_OBUF[3]_inst_i_2/O
                         net (fo=6, routed)           0.700    10.322    vga_unit/vga_r_OBUF[3]_inst_i_2_n_0
    SLICE_X43Y74         LUT6 (Prop_lut6_I0_O)        0.124    10.446 r  vga_unit/vga_r_OBUF[3]_inst_i_1/O
                         net (fo=3, routed)           5.201    15.647    vga_b_OBUF[3]
    T12                  OBUF (Prop_obuf_I_O)         3.492    19.138 r  vga_g_OBUF[3]_inst/O
                         net (fo=0)                   0.000    19.138    vga_g[3]
    T12                                                               r  vga_g[3] (OUT)
  -------------------------------------------------------------------    -------------------

Slack:                    inf
  Source:                 memory_unit/ram_reg_2_4/CLKBWRCLK
                            (rising edge-triggered cell RAMB36E1 clocked by sys_clk_pin  {rise@0.000ns fall@5.000ns period=10.000ns})
  Destination:            vga_g[0]
                            (output port)
  Path Group:             (none)
  Path Type:              Max at Slow Process Corner
  Data Path Delay:        14.323ns  (logic 7.051ns (49.230%)  route 7.272ns (50.770%))
  Logic Levels:           4  (LUT4=1 LUT6=1 OBUF=1 RAMB36E1=1)
  Clock Uncertainty:      0.025ns  ((TSJ^2 + TIJ^2)^1/2 + DJ) / 2 + PE
    Total System Jitter     (TSJ):    0.050ns
    Total Input Jitter      (TIJ):    0.000ns
    Discrete Jitter          (DJ):    0.000ns
    Phase Error              (PE):    0.000ns

    Location             Delay type                Incr(ns)  Path(ns)    Netlist Resource(s)
  -------------------------------------------------------------------    -------------------
                         (clock sys_clk_pin rise edge)
                                                      0.000     0.000 r  
    R2                                                0.000     0.000 r  clk (IN)
                         net (fo=0)                   0.000     0.000    clk
    R2                   IBUF (Prop_ibuf_I_O)         0.854     0.854 r  clk_IBUF_inst/O
                         net (fo=1, routed)           1.967     2.821    clk_IBUF
    BUFGCTRL_X0Y0        BUFG (Prop_bufg_I_O)         0.096     2.917 r  clk_IBUF_BUFG_inst/O
                         net (fo=785, routed)         1.598     4.515    memory_unit/clk_IBUF_BUFG
    RAMB36_X2Y12         RAMB36E1                                     r  memory_unit/ram_reg_2_4/CLKBWRCLK
  -------------------------------------------------------------------    -------------------
    RAMB36_X2Y12         RAMB36E1 (Prop_ramb36e1_CLKBWRCLK_CASCADEOUTB)
                                                      2.872     7.387 r  memory_unit/ram_reg_2_4/CASCADEOUTB
                         net (fo=1, routed)           0.065     7.453    memory_unit/ram_reg_2_4_n_1
    RAMB36_X2Y13         RAMB36E1 (Prop_ramb36e1_CASCADEINB_DOBDO[0])
                                                      0.425     7.878 r  memory_unit/ram_reg_3_4/DOBDO[0]
                         net (fo=1, routed)           1.337     9.215    memory_unit/ram_reg_3_4_n_67
    SLICE_X52Y75         LUT4 (Prop_lut4_I3_O)        0.124     9.339 r  memory_unit/vga_g_OBUF[0]_inst_i_2/O
                         net (fo=1, routed)           1.133    10.471    vga_unit/vga_b[1]
    SLICE_X42Y74         LUT6 (Prop_lut6_I0_O)        0.124    10.595 r  vga_unit/vga_g_OBUF[0]_inst_i_1/O
                         net (fo=2, routed)           4.737    15.332    vga_b_OBUF[1]
    V15                  OBUF (Prop_obuf_I_O)         3.506    18.838 r  vga_g_OBUF[0]_inst/O
                         net (fo=0)                   0.000    18.838    vga_g[0]
    V15                                                               r  vga_g[0] (OUT)
  -------------------------------------------------------------------    -------------------

Slack:                    inf
  Source:                 memory_unit/ram_reg_0_3/CLKBWRCLK
                            (rising edge-triggered cell RAMB36E1 clocked by sys_clk_pin  {rise@0.000ns fall@5.000ns period=10.000ns})
  Destination:            vga_b[0]
                            (output port)
  Path Group:             (none)
  Path Type:              Max at Slow Process Corner
  Data Path Delay:        14.265ns  (logic 7.054ns (49.451%)  route 7.211ns (50.549%))
  Logic Levels:           4  (LUT4=1 LUT6=1 OBUF=1 RAMB36E1=1)
  Clock Uncertainty:      0.025ns  ((TSJ^2 + TIJ^2)^1/2 + DJ) / 2 + PE
    Total System Jitter     (TSJ):    0.050ns
    Total Input Jitter      (TIJ):    0.000ns
    Discrete Jitter          (DJ):    0.000ns
    Phase Error              (PE):    0.000ns

    Location             Delay type                Incr(ns)  Path(ns)    Netlist Resource(s)
  -------------------------------------------------------------------    -------------------
                         (clock sys_clk_pin rise edge)
                                                      0.000     0.000 r  
    R2                                                0.000     0.000 r  clk (IN)
                         net (fo=0)                   0.000     0.000    clk
    R2                   IBUF (Prop_ibuf_I_O)         0.854     0.854 r  clk_IBUF_inst/O
                         net (fo=1, routed)           1.967     2.821    clk_IBUF
    BUFGCTRL_X0Y0        BUFG (Prop_bufg_I_O)         0.096     2.917 r  clk_IBUF_BUFG_inst/O
                         net (fo=785, routed)         1.595     4.512    memory_unit/clk_IBUF_BUFG
    RAMB36_X1Y17         RAMB36E1                                     r  memory_unit/ram_reg_0_3/CLKBWRCLK
  -------------------------------------------------------------------    -------------------
    RAMB36_X1Y17         RAMB36E1 (Prop_ramb36e1_CLKBWRCLK_CASCADEOUTB)
                                                      2.872     7.384 r  memory_unit/ram_reg_0_3/CASCADEOUTB
                         net (fo=1, routed)           0.065     7.450    memory_unit/ram_reg_0_3_n_1
    RAMB36_X1Y18         RAMB36E1 (Prop_ramb36e1_CASCADEINB_DOBDO[0])
                                                      0.425     7.875 r  memory_unit/ram_reg_1_3/DOBDO[0]
                         net (fo=1, routed)           1.793     9.668    memory_unit/ram_reg_1_3_n_67
    SLICE_X48Y75         LUT4 (Prop_lut4_I1_O)        0.124     9.792 r  memory_unit/vga_b_OBUF[0]_inst_i_2/O
                         net (fo=1, routed)           1.283    11.074    vga_unit/vga_b[0]
    SLICE_X43Y72         LUT6 (Prop_lut6_I0_O)        0.124    11.198 r  vga_unit/vga_b_OBUF[0]_inst_i_1/O
                         net (fo=1, routed)           4.070    15.268    vga_b_OBUF[0]
    U16                  OBUF (Prop_obuf_I_O)         3.509    18.777 r  vga_b_OBUF[0]_inst/O
                         net (fo=0)                   0.000    18.777    vga_b[0]
    U16                                                               r  vga_b[0] (OUT)
  -------------------------------------------------------------------    -------------------

Slack:                    inf
  Source:                 zoom_unit/y_reticle_reg_reg[2]/C
                            (rising edge-triggered cell FDCE clocked by sys_clk_pin  {rise@0.000ns fall@5.000ns period=10.000ns})
  Destination:            vga_b[3]
                            (output port)
  Path Group:             (none)
  Path Type:              Max at Slow Process Corner
  Data Path Delay:        14.203ns  (logic 5.128ns (36.108%)  route 9.074ns (63.892%))
  Logic Levels:           6  (CARRY4=1 LUT4=1 LUT6=3 OBUF=1)
  Clock Uncertainty:      0.025ns  ((TSJ^2 + TIJ^2)^1/2 + DJ) / 2 + PE
    Total System Jitter     (TSJ):    0.050ns
    Total Input Jitter      (TIJ):    0.000ns
    Discrete Jitter          (DJ):    0.000ns
    Phase Error              (PE):    0.000ns

    Location             Delay type                Incr(ns)  Path(ns)    Netlist Resource(s)
  -------------------------------------------------------------------    -------------------
                         (clock sys_clk_pin rise edge)
                                                      0.000     0.000 r  
    R2                                                0.000     0.000 r  clk (IN)
                         net (fo=0)                   0.000     0.000    clk
    R2                   IBUF (Prop_ibuf_I_O)         0.854     0.854 r  clk_IBUF_inst/O
                         net (fo=1, routed)           1.967     2.821    clk_IBUF
    BUFGCTRL_X0Y0        BUFG (Prop_bufg_I_O)         0.096     2.917 r  clk_IBUF_BUFG_inst/O
                         net (fo=785, routed)         1.548     4.465    zoom_unit/clk_IBUF_BUFG
    SLICE_X33Y63         FDCE                                         r  zoom_unit/y_reticle_reg_reg[2]/C
  -------------------------------------------------------------------    -------------------
    SLICE_X33Y63         FDCE (Prop_fdce_C_Q)         0.419     4.884 r  zoom_unit/y_reticle_reg_reg[2]/Q
                         net (fo=13, routed)          1.662     6.546    zoom_unit/y_reticle_reg[2]
    SLICE_X43Y71         LUT6 (Prop_lut6_I0_O)        0.299     6.845 r  zoom_unit/vga_r_OBUF[3]_inst_i_15/O
                         net (fo=1, routed)           0.000     6.845    zoom_unit/vga_r_OBUF[3]_inst_i_15_n_0
    SLICE_X43Y71         CARRY4 (Prop_carry4_S[0]_CO[3])
                                                      0.532     7.377 r  zoom_unit/vga_r_OBUF[3]_inst_i_3/CO[3]
                         net (fo=7, routed)           1.192     8.568    vga_unit/CO[0]
    SLICE_X41Y74         LUT6 (Prop_lut6_I5_O)        0.124     8.692 r  vga_unit/vga_r_OBUF[3]_inst_i_9/O
                         net (fo=1, routed)           0.805     9.498    vga_unit/vga_r_OBUF[3]_inst_i_9_n_0
    SLICE_X43Y74         LUT4 (Prop_lut4_I1_O)        0.124     9.622 r  vga_unit/vga_r_OBUF[3]_inst_i_2/O
                         net (fo=6, routed)           0.700    10.322    vga_unit/vga_r_OBUF[3]_inst_i_2_n_0
    SLICE_X43Y74         LUT6 (Prop_lut6_I0_O)        0.124    10.446 r  vga_unit/vga_r_OBUF[3]_inst_i_1/O
                         net (fo=3, routed)           4.716    15.161    vga_b_OBUF[3]
    V14                  OBUF (Prop_obuf_I_O)         3.506    18.668 r  vga_b_OBUF[3]_inst/O
                         net (fo=0)                   0.000    18.668    vga_b[3]
    V14                                                               r  vga_b[3] (OUT)
  -------------------------------------------------------------------    -------------------

Slack:                    inf
  Source:                 memory_unit/ram_reg_2_4/CLKBWRCLK
                            (rising edge-triggered cell RAMB36E1 clocked by sys_clk_pin  {rise@0.000ns fall@5.000ns period=10.000ns})
  Destination:            vga_b[1]
                            (output port)
  Path Group:             (none)
  Path Type:              Max at Slow Process Corner
  Data Path Delay:        14.034ns  (logic 7.046ns (50.210%)  route 6.987ns (49.790%))
  Logic Levels:           4  (LUT4=1 LUT6=1 OBUF=1 RAMB36E1=1)
  Clock Uncertainty:      0.025ns  ((TSJ^2 + TIJ^2)^1/2 + DJ) / 2 + PE
    Total System Jitter     (TSJ):    0.050ns
    Total Input Jitter      (TIJ):    0.000ns
    Discrete Jitter          (DJ):    0.000ns
    Phase Error              (PE):    0.000ns

    Location             Delay type                Incr(ns)  Path(ns)    Netlist Resource(s)
  -------------------------------------------------------------------    -------------------
                         (clock sys_clk_pin rise edge)
                                                      0.000     0.000 r  
    R2                                                0.000     0.000 r  clk (IN)
                         net (fo=0)                   0.000     0.000    clk
    R2                   IBUF (Prop_ibuf_I_O)         0.854     0.854 r  clk_IBUF_inst/O
                         net (fo=1, routed)           1.967     2.821    clk_IBUF
    BUFGCTRL_X0Y0        BUFG (Prop_bufg_I_O)         0.096     2.917 r  clk_IBUF_BUFG_inst/O
                         net (fo=785, routed)         1.598     4.515    memory_unit/clk_IBUF_BUFG
    RAMB36_X2Y12         RAMB36E1                                     r  memory_unit/ram_reg_2_4/CLKBWRCLK
  -------------------------------------------------------------------    -------------------
    RAMB36_X2Y12         RAMB36E1 (Prop_ramb36e1_CLKBWRCLK_CASCADEOUTB)
                                                      2.872     7.387 r  memory_unit/ram_reg_2_4/CASCADEOUTB
                         net (fo=1, routed)           0.065     7.453    memory_unit/ram_reg_2_4_n_1
    RAMB36_X2Y13         RAMB36E1 (Prop_ramb36e1_CASCADEINB_DOBDO[0])
                                                      0.425     7.878 r  memory_unit/ram_reg_3_4/DOBDO[0]
                         net (fo=1, routed)           1.337     9.215    memory_unit/ram_reg_3_4_n_67
    SLICE_X52Y75         LUT4 (Prop_lut4_I3_O)        0.124     9.339 r  memory_unit/vga_g_OBUF[0]_inst_i_2/O
                         net (fo=1, routed)           1.133    10.471    vga_unit/vga_b[1]
    SLICE_X42Y74         LUT6 (Prop_lut6_I0_O)        0.124    10.595 r  vga_unit/vga_g_OBUF[0]_inst_i_1/O
                         net (fo=2, routed)           4.452    15.048    vga_b_OBUF[1]
    P13                  OBUF (Prop_obuf_I_O)         3.501    18.549 r  vga_b_OBUF[1]_inst/O
                         net (fo=0)                   0.000    18.549    vga_b[1]
    P13                                                               r  vga_b[1] (OUT)
  -------------------------------------------------------------------    -------------------





Min Delay Paths
--------------------------------------------------------------------------------------
Slack:                    inf
  Source:                 vga_unit/h_sync_reg_reg/C
                            (rising edge-triggered cell FDCE clocked by sys_clk_pin  {rise@0.000ns fall@5.000ns period=10.000ns})
  Destination:            hsync
                            (output port)
  Path Group:             (none)
  Path Type:              Min at Fast Process Corner
  Data Path Delay:        3.022ns  (logic 1.335ns (44.182%)  route 1.687ns (55.818%))
  Logic Levels:           1  (OBUF=1)
  Clock Uncertainty:      0.025ns  ((TSJ^2 + TIJ^2)^1/2 + DJ) / 2 + PE
    Total System Jitter     (TSJ):    0.050ns
    Total Input Jitter      (TIJ):    0.000ns
    Discrete Jitter          (DJ):    0.000ns
    Phase Error              (PE):    0.000ns

    Location             Delay type                Incr(ns)  Path(ns)    Netlist Resource(s)
  -------------------------------------------------------------------    -------------------
                         (clock sys_clk_pin rise edge)
                                                      0.000     0.000 r  
    R2                                                0.000     0.000 r  clk (IN)
                         net (fo=0)                   0.000     0.000    clk
    R2                   IBUF (Prop_ibuf_I_O)         0.320     0.320 r  clk_IBUF_inst/O
                         net (fo=1, routed)           0.631     0.951    clk_IBUF
    BUFGCTRL_X0Y0        BUFG (Prop_bufg_I_O)         0.026     0.977 r  clk_IBUF_BUFG_inst/O
                         net (fo=785, routed)         0.549     1.525    vga_unit/clk_IBUF_BUFG
    SLICE_X43Y73         FDCE                                         r  vga_unit/h_sync_reg_reg/C
  -------------------------------------------------------------------    -------------------
    SLICE_X43Y73         FDCE (Prop_fdce_C_Q)         0.141     1.666 r  vga_unit/h_sync_reg_reg/Q
                         net (fo=1, routed)           1.687     3.353    hsync_OBUF
    T13                  OBUF (Prop_obuf_I_O)         1.194     4.547 r  hsync_OBUF_inst/O
                         net (fo=0)                   0.000     4.547    hsync
    T13                                                               r  hsync (OUT)
  -------------------------------------------------------------------    -------------------

Slack:                    inf
  Source:                 vga_unit/v_sync_reg_reg/C
                            (rising edge-triggered cell FDCE clocked by sys_clk_pin  {rise@0.000ns fall@5.000ns period=10.000ns})
  Destination:            vsync
                            (output port)
  Path Group:             (none)
  Path Type:              Min at Fast Process Corner
  Data Path Delay:        3.307ns  (logic 1.348ns (40.752%)  route 1.959ns (59.248%))
  Logic Levels:           1  (OBUF=1)
  Clock Uncertainty:      0.025ns  ((TSJ^2 + TIJ^2)^1/2 + DJ) / 2 + PE
    Total System Jitter     (TSJ):    0.050ns
    Total Input Jitter      (TIJ):    0.000ns
    Discrete Jitter          (DJ):    0.000ns
    Phase Error              (PE):    0.000ns

    Location             Delay type                Incr(ns)  Path(ns)    Netlist Resource(s)
  -------------------------------------------------------------------    -------------------
                         (clock sys_clk_pin rise edge)
                                                      0.000     0.000 r  
    R2                                                0.000     0.000 r  clk (IN)
                         net (fo=0)                   0.000     0.000    clk
    R2                   IBUF (Prop_ibuf_I_O)         0.320     0.320 r  clk_IBUF_inst/O
                         net (fo=1, routed)           0.631     0.951    clk_IBUF
    BUFGCTRL_X0Y0        BUFG (Prop_bufg_I_O)         0.026     0.977 r  clk_IBUF_BUFG_inst/O
                         net (fo=785, routed)         0.554     1.530    vga_unit/clk_IBUF_BUFG
    SLICE_X49Y72         FDCE                                         r  vga_unit/v_sync_reg_reg/C
  -------------------------------------------------------------------    -------------------
    SLICE_X49Y72         FDCE (Prop_fdce_C_Q)         0.141     1.671 r  vga_unit/v_sync_reg_reg/Q
                         net (fo=1, routed)           1.959     3.630    vsync_OBUF
    R11                  OBUF (Prop_obuf_I_O)         1.207     4.837 r  vsync_OBUF_inst/O
                         net (fo=0)                   0.000     4.837    vsync
    R11                                                               r  vsync (OUT)
  -------------------------------------------------------------------    -------------------

Slack:                    inf
  Source:                 vga_unit/v_count_reg_reg[9]/C
                            (rising edge-triggered cell FDCE clocked by sys_clk_pin  {rise@0.000ns fall@5.000ns period=10.000ns})
  Destination:            vga_b[0]
                            (output port)
  Path Group:             (none)
  Path Type:              Min at Fast Process Corner
  Data Path Delay:        3.500ns  (logic 1.482ns (42.343%)  route 2.018ns (57.657%))
  Logic Levels:           3  (LUT5=1 LUT6=1 OBUF=1)
  Clock Uncertainty:      0.025ns  ((TSJ^2 + TIJ^2)^1/2 + DJ) / 2 + PE
    Total System Jitter     (TSJ):    0.050ns
    Total Input Jitter      (TIJ):    0.000ns
    Discrete Jitter          (DJ):    0.000ns
    Phase Error              (PE):    0.000ns

    Location             Delay type                Incr(ns)  Path(ns)    Netlist Resource(s)
  -------------------------------------------------------------------    -------------------
                         (clock sys_clk_pin rise edge)
                                                      0.000     0.000 r  
    R2                                                0.000     0.000 r  clk (IN)
                         net (fo=0)                   0.000     0.000    clk
    R2                   IBUF (Prop_ibuf_I_O)         0.320     0.320 r  clk_IBUF_inst/O
                         net (fo=1, routed)           0.631     0.951    clk_IBUF
    BUFGCTRL_X0Y0        BUFG (Prop_bufg_I_O)         0.026     0.977 r  clk_IBUF_BUFG_inst/O
                         net (fo=785, routed)         0.552     1.528    vga_unit/clk_IBUF_BUFG
    SLICE_X49Y73         FDCE                                         r  vga_unit/v_count_reg_reg[9]/C
  -------------------------------------------------------------------    -------------------
    SLICE_X49Y73         FDCE (Prop_fdce_C_Q)         0.128     1.656 f  vga_unit/v_count_reg_reg[9]/Q
                         net (fo=8, routed)           0.190     1.846    vga_unit/p_y[9]
    SLICE_X49Y73         LUT5 (Prop_lut5_I0_O)        0.099     1.945 r  vga_unit/vga_r_OBUF[3]_inst_i_7/O
                         net (fo=8, routed)           0.358     2.303    vga_unit/vga_video_on
    SLICE_X43Y72         LUT6 (Prop_lut6_I4_O)        0.045     2.348 r  vga_unit/vga_b_OBUF[0]_inst_i_1/O
                         net (fo=1, routed)           1.471     3.818    vga_b_OBUF[0]
    U16                  OBUF (Prop_obuf_I_O)         1.210     5.029 r  vga_b_OBUF[0]_inst/O
                         net (fo=0)                   0.000     5.029    vga_b[0]
    U16                                                               r  vga_b[0] (OUT)
  -------------------------------------------------------------------    -------------------

Slack:                    inf
  Source:                 vga_unit/v_count_reg_reg[9]/C
                            (rising edge-triggered cell FDCE clocked by sys_clk_pin  {rise@0.000ns fall@5.000ns period=10.000ns})
  Destination:            vga_r[2]
                            (output port)
  Path Group:             (none)
  Path Type:              Min at Fast Process Corner
  Data Path Delay:        3.558ns  (logic 1.481ns (41.639%)  route 2.076ns (58.361%))
  Logic Levels:           3  (LUT5=1 LUT6=1 OBUF=1)
  Clock Uncertainty:      0.025ns  ((TSJ^2 + TIJ^2)^1/2 + DJ) / 2 + PE
    Total System Jitter     (TSJ):    0.050ns
    Total Input Jitter      (TIJ):    0.000ns
    Discrete Jitter          (DJ):    0.000ns
    Phase Error              (PE):    0.000ns

    Location             Delay type                Incr(ns)  Path(ns)    Netlist Resource(s)
  -------------------------------------------------------------------    -------------------
                         (clock sys_clk_pin rise edge)
                                                      0.000     0.000 r  
    R2                                                0.000     0.000 r  clk (IN)
                         net (fo=0)                   0.000     0.000    clk
    R2                   IBUF (Prop_ibuf_I_O)         0.320     0.320 r  clk_IBUF_inst/O
                         net (fo=1, routed)           0.631     0.951    clk_IBUF
    BUFGCTRL_X0Y0        BUFG (Prop_bufg_I_O)         0.026     0.977 r  clk_IBUF_BUFG_inst/O
                         net (fo=785, routed)         0.552     1.528    vga_unit/clk_IBUF_BUFG
    SLICE_X49Y73         FDCE                                         r  vga_unit/v_count_reg_reg[9]/C
  -------------------------------------------------------------------    -------------------
    SLICE_X49Y73         FDCE (Prop_fdce_C_Q)         0.128     1.656 f  vga_unit/v_count_reg_reg[9]/Q
                         net (fo=8, routed)           0.190     1.846    vga_unit/p_y[9]
    SLICE_X49Y73         LUT5 (Prop_lut5_I0_O)        0.099     1.945 r  vga_unit/vga_r_OBUF[3]_inst_i_7/O
                         net (fo=8, routed)           0.466     2.411    vga_unit/vga_video_on
    SLICE_X43Y72         LUT6 (Prop_lut6_I4_O)        0.045     2.456 r  vga_unit/vga_r_OBUF[2]_inst_i_1/O
                         net (fo=1, routed)           1.421     3.877    vga_r_OBUF[2]
    U17                  OBUF (Prop_obuf_I_O)         1.209     5.086 r  vga_r_OBUF[2]_inst/O
                         net (fo=0)                   0.000     5.086    vga_r[2]
    U17                                                               r  vga_r[2] (OUT)
  -------------------------------------------------------------------    -------------------

Slack:                    inf
  Source:                 vga_unit/h_count_reg_reg[5]/C
                            (rising edge-triggered cell FDCE clocked by sys_clk_pin  {rise@0.000ns fall@5.000ns period=10.000ns})
  Destination:            vga_r[3]
                            (output port)
  Path Group:             (none)
  Path Type:              Min at Fast Process Corner
  Data Path Delay:        3.621ns  (logic 1.617ns (44.659%)  route 2.004ns (55.341%))
  Logic Levels:           4  (CARRY4=1 LUT6=2 OBUF=1)
  Clock Uncertainty:      0.025ns  ((TSJ^2 + TIJ^2)^1/2 + DJ) / 2 + PE
    Total System Jitter     (TSJ):    0.050ns
    Total Input Jitter      (TIJ):    0.000ns
    Discrete Jitter          (DJ):    0.000ns
    Phase Error              (PE):    0.000ns

    Location             Delay type                Incr(ns)  Path(ns)    Netlist Resource(s)
  -------------------------------------------------------------------    -------------------
                         (clock sys_clk_pin rise edge)
                                                      0.000     0.000 r  
    R2                                                0.000     0.000 r  clk (IN)
                         net (fo=0)                   0.000     0.000    clk
    R2                   IBUF (Prop_ibuf_I_O)         0.320     0.320 r  clk_IBUF_inst/O
                         net (fo=1, routed)           0.631     0.951    clk_IBUF
    BUFGCTRL_X0Y0        BUFG (Prop_bufg_I_O)         0.026     0.977 r  clk_IBUF_BUFG_inst/O
                         net (fo=785, routed)         0.550     1.526    vga_unit/clk_IBUF_BUFG
    SLICE_X46Y73         FDCE                                         r  vga_unit/h_count_reg_reg[5]/C
  -------------------------------------------------------------------    -------------------
    SLICE_X46Y73         FDCE (Prop_fdce_C_Q)         0.164     1.690 r  vga_unit/h_count_reg_reg[5]/Q
                         net (fo=11, routed)          0.233     1.923    zoom_unit/p_x[5]
    SLICE_X41Y73         LUT6 (Prop_lut6_I1_O)        0.045     1.968 r  zoom_unit/vga_r_OBUF[3]_inst_i_26/O
                         net (fo=1, routed)           0.000     1.968    zoom_unit/vga_r_OBUF[3]_inst_i_26_n_0
    SLICE_X41Y73         CARRY4 (Prop_carry4_S[1]_CO[3])
                                                      0.155     2.123 r  zoom_unit/vga_r_OBUF[3]_inst_i_6/CO[3]
                         net (fo=3, routed)           0.280     2.403    vga_unit/vga_b[3][0]
    SLICE_X43Y74         LUT6 (Prop_lut6_I4_O)        0.045     2.448 r  vga_unit/vga_r_OBUF[3]_inst_i_1/O
                         net (fo=3, routed)           1.491     3.939    vga_b_OBUF[3]
    U18                  OBUF (Prop_obuf_I_O)         1.208     5.147 r  vga_r_OBUF[3]_inst/O
                         net (fo=0)                   0.000     5.147    vga_r[3]
    U18                                                               r  vga_r[3] (OUT)
  -------------------------------------------------------------------    -------------------

Slack:                    inf
  Source:                 vga_unit/v_count_reg_reg[9]/C
                            (rising edge-triggered cell FDCE clocked by sys_clk_pin  {rise@0.000ns fall@5.000ns period=10.000ns})
  Destination:            vga_b[1]
                            (output port)
  Path Group:             (none)
  Path Type:              Min at Fast Process Corner
  Data Path Delay:        3.692ns  (logic 1.475ns (39.942%)  route 2.217ns (60.058%))
  Logic Levels:           3  (LUT5=1 LUT6=1 OBUF=1)
  Clock Uncertainty:      0.025ns  ((TSJ^2 + TIJ^2)^1/2 + DJ) / 2 + PE
    Total System Jitter     (TSJ):    0.050ns
    Total Input Jitter      (TIJ):    0.000ns
    Discrete Jitter          (DJ):    0.000ns
    Phase Error              (PE):    0.000ns

    Location             Delay type                Incr(ns)  Path(ns)    Netlist Resource(s)
  -------------------------------------------------------------------    -------------------
                         (clock sys_clk_pin rise edge)
                                                      0.000     0.000 r  
    R2                                                0.000     0.000 r  clk (IN)
                         net (fo=0)                   0.000     0.000    clk
    R2                   IBUF (Prop_ibuf_I_O)         0.320     0.320 r  clk_IBUF_inst/O
                         net (fo=1, routed)           0.631     0.951    clk_IBUF
    BUFGCTRL_X0Y0        BUFG (Prop_bufg_I_O)         0.026     0.977 r  clk_IBUF_BUFG_inst/O
                         net (fo=785, routed)         0.552     1.528    vga_unit/clk_IBUF_BUFG
    SLICE_X49Y73         FDCE                                         r  vga_unit/v_count_reg_reg[9]/C
  -------------------------------------------------------------------    -------------------
    SLICE_X49Y73         FDCE (Prop_fdce_C_Q)         0.128     1.656 f  vga_unit/v_count_reg_reg[9]/Q
                         net (fo=8, routed)           0.190     1.846    vga_unit/p_y[9]
    SLICE_X49Y73         LUT5 (Prop_lut5_I0_O)        0.099     1.945 r  vga_unit/vga_r_OBUF[3]_inst_i_7/O
                         net (fo=8, routed)           0.429     2.374    vga_unit/vga_video_on
    SLICE_X42Y74         LUT6 (Prop_lut6_I4_O)        0.045     2.419 r  vga_unit/vga_g_OBUF[0]_inst_i_1/O
                         net (fo=2, routed)           1.598     4.018    vga_b_OBUF[1]
    P13                  OBUF (Prop_obuf_I_O)         1.203     5.220 r  vga_b_OBUF[1]_inst/O
                         net (fo=0)                   0.000     5.220    vga_b[1]
    P13                                                               r  vga_b[1] (OUT)
  -------------------------------------------------------------------    -------------------

Slack:                    inf
  Source:                 memory_unit/ram_reg_mux_sel_b_pos_0__6/C
                            (rising edge-triggered cell FDRE clocked by sys_clk_pin  {rise@0.000ns fall@5.000ns period=10.000ns})
  Destination:            vga_r[0]
                            (output port)
  Path Group:             (none)
  Path Type:              Min at Fast Process Corner
  Data Path Delay:        3.796ns  (logic 1.442ns (37.986%)  route 2.354ns (62.014%))
  Logic Levels:           3  (LUT4=1 LUT6=1 OBUF=1)
  Clock Uncertainty:      0.025ns  ((TSJ^2 + TIJ^2)^1/2 + DJ) / 2 + PE
    Total System Jitter     (TSJ):    0.050ns
    Total Input Jitter      (TIJ):    0.000ns
    Discrete Jitter          (DJ):    0.000ns
    Phase Error              (PE):    0.000ns

    Location             Delay type                Incr(ns)  Path(ns)    Netlist Resource(s)
  -------------------------------------------------------------------    -------------------
                         (clock sys_clk_pin rise edge)
                                                      0.000     0.000 r  
    R2                                                0.000     0.000 r  clk (IN)
                         net (fo=0)                   0.000     0.000    clk
    R2                   IBUF (Prop_ibuf_I_O)         0.320     0.320 r  clk_IBUF_inst/O
                         net (fo=1, routed)           0.631     0.951    clk_IBUF
    BUFGCTRL_X0Y0        BUFG (Prop_bufg_I_O)         0.026     0.977 r  clk_IBUF_BUFG_inst/O
                         net (fo=785, routed)         0.554     1.530    memory_unit/clk_IBUF_BUFG
    SLICE_X49Y77         FDRE                                         r  memory_unit/ram_reg_mux_sel_b_pos_0__6/C
  -------------------------------------------------------------------    -------------------
    SLICE_X49Y77         FDRE (Prop_fdre_C_Q)         0.141     1.671 r  memory_unit/ram_reg_mux_sel_b_pos_0__6/Q
                         net (fo=5, routed)           0.314     1.985    memory_unit/ram_reg_mux_sel_b_pos_0__6_n_0
    SLICE_X48Y75         LUT4 (Prop_lut4_I2_O)        0.045     2.030 r  memory_unit/vga_r_OBUF[0]_inst_i_2/O
                         net (fo=1, routed)           0.368     2.398    vga_unit/vga_b[2]
    SLICE_X43Y72         LUT6 (Prop_lut6_I0_O)        0.045     2.443 r  vga_unit/vga_r_OBUF[0]_inst_i_1/O
                         net (fo=3, routed)           1.673     4.115    vga_b_OBUF[2]
    U15                  OBUF (Prop_obuf_I_O)         1.211     5.326 r  vga_r_OBUF[0]_inst/O
                         net (fo=0)                   0.000     5.326    vga_r[0]
    U15                                                               r  vga_r[0] (OUT)
  -------------------------------------------------------------------    -------------------

Slack:                    inf
  Source:                 vga_unit/v_count_reg_reg[9]/C
                            (rising edge-triggered cell FDCE clocked by sys_clk_pin  {rise@0.000ns fall@5.000ns period=10.000ns})
  Destination:            vga_g[0]
                            (output port)
  Path Group:             (none)
  Path Type:              Min at Fast Process Corner
  Data Path Delay:        3.810ns  (logic 1.479ns (38.830%)  route 2.330ns (61.170%))
  Logic Levels:           3  (LUT5=1 LUT6=1 OBUF=1)
  Clock Uncertainty:      0.025ns  ((TSJ^2 + TIJ^2)^1/2 + DJ) / 2 + PE
    Total System Jitter     (TSJ):    0.050ns
    Total Input Jitter      (TIJ):    0.000ns
    Discrete Jitter          (DJ):    0.000ns
    Phase Error              (PE):    0.000ns

    Location             Delay type                Incr(ns)  Path(ns)    Netlist Resource(s)
  -------------------------------------------------------------------    -------------------
                         (clock sys_clk_pin rise edge)
                                                      0.000     0.000 r  
    R2                                                0.000     0.000 r  clk (IN)
                         net (fo=0)                   0.000     0.000    clk
    R2                   IBUF (Prop_ibuf_I_O)         0.320     0.320 r  clk_IBUF_inst/O
                         net (fo=1, routed)           0.631     0.951    clk_IBUF
    BUFGCTRL_X0Y0        BUFG (Prop_bufg_I_O)         0.026     0.977 r  clk_IBUF_BUFG_inst/O
                         net (fo=785, routed)         0.552     1.528    vga_unit/clk_IBUF_BUFG
    SLICE_X49Y73         FDCE                                         r  vga_unit/v_count_reg_reg[9]/C
  -------------------------------------------------------------------    -------------------
    SLICE_X49Y73         FDCE (Prop_fdce_C_Q)         0.128     1.656 f  vga_unit/v_count_reg_reg[9]/Q
                         net (fo=8, routed)           0.190     1.846    vga_unit/p_y[9]
    SLICE_X49Y73         LUT5 (Prop_lut5_I0_O)        0.099     1.945 r  vga_unit/vga_r_OBUF[3]_inst_i_7/O
                         net (fo=8, routed)           0.429     2.374    vga_unit/vga_video_on
    SLICE_X42Y74         LUT6 (Prop_lut6_I4_O)        0.045     2.419 r  vga_unit/vga_g_OBUF[0]_inst_i_1/O
                         net (fo=2, routed)           1.712     4.131    vga_b_OBUF[1]
    V15                  OBUF (Prop_obuf_I_O)         1.207     5.338 r  vga_g_OBUF[0]_inst/O
                         net (fo=0)                   0.000     5.338    vga_g[0]
    V15                                                               r  vga_g[0] (OUT)
  -------------------------------------------------------------------    -------------------

Slack:                    inf
  Source:                 vga_unit/h_count_reg_reg[5]/C
                            (rising edge-triggered cell FDCE clocked by sys_clk_pin  {rise@0.000ns fall@5.000ns period=10.000ns})
  Destination:            vga_b[3]
                            (output port)
  Path Group:             (none)
  Path Type:              Min at Fast Process Corner
  Data Path Delay:        3.831ns  (logic 1.616ns (42.197%)  route 2.214ns (57.803%))
  Logic Levels:           4  (CARRY4=1 LUT6=2 OBUF=1)
  Clock Uncertainty:      0.025ns  ((TSJ^2 + TIJ^2)^1/2 + DJ) / 2 + PE
    Total System Jitter     (TSJ):    0.050ns
    Total Input Jitter      (TIJ):    0.000ns
    Discrete Jitter          (DJ):    0.000ns
    Phase Error              (PE):    0.000ns

    Location             Delay type                Incr(ns)  Path(ns)    Netlist Resource(s)
  -------------------------------------------------------------------    -------------------
                         (clock sys_clk_pin rise edge)
                                                      0.000     0.000 r  
    R2                                                0.000     0.000 r  clk (IN)
                         net (fo=0)                   0.000     0.000    clk
    R2                   IBUF (Prop_ibuf_I_O)         0.320     0.320 r  clk_IBUF_inst/O
                         net (fo=1, routed)           0.631     0.951    clk_IBUF
    BUFGCTRL_X0Y0        BUFG (Prop_bufg_I_O)         0.026     0.977 r  clk_IBUF_BUFG_inst/O
                         net (fo=785, routed)         0.550     1.526    vga_unit/clk_IBUF_BUFG
    SLICE_X46Y73         FDCE                                         r  vga_unit/h_count_reg_reg[5]/C
  -------------------------------------------------------------------    -------------------
    SLICE_X46Y73         FDCE (Prop_fdce_C_Q)         0.164     1.690 r  vga_unit/h_count_reg_reg[5]/Q
                         net (fo=11, routed)          0.233     1.923    zoom_unit/p_x[5]
    SLICE_X41Y73         LUT6 (Prop_lut6_I1_O)        0.045     1.968 r  zoom_unit/vga_r_OBUF[3]_inst_i_26/O
                         net (fo=1, routed)           0.000     1.968    zoom_unit/vga_r_OBUF[3]_inst_i_26_n_0
    SLICE_X41Y73         CARRY4 (Prop_carry4_S[1]_CO[3])
                                                      0.155     2.123 r  zoom_unit/vga_r_OBUF[3]_inst_i_6/CO[3]
                         net (fo=3, routed)           0.280     2.403    vga_unit/vga_b[3][0]
    SLICE_X43Y74         LUT6 (Prop_lut6_I4_O)        0.045     2.448 r  vga_unit/vga_r_OBUF[3]_inst_i_1/O
                         net (fo=3, routed)           1.702     4.150    vga_b_OBUF[3]
    V14                  OBUF (Prop_obuf_I_O)         1.207     5.357 r  vga_b_OBUF[3]_inst/O
                         net (fo=0)                   0.000     5.357    vga_b[3]
    V14                                                               r  vga_b[3] (OUT)
  -------------------------------------------------------------------    -------------------

Slack:                    inf
  Source:                 vga_unit/v_count_reg_reg[9]/C
                            (rising edge-triggered cell FDCE clocked by sys_clk_pin  {rise@0.000ns fall@5.000ns period=10.000ns})
  Destination:            vga_r[1]
                            (output port)
  Path Group:             (none)
  Path Type:              Min at Fast Process Corner
  Data Path Delay:        3.854ns  (logic 1.482ns (38.461%)  route 2.372ns (61.539%))
  Logic Levels:           3  (LUT5=1 LUT6=1 OBUF=1)
  Clock Uncertainty:      0.025ns  ((TSJ^2 + TIJ^2)^1/2 + DJ) / 2 + PE
    Total System Jitter     (TSJ):    0.050ns
    Total Input Jitter      (TIJ):    0.000ns
    Discrete Jitter          (DJ):    0.000ns
    Phase Error              (PE):    0.000ns

    Location             Delay type                Incr(ns)  Path(ns)    Netlist Resource(s)
  -------------------------------------------------------------------    -------------------
                         (clock sys_clk_pin rise edge)
                                                      0.000     0.000 r  
    R2                                                0.000     0.000 r  clk (IN)
                         net (fo=0)                   0.000     0.000    clk
    R2                   IBUF (Prop_ibuf_I_O)         0.320     0.320 r  clk_IBUF_inst/O
                         net (fo=1, routed)           0.631     0.951    clk_IBUF
    BUFGCTRL_X0Y0        BUFG (Prop_bufg_I_O)         0.026     0.977 r  clk_IBUF_BUFG_inst/O
                         net (fo=785, routed)         0.552     1.528    vga_unit/clk_IBUF_BUFG
    SLICE_X49Y73         FDCE                                         r  vga_unit/v_count_reg_reg[9]/C
  -------------------------------------------------------------------    -------------------
    SLICE_X49Y73         FDCE (Prop_fdce_C_Q)         0.128     1.656 f  vga_unit/v_count_reg_reg[9]/Q
                         net (fo=8, routed)           0.190     1.846    vga_unit/p_y[9]
    SLICE_X49Y73         LUT5 (Prop_lut5_I0_O)        0.099     1.945 r  vga_unit/vga_r_OBUF[3]_inst_i_7/O
                         net (fo=8, routed)           0.429     2.374    vga_unit/vga_video_on
    SLICE_X42Y74         LUT6 (Prop_lut6_I4_O)        0.045     2.419 r  vga_unit/vga_r_OBUF[1]_inst_i_1/O
                         net (fo=2, routed)           1.753     4.172    vga_g_OBUF[2]
    V16                  OBUF (Prop_obuf_I_O)         1.210     5.383 r  vga_r_OBUF[1]_inst/O
                         net (fo=0)                   0.000     5.383    vga_r[1]
    V16                                                               r  vga_r[1] (OUT)
  -------------------------------------------------------------------    -------------------





--------------------------------------------------------------------------------------
Path Group:  (none)
From Clock:  
  To Clock:  sys_clk_pin

Max Delay          1072 Endpoints
Min Delay          1072 Endpoints
--------------------------------------------------------------------------------------


Max Delay Paths
--------------------------------------------------------------------------------------
Slack:                    inf
  Source:                 zoom_btn
                            (input port)
  Destination:            im_reg_reg[0]/D
                            (rising edge-triggered cell FDCE clocked by sys_clk_pin  {rise@0.000ns fall@5.000ns period=10.000ns})
  Path Group:             (none)
  Path Type:              Setup (Max at Slow Process Corner)
  Data Path Delay:        12.487ns  (logic 1.830ns (14.658%)  route 10.657ns (85.342%))
  Logic Levels:           4  (IBUF=1 LUT3=1 LUT6=2)
  Clock Path Skew:        4.214ns (DCD - SCD + CPR)
    Destination Clock Delay (DCD):    4.214ns
    Source Clock Delay      (SCD):    0.000ns
    Clock Pessimism Removal (CPR):    0.000ns
  Clock Uncertainty:      0.025ns  ((TSJ^2 + TIJ^2)^1/2 + DJ) / 2 + PE
    Total System Jitter     (TSJ):    0.050ns
    Total Input Jitter      (TIJ):    0.000ns
    Discrete Jitter          (DJ):    0.000ns
    Phase Error              (PE):    0.000ns

    Location             Delay type                Incr(ns)  Path(ns)    Netlist Resource(s)
  -------------------------------------------------------------------    -------------------
    H13                                               0.000     0.000 f  zoom_btn (IN)
                         net (fo=0)                   0.000     0.000    zoom_btn
    H13                  IBUF (Prop_ibuf_I_O)         1.458     1.458 f  zoom_btn_IBUF_inst/O
                         net (fo=169, routed)         5.777     7.235    zoom_unit/zoom_btn_IBUF
    SLICE_X48Y70         LUT3 (Prop_lut3_I0_O)        0.124     7.359 r  zoom_unit/compute_y_reg[9]_i_3/O
                         net (fo=68, routed)          1.002     8.361    zoom_unit/FSM_sequential_state_reg_reg[0]
    SLICE_X54Y70         LUT6 (Prop_lut6_I5_O)        0.124     8.485 r  zoom_unit/im_reg[63]_i_3/O
                         net (fo=64, routed)          3.878    12.363    zoom_unit/im_reg[63]_i_3_n_0
    SLICE_X33Y47         LUT6 (Prop_lut6_I2_O)        0.124    12.487 r  zoom_unit/im_reg[0]_i_1/O
                         net (fo=1, routed)           0.000    12.487    zoom_unit_n_85
    SLICE_X33Y47         FDCE                                         r  im_reg_reg[0]/D
  -------------------------------------------------------------------    -------------------

                         (clock sys_clk_pin rise edge)
                                                      0.000     0.000 r  
    R2                                                0.000     0.000 r  clk (IN)
                         net (fo=0)                   0.000     0.000    clk
    R2                   IBUF (Prop_ibuf_I_O)         0.814     0.814 r  clk_IBUF_inst/O
                         net (fo=1, routed)           1.862     2.676    clk_IBUF
    BUFGCTRL_X0Y0        BUFG (Prop_bufg_I_O)         0.091     2.767 r  clk_IBUF_BUFG_inst/O
                         net (fo=785, routed)         1.446     4.214    clk_IBUF_BUFG
    SLICE_X33Y47         FDCE                                         r  im_reg_reg[0]/C

Slack:                    inf
  Source:                 zoom_btn
                            (input port)
  Destination:            im_reg_reg[2]/D
                            (rising edge-triggered cell FDCE clocked by sys_clk_pin  {rise@0.000ns fall@5.000ns period=10.000ns})
  Path Group:             (none)
  Path Type:              Setup (Max at Slow Process Corner)
  Data Path Delay:        12.487ns  (logic 1.830ns (14.658%)  route 10.657ns (85.342%))
  Logic Levels:           4  (IBUF=1 LUT3=1 LUT6=2)
  Clock Path Skew:        4.214ns (DCD - SCD + CPR)
    Destination Clock Delay (DCD):    4.214ns
    Source Clock Delay      (SCD):    0.000ns
    Clock Pessimism Removal (CPR):    0.000ns
  Clock Uncertainty:      0.025ns  ((TSJ^2 + TIJ^2)^1/2 + DJ) / 2 + PE
    Total System Jitter     (TSJ):    0.050ns
    Total Input Jitter      (TIJ):    0.000ns
    Discrete Jitter          (DJ):    0.000ns
    Phase Error              (PE):    0.000ns

    Location             Delay type                Incr(ns)  Path(ns)    Netlist Resource(s)
  -------------------------------------------------------------------    -------------------
    H13                                               0.000     0.000 f  zoom_btn (IN)
                         net (fo=0)                   0.000     0.000    zoom_btn
    H13                  IBUF (Prop_ibuf_I_O)         1.458     1.458 f  zoom_btn_IBUF_inst/O
                         net (fo=169, routed)         5.777     7.235    zoom_unit/zoom_btn_IBUF
    SLICE_X48Y70         LUT3 (Prop_lut3_I0_O)        0.124     7.359 r  zoom_unit/compute_y_reg[9]_i_3/O
                         net (fo=68, routed)          1.002     8.361    zoom_unit/FSM_sequential_state_reg_reg[0]
    SLICE_X54Y70         LUT6 (Prop_lut6_I5_O)        0.124     8.485 r  zoom_unit/im_reg[63]_i_3/O
                         net (fo=64, routed)          3.878    12.363    zoom_unit/im_reg[63]_i_3_n_0
    SLICE_X33Y47         LUT6 (Prop_lut6_I2_O)        0.124    12.487 r  zoom_unit/im_reg[2]_i_1/O
                         net (fo=1, routed)           0.000    12.487    zoom_unit_n_83
    SLICE_X33Y47         FDCE                                         r  im_reg_reg[2]/D
  -------------------------------------------------------------------    -------------------

                         (clock sys_clk_pin rise edge)
                                                      0.000     0.000 r  
    R2                                                0.000     0.000 r  clk (IN)
                         net (fo=0)                   0.000     0.000    clk
    R2                   IBUF (Prop_ibuf_I_O)         0.814     0.814 r  clk_IBUF_inst/O
                         net (fo=1, routed)           1.862     2.676    clk_IBUF
    BUFGCTRL_X0Y0        BUFG (Prop_bufg_I_O)         0.091     2.767 r  clk_IBUF_BUFG_inst/O
                         net (fo=785, routed)         1.446     4.214    clk_IBUF_BUFG
    SLICE_X33Y47         FDCE                                         r  im_reg_reg[2]/C

Slack:                    inf
  Source:                 zoom_btn
                            (input port)
  Destination:            im_reg_reg[1]/D
                            (rising edge-triggered cell FDCE clocked by sys_clk_pin  {rise@0.000ns fall@5.000ns period=10.000ns})
  Path Group:             (none)
  Path Type:              Setup (Max at Slow Process Corner)
  Data Path Delay:        12.486ns  (logic 1.830ns (14.659%)  route 10.656ns (85.341%))
  Logic Levels:           4  (IBUF=1 LUT3=1 LUT6=2)
  Clock Path Skew:        4.214ns (DCD - SCD + CPR)
    Destination Clock Delay (DCD):    4.214ns
    Source Clock Delay      (SCD):    0.000ns
    Clock Pessimism Removal (CPR):    0.000ns
  Clock Uncertainty:      0.025ns  ((TSJ^2 + TIJ^2)^1/2 + DJ) / 2 + PE
    Total System Jitter     (TSJ):    0.050ns
    Total Input Jitter      (TIJ):    0.000ns
    Discrete Jitter          (DJ):    0.000ns
    Phase Error              (PE):    0.000ns

    Location             Delay type                Incr(ns)  Path(ns)    Netlist Resource(s)
  -------------------------------------------------------------------    -------------------
    H13                                               0.000     0.000 f  zoom_btn (IN)
                         net (fo=0)                   0.000     0.000    zoom_btn
    H13                  IBUF (Prop_ibuf_I_O)         1.458     1.458 f  zoom_btn_IBUF_inst/O
                         net (fo=169, routed)         5.777     7.235    zoom_unit/zoom_btn_IBUF
    SLICE_X48Y70         LUT3 (Prop_lut3_I0_O)        0.124     7.359 r  zoom_unit/compute_y_reg[9]_i_3/O
                         net (fo=68, routed)          1.002     8.361    zoom_unit/FSM_sequential_state_reg_reg[0]
    SLICE_X54Y70         LUT6 (Prop_lut6_I5_O)        0.124     8.485 r  zoom_unit/im_reg[63]_i_3/O
                         net (fo=64, routed)          3.877    12.362    zoom_unit/im_reg[63]_i_3_n_0
    SLICE_X33Y47         LUT6 (Prop_lut6_I2_O)        0.124    12.486 r  zoom_unit/im_reg[1]_i_1/O
                         net (fo=1, routed)           0.000    12.486    zoom_unit_n_84
    SLICE_X33Y47         FDCE                                         r  im_reg_reg[1]/D
  -------------------------------------------------------------------    -------------------

                         (clock sys_clk_pin rise edge)
                                                      0.000     0.000 r  
    R2                                                0.000     0.000 r  clk (IN)
                         net (fo=0)                   0.000     0.000    clk
    R2                   IBUF (Prop_ibuf_I_O)         0.814     0.814 r  clk_IBUF_inst/O
                         net (fo=1, routed)           1.862     2.676    clk_IBUF
    BUFGCTRL_X0Y0        BUFG (Prop_bufg_I_O)         0.091     2.767 r  clk_IBUF_BUFG_inst/O
                         net (fo=785, routed)         1.446     4.214    clk_IBUF_BUFG
    SLICE_X33Y47         FDCE                                         r  im_reg_reg[1]/C

Slack:                    inf
  Source:                 zoom_btn
                            (input port)
  Destination:            im_reg_reg[3]/D
                            (rising edge-triggered cell FDCE clocked by sys_clk_pin  {rise@0.000ns fall@5.000ns period=10.000ns})
  Path Group:             (none)
  Path Type:              Setup (Max at Slow Process Corner)
  Data Path Delay:        12.474ns  (logic 1.830ns (14.673%)  route 10.644ns (85.327%))
  Logic Levels:           4  (IBUF=1 LUT3=1 LUT6=2)
  Clock Path Skew:        4.213ns (DCD - SCD + CPR)
    Destination Clock Delay (DCD):    4.213ns
    Source Clock Delay      (SCD):    0.000ns
    Clock Pessimism Removal (CPR):    0.000ns
  Clock Uncertainty:      0.025ns  ((TSJ^2 + TIJ^2)^1/2 + DJ) / 2 + PE
    Total System Jitter     (TSJ):    0.050ns
    Total Input Jitter      (TIJ):    0.000ns
    Discrete Jitter          (DJ):    0.000ns
    Phase Error              (PE):    0.000ns

    Location             Delay type                Incr(ns)  Path(ns)    Netlist Resource(s)
  -------------------------------------------------------------------    -------------------
    H13                                               0.000     0.000 f  zoom_btn (IN)
                         net (fo=0)                   0.000     0.000    zoom_btn
    H13                  IBUF (Prop_ibuf_I_O)         1.458     1.458 f  zoom_btn_IBUF_inst/O
                         net (fo=169, routed)         5.777     7.235    zoom_unit/zoom_btn_IBUF
    SLICE_X48Y70         LUT3 (Prop_lut3_I0_O)        0.124     7.359 r  zoom_unit/compute_y_reg[9]_i_3/O
                         net (fo=68, routed)          1.351     8.710    zoom_unit/FSM_sequential_state_reg_reg[0]
    SLICE_X55Y72         LUT6 (Prop_lut6_I5_O)        0.124     8.834 r  zoom_unit/compute_y_reg[7]_i_2/O
                         net (fo=71, routed)          3.516    12.350    zoom_unit/compute_y_reg_reg[9]
    SLICE_X35Y47         LUT6 (Prop_lut6_I0_O)        0.124    12.474 r  zoom_unit/im_reg[3]_i_1/O
                         net (fo=1, routed)           0.000    12.474    zoom_unit_n_82
    SLICE_X35Y47         FDCE                                         r  im_reg_reg[3]/D
  -------------------------------------------------------------------    -------------------

                         (clock sys_clk_pin rise edge)
                                                      0.000     0.000 r  
    R2                                                0.000     0.000 r  clk (IN)
                         net (fo=0)                   0.000     0.000    clk
    R2                   IBUF (Prop_ibuf_I_O)         0.814     0.814 r  clk_IBUF_inst/O
                         net (fo=1, routed)           1.862     2.676    clk_IBUF
    BUFGCTRL_X0Y0        BUFG (Prop_bufg_I_O)         0.091     2.767 r  clk_IBUF_BUFG_inst/O
                         net (fo=785, routed)         1.445     4.213    clk_IBUF_BUFG
    SLICE_X35Y47         FDCE                                         r  im_reg_reg[3]/C

Slack:                    inf
  Source:                 zoom_btn
                            (input port)
  Destination:            im_reg_reg[4]/D
                            (rising edge-triggered cell FDCE clocked by sys_clk_pin  {rise@0.000ns fall@5.000ns period=10.000ns})
  Path Group:             (none)
  Path Type:              Setup (Max at Slow Process Corner)
  Data Path Delay:        12.446ns  (logic 1.830ns (14.707%)  route 10.615ns (85.293%))
  Logic Levels:           4  (IBUF=1 LUT3=1 LUT6=2)
  Clock Path Skew:        4.214ns (DCD - SCD + CPR)
    Destination Clock Delay (DCD):    4.214ns
    Source Clock Delay      (SCD):    0.000ns
    Clock Pessimism Removal (CPR):    0.000ns
  Clock Uncertainty:      0.025ns  ((TSJ^2 + TIJ^2)^1/2 + DJ) / 2 + PE
    Total System Jitter     (TSJ):    0.050ns
    Total Input Jitter      (TIJ):    0.000ns
    Discrete Jitter          (DJ):    0.000ns
    Phase Error              (PE):    0.000ns

    Location             Delay type                Incr(ns)  Path(ns)    Netlist Resource(s)
  -------------------------------------------------------------------    -------------------
    H13                                               0.000     0.000 f  zoom_btn (IN)
                         net (fo=0)                   0.000     0.000    zoom_btn
    H13                  IBUF (Prop_ibuf_I_O)         1.458     1.458 f  zoom_btn_IBUF_inst/O
                         net (fo=169, routed)         5.777     7.235    zoom_unit/zoom_btn_IBUF
    SLICE_X48Y70         LUT3 (Prop_lut3_I0_O)        0.124     7.359 r  zoom_unit/compute_y_reg[9]_i_3/O
                         net (fo=68, routed)          1.351     8.710    zoom_unit/FSM_sequential_state_reg_reg[0]
    SLICE_X55Y72         LUT6 (Prop_lut6_I5_O)        0.124     8.834 r  zoom_unit/compute_y_reg[7]_i_2/O
                         net (fo=71, routed)          3.487    12.322    zoom_unit/compute_y_reg_reg[9]
    SLICE_X33Y48         LUT6 (Prop_lut6_I0_O)        0.124    12.446 r  zoom_unit/im_reg[4]_i_1/O
                         net (fo=1, routed)           0.000    12.446    zoom_unit_n_81
    SLICE_X33Y48         FDCE                                         r  im_reg_reg[4]/D
  -------------------------------------------------------------------    -------------------

                         (clock sys_clk_pin rise edge)
                                                      0.000     0.000 r  
    R2                                                0.000     0.000 r  clk (IN)
                         net (fo=0)                   0.000     0.000    clk
    R2                   IBUF (Prop_ibuf_I_O)         0.814     0.814 r  clk_IBUF_inst/O
                         net (fo=1, routed)           1.862     2.676    clk_IBUF
    BUFGCTRL_X0Y0        BUFG (Prop_bufg_I_O)         0.091     2.767 r  clk_IBUF_BUFG_inst/O
                         net (fo=785, routed)         1.446     4.214    clk_IBUF_BUFG
    SLICE_X33Y48         FDCE                                         r  im_reg_reg[4]/C

Slack:                    inf
  Source:                 zoom_btn
                            (input port)
  Destination:            im_reg_reg[7]/D
                            (rising edge-triggered cell FDCE clocked by sys_clk_pin  {rise@0.000ns fall@5.000ns period=10.000ns})
  Path Group:             (none)
  Path Type:              Setup (Max at Slow Process Corner)
  Data Path Delay:        12.443ns  (logic 1.830ns (14.710%)  route 10.613ns (85.290%))
  Logic Levels:           4  (IBUF=1 LUT3=1 LUT6=2)
  Clock Path Skew:        4.213ns (DCD - SCD + CPR)
    Destination Clock Delay (DCD):    4.213ns
    Source Clock Delay      (SCD):    0.000ns
    Clock Pessimism Removal (CPR):    0.000ns
  Clock Uncertainty:      0.025ns  ((TSJ^2 + TIJ^2)^1/2 + DJ) / 2 + PE
    Total System Jitter     (TSJ):    0.050ns
    Total Input Jitter      (TIJ):    0.000ns
    Discrete Jitter          (DJ):    0.000ns
    Phase Error              (PE):    0.000ns

    Location             Delay type                Incr(ns)  Path(ns)    Netlist Resource(s)
  -------------------------------------------------------------------    -------------------
    H13                                               0.000     0.000 f  zoom_btn (IN)
                         net (fo=0)                   0.000     0.000    zoom_btn
    H13                  IBUF (Prop_ibuf_I_O)         1.458     1.458 f  zoom_btn_IBUF_inst/O
                         net (fo=169, routed)         5.777     7.235    zoom_unit/zoom_btn_IBUF
    SLICE_X48Y70         LUT3 (Prop_lut3_I0_O)        0.124     7.359 r  zoom_unit/compute_y_reg[9]_i_3/O
                         net (fo=68, routed)          1.351     8.710    zoom_unit/FSM_sequential_state_reg_reg[0]
    SLICE_X55Y72         LUT6 (Prop_lut6_I5_O)        0.124     8.834 r  zoom_unit/compute_y_reg[7]_i_2/O
                         net (fo=71, routed)          3.485    12.319    zoom_unit/compute_y_reg_reg[9]
    SLICE_X35Y48         LUT6 (Prop_lut6_I0_O)        0.124    12.443 r  zoom_unit/im_reg[7]_i_1/O
                         net (fo=1, routed)           0.000    12.443    zoom_unit_n_78
    SLICE_X35Y48         FDCE                                         r  im_reg_reg[7]/D
  -------------------------------------------------------------------    -------------------

                         (clock sys_clk_pin rise edge)
                                                      0.000     0.000 r  
    R2                                                0.000     0.000 r  clk (IN)
                         net (fo=0)                   0.000     0.000    clk
    R2                   IBUF (Prop_ibuf_I_O)         0.814     0.814 r  clk_IBUF_inst/O
                         net (fo=1, routed)           1.862     2.676    clk_IBUF
    BUFGCTRL_X0Y0        BUFG (Prop_bufg_I_O)         0.091     2.767 r  clk_IBUF_BUFG_inst/O
                         net (fo=785, routed)         1.445     4.213    clk_IBUF_BUFG
    SLICE_X35Y48         FDCE                                         r  im_reg_reg[7]/C

Slack:                    inf
  Source:                 zoom_btn
                            (input port)
  Destination:            im_reg_reg[15]/D
                            (rising edge-triggered cell FDCE clocked by sys_clk_pin  {rise@0.000ns fall@5.000ns period=10.000ns})
  Path Group:             (none)
  Path Type:              Setup (Max at Slow Process Corner)
  Data Path Delay:        12.405ns  (logic 1.830ns (14.755%)  route 10.575ns (85.245%))
  Logic Levels:           4  (IBUF=1 LUT3=1 LUT6=2)
  Clock Path Skew:        4.203ns (DCD - SCD + CPR)
    Destination Clock Delay (DCD):    4.203ns
    Source Clock Delay      (SCD):    0.000ns
    Clock Pessimism Removal (CPR):    0.000ns
  Clock Uncertainty:      0.025ns  ((TSJ^2 + TIJ^2)^1/2 + DJ) / 2 + PE
    Total System Jitter     (TSJ):    0.050ns
    Total Input Jitter      (TIJ):    0.000ns
    Discrete Jitter          (DJ):    0.000ns
    Phase Error              (PE):    0.000ns

    Location             Delay type                Incr(ns)  Path(ns)    Netlist Resource(s)
  -------------------------------------------------------------------    -------------------
    H13                                               0.000     0.000 f  zoom_btn (IN)
                         net (fo=0)                   0.000     0.000    zoom_btn
    H13                  IBUF (Prop_ibuf_I_O)         1.458     1.458 f  zoom_btn_IBUF_inst/O
                         net (fo=169, routed)         5.777     7.235    zoom_unit/zoom_btn_IBUF
    SLICE_X48Y70         LUT3 (Prop_lut3_I0_O)        0.124     7.359 r  zoom_unit/compute_y_reg[9]_i_3/O
                         net (fo=68, routed)          1.351     8.710    zoom_unit/FSM_sequential_state_reg_reg[0]
    SLICE_X55Y72         LUT6 (Prop_lut6_I5_O)        0.124     8.834 r  zoom_unit/compute_y_reg[7]_i_2/O
                         net (fo=71, routed)          3.447    12.281    zoom_unit/compute_y_reg_reg[9]
    SLICE_X33Y50         LUT6 (Prop_lut6_I0_O)        0.124    12.405 r  zoom_unit/im_reg[15]_i_1/O
                         net (fo=1, routed)           0.000    12.405    zoom_unit_n_70
    SLICE_X33Y50         FDCE                                         r  im_reg_reg[15]/D
  -------------------------------------------------------------------    -------------------

                         (clock sys_clk_pin rise edge)
                                                      0.000     0.000 r  
    R2                                                0.000     0.000 r  clk (IN)
                         net (fo=0)                   0.000     0.000    clk
    R2                   IBUF (Prop_ibuf_I_O)         0.814     0.814 r  clk_IBUF_inst/O
                         net (fo=1, routed)           1.862     2.676    clk_IBUF
    BUFGCTRL_X0Y0        BUFG (Prop_bufg_I_O)         0.091     2.767 r  clk_IBUF_BUFG_inst/O
                         net (fo=785, routed)         1.436     4.203    clk_IBUF_BUFG
    SLICE_X33Y50         FDCE                                         r  im_reg_reg[15]/C

Slack:                    inf
  Source:                 zoom_btn
                            (input port)
  Destination:            im_reg_reg[14]/D
                            (rising edge-triggered cell FDCE clocked by sys_clk_pin  {rise@0.000ns fall@5.000ns period=10.000ns})
  Path Group:             (none)
  Path Type:              Setup (Max at Slow Process Corner)
  Data Path Delay:        12.400ns  (logic 1.830ns (14.761%)  route 10.570ns (85.239%))
  Logic Levels:           4  (IBUF=1 LUT3=1 LUT6=2)
  Clock Path Skew:        4.203ns (DCD - SCD + CPR)
    Destination Clock Delay (DCD):    4.203ns
    Source Clock Delay      (SCD):    0.000ns
    Clock Pessimism Removal (CPR):    0.000ns
  Clock Uncertainty:      0.025ns  ((TSJ^2 + TIJ^2)^1/2 + DJ) / 2 + PE
    Total System Jitter     (TSJ):    0.050ns
    Total Input Jitter      (TIJ):    0.000ns
    Discrete Jitter          (DJ):    0.000ns
    Phase Error              (PE):    0.000ns

    Location             Delay type                Incr(ns)  Path(ns)    Netlist Resource(s)
  -------------------------------------------------------------------    -------------------
    H13                                               0.000     0.000 f  zoom_btn (IN)
                         net (fo=0)                   0.000     0.000    zoom_btn
    H13                  IBUF (Prop_ibuf_I_O)         1.458     1.458 f  zoom_btn_IBUF_inst/O
                         net (fo=169, routed)         5.777     7.235    zoom_unit/zoom_btn_IBUF
    SLICE_X48Y70         LUT3 (Prop_lut3_I0_O)        0.124     7.359 r  zoom_unit/compute_y_reg[9]_i_3/O
                         net (fo=68, routed)          1.351     8.710    zoom_unit/FSM_sequential_state_reg_reg[0]
    SLICE_X55Y72         LUT6 (Prop_lut6_I5_O)        0.124     8.834 r  zoom_unit/compute_y_reg[7]_i_2/O
                         net (fo=71, routed)          3.442    12.276    zoom_unit/compute_y_reg_reg[9]
    SLICE_X33Y50         LUT6 (Prop_lut6_I0_O)        0.124    12.400 r  zoom_unit/im_reg[14]_i_1/O
                         net (fo=1, routed)           0.000    12.400    zoom_unit_n_71
    SLICE_X33Y50         FDCE                                         r  im_reg_reg[14]/D
  -------------------------------------------------------------------    -------------------

                         (clock sys_clk_pin rise edge)
                                                      0.000     0.000 r  
    R2                                                0.000     0.000 r  clk (IN)
                         net (fo=0)                   0.000     0.000    clk
    R2                   IBUF (Prop_ibuf_I_O)         0.814     0.814 r  clk_IBUF_inst/O
                         net (fo=1, routed)           1.862     2.676    clk_IBUF
    BUFGCTRL_X0Y0        BUFG (Prop_bufg_I_O)         0.091     2.767 r  clk_IBUF_BUFG_inst/O
                         net (fo=785, routed)         1.436     4.203    clk_IBUF_BUFG
    SLICE_X33Y50         FDCE                                         r  im_reg_reg[14]/C

Slack:                    inf
  Source:                 zoom_btn
                            (input port)
  Destination:            im_reg_reg[6]/D
                            (rising edge-triggered cell FDCE clocked by sys_clk_pin  {rise@0.000ns fall@5.000ns period=10.000ns})
  Path Group:             (none)
  Path Type:              Setup (Max at Slow Process Corner)
  Data Path Delay:        12.347ns  (logic 1.830ns (14.825%)  route 10.517ns (85.175%))
  Logic Levels:           4  (IBUF=1 LUT3=1 LUT6=2)
  Clock Path Skew:        4.214ns (DCD - SCD + CPR)
    Destination Clock Delay (DCD):    4.214ns
    Source Clock Delay      (SCD):    0.000ns
    Clock Pessimism Removal (CPR):    0.000ns
  Clock Uncertainty:      0.025ns  ((TSJ^2 + TIJ^2)^1/2 + DJ) / 2 + PE
    Total System Jitter     (TSJ):    0.050ns
    Total Input Jitter      (TIJ):    0.000ns
    Discrete Jitter          (DJ):    0.000ns
    Phase Error              (PE):    0.000ns

    Location             Delay type                Incr(ns)  Path(ns)    Netlist Resource(s)
  -------------------------------------------------------------------    -------------------
    H13                                               0.000     0.000 f  zoom_btn (IN)
                         net (fo=0)                   0.000     0.000    zoom_btn
    H13                  IBUF (Prop_ibuf_I_O)         1.458     1.458 f  zoom_btn_IBUF_inst/O
                         net (fo=169, routed)         5.777     7.235    zoom_unit/zoom_btn_IBUF
    SLICE_X48Y70         LUT3 (Prop_lut3_I0_O)        0.124     7.359 r  zoom_unit/compute_y_reg[9]_i_3/O
                         net (fo=68, routed)          1.002     8.361    zoom_unit/FSM_sequential_state_reg_reg[0]
    SLICE_X54Y70         LUT6 (Prop_lut6_I5_O)        0.124     8.485 r  zoom_unit/im_reg[63]_i_3/O
                         net (fo=64, routed)          3.738    12.223    zoom_unit/im_reg[63]_i_3_n_0
    SLICE_X33Y48         LUT6 (Prop_lut6_I2_O)        0.124    12.347 r  zoom_unit/im_reg[6]_i_1/O
                         net (fo=1, routed)           0.000    12.347    zoom_unit_n_79
    SLICE_X33Y48         FDCE                                         r  im_reg_reg[6]/D
  -------------------------------------------------------------------    -------------------

                         (clock sys_clk_pin rise edge)
                                                      0.000     0.000 r  
    R2                                                0.000     0.000 r  clk (IN)
                         net (fo=0)                   0.000     0.000    clk
    R2                   IBUF (Prop_ibuf_I_O)         0.814     0.814 r  clk_IBUF_inst/O
                         net (fo=1, routed)           1.862     2.676    clk_IBUF
    BUFGCTRL_X0Y0        BUFG (Prop_bufg_I_O)         0.091     2.767 r  clk_IBUF_BUFG_inst/O
                         net (fo=785, routed)         1.446     4.214    clk_IBUF_BUFG
    SLICE_X33Y48         FDCE                                         r  im_reg_reg[6]/C

Slack:                    inf
  Source:                 zoom_btn
                            (input port)
  Destination:            im_reg_reg[5]/D
                            (rising edge-triggered cell FDCE clocked by sys_clk_pin  {rise@0.000ns fall@5.000ns period=10.000ns})
  Path Group:             (none)
  Path Type:              Setup (Max at Slow Process Corner)
  Data Path Delay:        12.278ns  (logic 1.830ns (14.908%)  route 10.447ns (85.092%))
  Logic Levels:           4  (IBUF=1 LUT3=1 LUT6=2)
  Clock Path Skew:        4.214ns (DCD - SCD + CPR)
    Destination Clock Delay (DCD):    4.214ns
    Source Clock Delay      (SCD):    0.000ns
    Clock Pessimism Removal (CPR):    0.000ns
  Clock Uncertainty:      0.025ns  ((TSJ^2 + TIJ^2)^1/2 + DJ) / 2 + PE
    Total System Jitter     (TSJ):    0.050ns
    Total Input Jitter      (TIJ):    0.000ns
    Discrete Jitter          (DJ):    0.000ns
    Phase Error              (PE):    0.000ns

    Location             Delay type                Incr(ns)  Path(ns)    Netlist Resource(s)
  -------------------------------------------------------------------    -------------------
    H13                                               0.000     0.000 f  zoom_btn (IN)
                         net (fo=0)                   0.000     0.000    zoom_btn
    H13                  IBUF (Prop_ibuf_I_O)         1.458     1.458 f  zoom_btn_IBUF_inst/O
                         net (fo=169, routed)         5.777     7.235    zoom_unit/zoom_btn_IBUF
    SLICE_X48Y70         LUT3 (Prop_lut3_I0_O)        0.124     7.359 r  zoom_unit/compute_y_reg[9]_i_3/O
                         net (fo=68, routed)          1.351     8.710    zoom_unit/FSM_sequential_state_reg_reg[0]
    SLICE_X55Y72         LUT6 (Prop_lut6_I5_O)        0.124     8.834 r  zoom_unit/compute_y_reg[7]_i_2/O
                         net (fo=71, routed)          3.319    12.154    zoom_unit/compute_y_reg_reg[9]
    SLICE_X33Y48         LUT6 (Prop_lut6_I0_O)        0.124    12.278 r  zoom_unit/im_reg[5]_i_1/O
                         net (fo=1, routed)           0.000    12.278    zoom_unit_n_80
    SLICE_X33Y48         FDCE                                         r  im_reg_reg[5]/D
  -------------------------------------------------------------------    -------------------

                         (clock sys_clk_pin rise edge)
                                                      0.000     0.000 r  
    R2                                                0.000     0.000 r  clk (IN)
                         net (fo=0)                   0.000     0.000    clk
    R2                   IBUF (Prop_ibuf_I_O)         0.814     0.814 r  clk_IBUF_inst/O
                         net (fo=1, routed)           1.862     2.676    clk_IBUF
    BUFGCTRL_X0Y0        BUFG (Prop_bufg_I_O)         0.091     2.767 r  clk_IBUF_BUFG_inst/O
                         net (fo=785, routed)         1.446     4.214    clk_IBUF_BUFG
    SLICE_X33Y48         FDCE                                         r  im_reg_reg[5]/C





Min Delay Paths
--------------------------------------------------------------------------------------
Slack:                    inf
  Source:                 reset
                            (input port)
  Destination:            zoom_unit/x_reticle_reg_reg[0]_replica/CLR
                            (removal check against rising-edge clock sys_clk_pin  {rise@0.000ns fall@5.000ns period=10.000ns})
  Path Group:             (none)
  Path Type:              Removal (Min at Fast Process Corner)
  Data Path Delay:        0.960ns  (logic 0.234ns (24.334%)  route 0.726ns (75.666%))
  Logic Levels:           1  (IBUF=1)
  Clock Path Skew:        1.886ns (DCD - SCD - CPR)
    Destination Clock Delay (DCD):    1.886ns
    Source Clock Delay      (SCD):    0.000ns
    Clock Pessimism Removal (CPR):    -0.000ns

    Location             Delay type                Incr(ns)  Path(ns)    Netlist Resource(s)
  -------------------------------------------------------------------    -------------------
    G15                                               0.000     0.000 f  reset (IN)
                         net (fo=0)                   0.000     0.000    reset
    G15                  IBUF (Prop_ibuf_I_O)         0.234     0.234 f  reset_IBUF_inst/O
                         net (fo=741, routed)         0.726     0.960    zoom_unit/reset_IBUF
    SLICE_X12Y70         FDCE                                         f  zoom_unit/x_reticle_reg_reg[0]_replica/CLR
  -------------------------------------------------------------------    -------------------

                         (clock sys_clk_pin rise edge)
                                                      0.000     0.000 r  
    R2                                                0.000     0.000 r  clk (IN)
                         net (fo=0)                   0.000     0.000    clk
    R2                   IBUF (Prop_ibuf_I_O)         0.350     0.350 r  clk_IBUF_inst/O
                         net (fo=1, routed)           0.685     1.035    clk_IBUF
    BUFGCTRL_X0Y0        BUFG (Prop_bufg_I_O)         0.029     1.064 r  clk_IBUF_BUFG_inst/O
                         net (fo=785, routed)         0.822     1.886    zoom_unit/clk_IBUF_BUFG
    SLICE_X12Y70         FDCE                                         r  zoom_unit/x_reticle_reg_reg[0]_replica/C

Slack:                    inf
  Source:                 reset
                            (input port)
  Destination:            zoom_unit/x_reticle_reg_reg[1]_replica/CLR
                            (removal check against rising-edge clock sys_clk_pin  {rise@0.000ns fall@5.000ns period=10.000ns})
  Path Group:             (none)
  Path Type:              Removal (Min at Fast Process Corner)
  Data Path Delay:        0.960ns  (logic 0.234ns (24.334%)  route 0.726ns (75.666%))
  Logic Levels:           1  (IBUF=1)
  Clock Path Skew:        1.886ns (DCD - SCD - CPR)
    Destination Clock Delay (DCD):    1.886ns
    Source Clock Delay      (SCD):    0.000ns
    Clock Pessimism Removal (CPR):    -0.000ns

    Location             Delay type                Incr(ns)  Path(ns)    Netlist Resource(s)
  -------------------------------------------------------------------    -------------------
    G15                                               0.000     0.000 f  reset (IN)
                         net (fo=0)                   0.000     0.000    reset
    G15                  IBUF (Prop_ibuf_I_O)         0.234     0.234 f  reset_IBUF_inst/O
                         net (fo=741, routed)         0.726     0.960    zoom_unit/reset_IBUF
    SLICE_X12Y70         FDCE                                         f  zoom_unit/x_reticle_reg_reg[1]_replica/CLR
  -------------------------------------------------------------------    -------------------

                         (clock sys_clk_pin rise edge)
                                                      0.000     0.000 r  
    R2                                                0.000     0.000 r  clk (IN)
                         net (fo=0)                   0.000     0.000    clk
    R2                   IBUF (Prop_ibuf_I_O)         0.350     0.350 r  clk_IBUF_inst/O
                         net (fo=1, routed)           0.685     1.035    clk_IBUF
    BUFGCTRL_X0Y0        BUFG (Prop_bufg_I_O)         0.029     1.064 r  clk_IBUF_BUFG_inst/O
                         net (fo=785, routed)         0.822     1.886    zoom_unit/clk_IBUF_BUFG
    SLICE_X12Y70         FDCE                                         r  zoom_unit/x_reticle_reg_reg[1]_replica/C

Slack:                    inf
  Source:                 reset
                            (input port)
  Destination:            zoom_unit/x_reticle_reg_reg[2]_replica/CLR
                            (removal check against rising-edge clock sys_clk_pin  {rise@0.000ns fall@5.000ns period=10.000ns})
  Path Group:             (none)
  Path Type:              Removal (Min at Fast Process Corner)
  Data Path Delay:        0.960ns  (logic 0.234ns (24.334%)  route 0.726ns (75.666%))
  Logic Levels:           1  (IBUF=1)
  Clock Path Skew:        1.886ns (DCD - SCD - CPR)
    Destination Clock Delay (DCD):    1.886ns
    Source Clock Delay      (SCD):    0.000ns
    Clock Pessimism Removal (CPR):    -0.000ns

    Location             Delay type                Incr(ns)  Path(ns)    Netlist Resource(s)
  -------------------------------------------------------------------    -------------------
    G15                                               0.000     0.000 f  reset (IN)
                         net (fo=0)                   0.000     0.000    reset
    G15                  IBUF (Prop_ibuf_I_O)         0.234     0.234 f  reset_IBUF_inst/O
                         net (fo=741, routed)         0.726     0.960    zoom_unit/reset_IBUF
    SLICE_X12Y70         FDCE                                         f  zoom_unit/x_reticle_reg_reg[2]_replica/CLR
  -------------------------------------------------------------------    -------------------

                         (clock sys_clk_pin rise edge)
                                                      0.000     0.000 r  
    R2                                                0.000     0.000 r  clk (IN)
                         net (fo=0)                   0.000     0.000    clk
    R2                   IBUF (Prop_ibuf_I_O)         0.350     0.350 r  clk_IBUF_inst/O
                         net (fo=1, routed)           0.685     1.035    clk_IBUF
    BUFGCTRL_X0Y0        BUFG (Prop_bufg_I_O)         0.029     1.064 r  clk_IBUF_BUFG_inst/O
                         net (fo=785, routed)         0.822     1.886    zoom_unit/clk_IBUF_BUFG
    SLICE_X12Y70         FDCE                                         r  zoom_unit/x_reticle_reg_reg[2]_replica/C

Slack:                    inf
  Source:                 reset
                            (input port)
  Destination:            zoom_unit/x_reticle_reg_reg[3]_replica/CLR
                            (removal check against rising-edge clock sys_clk_pin  {rise@0.000ns fall@5.000ns period=10.000ns})
  Path Group:             (none)
  Path Type:              Removal (Min at Fast Process Corner)
  Data Path Delay:        0.960ns  (logic 0.234ns (24.334%)  route 0.726ns (75.666%))
  Logic Levels:           1  (IBUF=1)
  Clock Path Skew:        1.886ns (DCD - SCD - CPR)
    Destination Clock Delay (DCD):    1.886ns
    Source Clock Delay      (SCD):    0.000ns
    Clock Pessimism Removal (CPR):    -0.000ns

    Location             Delay type                Incr(ns)  Path(ns)    Netlist Resource(s)
  -------------------------------------------------------------------    -------------------
    G15                                               0.000     0.000 f  reset (IN)
                         net (fo=0)                   0.000     0.000    reset
    G15                  IBUF (Prop_ibuf_I_O)         0.234     0.234 f  reset_IBUF_inst/O
                         net (fo=741, routed)         0.726     0.960    zoom_unit/reset_IBUF
    SLICE_X12Y70         FDCE                                         f  zoom_unit/x_reticle_reg_reg[3]_replica/CLR
  -------------------------------------------------------------------    -------------------

                         (clock sys_clk_pin rise edge)
                                                      0.000     0.000 r  
    R2                                                0.000     0.000 r  clk (IN)
                         net (fo=0)                   0.000     0.000    clk
    R2                   IBUF (Prop_ibuf_I_O)         0.350     0.350 r  clk_IBUF_inst/O
                         net (fo=1, routed)           0.685     1.035    clk_IBUF
    BUFGCTRL_X0Y0        BUFG (Prop_bufg_I_O)         0.029     1.064 r  clk_IBUF_BUFG_inst/O
                         net (fo=785, routed)         0.822     1.886    zoom_unit/clk_IBUF_BUFG
    SLICE_X12Y70         FDCE                                         r  zoom_unit/x_reticle_reg_reg[3]_replica/C

Slack:                    inf
  Source:                 reset
                            (input port)
  Destination:            zoom_unit/x_reticle_reg_reg[10]_replica/CLR
                            (removal check against rising-edge clock sys_clk_pin  {rise@0.000ns fall@5.000ns period=10.000ns})
  Path Group:             (none)
  Path Type:              Removal (Min at Fast Process Corner)
  Data Path Delay:        1.023ns  (logic 0.234ns (22.829%)  route 0.790ns (77.171%))
  Logic Levels:           1  (IBUF=1)
  Clock Path Skew:        1.885ns (DCD - SCD - CPR)
    Destination Clock Delay (DCD):    1.885ns
    Source Clock Delay      (SCD):    0.000ns
    Clock Pessimism Removal (CPR):    -0.000ns

    Location             Delay type                Incr(ns)  Path(ns)    Netlist Resource(s)
  -------------------------------------------------------------------    -------------------
    G15                                               0.000     0.000 f  reset (IN)
                         net (fo=0)                   0.000     0.000    reset
    G15                  IBUF (Prop_ibuf_I_O)         0.234     0.234 f  reset_IBUF_inst/O
                         net (fo=741, routed)         0.790     1.023    zoom_unit/reset_IBUF
    SLICE_X12Y71         FDCE                                         f  zoom_unit/x_reticle_reg_reg[10]_replica/CLR
  -------------------------------------------------------------------    -------------------

                         (clock sys_clk_pin rise edge)
                                                      0.000     0.000 r  
    R2                                                0.000     0.000 r  clk (IN)
                         net (fo=0)                   0.000     0.000    clk
    R2                   IBUF (Prop_ibuf_I_O)         0.350     0.350 r  clk_IBUF_inst/O
                         net (fo=1, routed)           0.685     1.035    clk_IBUF
    BUFGCTRL_X0Y0        BUFG (Prop_bufg_I_O)         0.029     1.064 r  clk_IBUF_BUFG_inst/O
                         net (fo=785, routed)         0.822     1.885    zoom_unit/clk_IBUF_BUFG
    SLICE_X12Y71         FDCE                                         r  zoom_unit/x_reticle_reg_reg[10]_replica/C

Slack:                    inf
  Source:                 reset
                            (input port)
  Destination:            zoom_unit/x_reticle_reg_reg[11]_replica/CLR
                            (removal check against rising-edge clock sys_clk_pin  {rise@0.000ns fall@5.000ns period=10.000ns})
  Path Group:             (none)
  Path Type:              Removal (Min at Fast Process Corner)
  Data Path Delay:        1.023ns  (logic 0.234ns (22.829%)  route 0.790ns (77.171%))
  Logic Levels:           1  (IBUF=1)
  Clock Path Skew:        1.885ns (DCD - SCD - CPR)
    Destination Clock Delay (DCD):    1.885ns
    Source Clock Delay      (SCD):    0.000ns
    Clock Pessimism Removal (CPR):    -0.000ns

    Location             Delay type                Incr(ns)  Path(ns)    Netlist Resource(s)
  -------------------------------------------------------------------    -------------------
    G15                                               0.000     0.000 f  reset (IN)
                         net (fo=0)                   0.000     0.000    reset
    G15                  IBUF (Prop_ibuf_I_O)         0.234     0.234 f  reset_IBUF_inst/O
                         net (fo=741, routed)         0.790     1.023    zoom_unit/reset_IBUF
    SLICE_X12Y71         FDCE                                         f  zoom_unit/x_reticle_reg_reg[11]_replica/CLR
  -------------------------------------------------------------------    -------------------

                         (clock sys_clk_pin rise edge)
                                                      0.000     0.000 r  
    R2                                                0.000     0.000 r  clk (IN)
                         net (fo=0)                   0.000     0.000    clk
    R2                   IBUF (Prop_ibuf_I_O)         0.350     0.350 r  clk_IBUF_inst/O
                         net (fo=1, routed)           0.685     1.035    clk_IBUF
    BUFGCTRL_X0Y0        BUFG (Prop_bufg_I_O)         0.029     1.064 r  clk_IBUF_BUFG_inst/O
                         net (fo=785, routed)         0.822     1.885    zoom_unit/clk_IBUF_BUFG
    SLICE_X12Y71         FDCE                                         r  zoom_unit/x_reticle_reg_reg[11]_replica/C

Slack:                    inf
  Source:                 reset
                            (input port)
  Destination:            zoom_unit/x_reticle_reg_reg[6]_replica/CLR
                            (removal check against rising-edge clock sys_clk_pin  {rise@0.000ns fall@5.000ns period=10.000ns})
  Path Group:             (none)
  Path Type:              Removal (Min at Fast Process Corner)
  Data Path Delay:        1.023ns  (logic 0.234ns (22.829%)  route 0.790ns (77.171%))
  Logic Levels:           1  (IBUF=1)
  Clock Path Skew:        1.885ns (DCD - SCD - CPR)
    Destination Clock Delay (DCD):    1.885ns
    Source Clock Delay      (SCD):    0.000ns
    Clock Pessimism Removal (CPR):    -0.000ns

    Location             Delay type                Incr(ns)  Path(ns)    Netlist Resource(s)
  -------------------------------------------------------------------    -------------------
    G15                                               0.000     0.000 f  reset (IN)
                         net (fo=0)                   0.000     0.000    reset
    G15                  IBUF (Prop_ibuf_I_O)         0.234     0.234 f  reset_IBUF_inst/O
                         net (fo=741, routed)         0.790     1.023    zoom_unit/reset_IBUF
    SLICE_X12Y71         FDCE                                         f  zoom_unit/x_reticle_reg_reg[6]_replica/CLR
  -------------------------------------------------------------------    -------------------

                         (clock sys_clk_pin rise edge)
                                                      0.000     0.000 r  
    R2                                                0.000     0.000 r  clk (IN)
                         net (fo=0)                   0.000     0.000    clk
    R2                   IBUF (Prop_ibuf_I_O)         0.350     0.350 r  clk_IBUF_inst/O
                         net (fo=1, routed)           0.685     1.035    clk_IBUF
    BUFGCTRL_X0Y0        BUFG (Prop_bufg_I_O)         0.029     1.064 r  clk_IBUF_BUFG_inst/O
                         net (fo=785, routed)         0.822     1.885    zoom_unit/clk_IBUF_BUFG
    SLICE_X12Y71         FDCE                                         r  zoom_unit/x_reticle_reg_reg[6]_replica/C

Slack:                    inf
  Source:                 reset
                            (input port)
  Destination:            zoom_unit/x_reticle_reg_reg[7]_replica/PRE
                            (removal check against rising-edge clock sys_clk_pin  {rise@0.000ns fall@5.000ns period=10.000ns})
  Path Group:             (none)
  Path Type:              Removal (Min at Fast Process Corner)
  Data Path Delay:        1.023ns  (logic 0.234ns (22.829%)  route 0.790ns (77.171%))
  Logic Levels:           1  (IBUF=1)
  Clock Path Skew:        1.885ns (DCD - SCD - CPR)
    Destination Clock Delay (DCD):    1.885ns
    Source Clock Delay      (SCD):    0.000ns
    Clock Pessimism Removal (CPR):    -0.000ns

    Location             Delay type                Incr(ns)  Path(ns)    Netlist Resource(s)
  -------------------------------------------------------------------    -------------------
    G15                                               0.000     0.000 f  reset (IN)
                         net (fo=0)                   0.000     0.000    reset
    G15                  IBUF (Prop_ibuf_I_O)         0.234     0.234 f  reset_IBUF_inst/O
                         net (fo=741, routed)         0.790     1.023    zoom_unit/reset_IBUF
    SLICE_X12Y71         FDPE                                         f  zoom_unit/x_reticle_reg_reg[7]_replica/PRE
  -------------------------------------------------------------------    -------------------

                         (clock sys_clk_pin rise edge)
                                                      0.000     0.000 r  
    R2                                                0.000     0.000 r  clk (IN)
                         net (fo=0)                   0.000     0.000    clk
    R2                   IBUF (Prop_ibuf_I_O)         0.350     0.350 r  clk_IBUF_inst/O
                         net (fo=1, routed)           0.685     1.035    clk_IBUF
    BUFGCTRL_X0Y0        BUFG (Prop_bufg_I_O)         0.029     1.064 r  clk_IBUF_BUFG_inst/O
                         net (fo=785, routed)         0.822     1.885    zoom_unit/clk_IBUF_BUFG
    SLICE_X12Y71         FDPE                                         r  zoom_unit/x_reticle_reg_reg[7]_replica/C

Slack:                    inf
  Source:                 reset
                            (input port)
  Destination:            zoom_unit/x_reticle_reg_reg[4]_replica/CLR
                            (removal check against rising-edge clock sys_clk_pin  {rise@0.000ns fall@5.000ns period=10.000ns})
  Path Group:             (none)
  Path Type:              Removal (Min at Fast Process Corner)
  Data Path Delay:        1.096ns  (logic 0.234ns (21.305%)  route 0.863ns (78.695%))
  Logic Levels:           1  (IBUF=1)
  Clock Path Skew:        1.884ns (DCD - SCD - CPR)
    Destination Clock Delay (DCD):    1.884ns
    Source Clock Delay      (SCD):    0.000ns
    Clock Pessimism Removal (CPR):    -0.000ns

    Location             Delay type                Incr(ns)  Path(ns)    Netlist Resource(s)
  -------------------------------------------------------------------    -------------------
    G15                                               0.000     0.000 f  reset (IN)
                         net (fo=0)                   0.000     0.000    reset
    G15                  IBUF (Prop_ibuf_I_O)         0.234     0.234 f  reset_IBUF_inst/O
                         net (fo=741, routed)         0.863     1.096    zoom_unit/reset_IBUF
    SLICE_X12Y72         FDCE                                         f  zoom_unit/x_reticle_reg_reg[4]_replica/CLR
  -------------------------------------------------------------------    -------------------

                         (clock sys_clk_pin rise edge)
                                                      0.000     0.000 r  
    R2                                                0.000     0.000 r  clk (IN)
                         net (fo=0)                   0.000     0.000    clk
    R2                   IBUF (Prop_ibuf_I_O)         0.350     0.350 r  clk_IBUF_inst/O
                         net (fo=1, routed)           0.685     1.035    clk_IBUF
    BUFGCTRL_X0Y0        BUFG (Prop_bufg_I_O)         0.029     1.064 r  clk_IBUF_BUFG_inst/O
                         net (fo=785, routed)         0.820     1.884    zoom_unit/clk_IBUF_BUFG
    SLICE_X12Y72         FDCE                                         r  zoom_unit/x_reticle_reg_reg[4]_replica/C

Slack:                    inf
  Source:                 reset
                            (input port)
  Destination:            zoom_unit/x_reticle_reg_reg[5]_replica/PRE
                            (removal check against rising-edge clock sys_clk_pin  {rise@0.000ns fall@5.000ns period=10.000ns})
  Path Group:             (none)
  Path Type:              Removal (Min at Fast Process Corner)
  Data Path Delay:        1.096ns  (logic 0.234ns (21.305%)  route 0.863ns (78.695%))
  Logic Levels:           1  (IBUF=1)
  Clock Path Skew:        1.884ns (DCD - SCD - CPR)
    Destination Clock Delay (DCD):    1.884ns
    Source Clock Delay      (SCD):    0.000ns
    Clock Pessimism Removal (CPR):    -0.000ns

    Location             Delay type                Incr(ns)  Path(ns)    Netlist Resource(s)
  -------------------------------------------------------------------    -------------------
    G15                                               0.000     0.000 f  reset (IN)
                         net (fo=0)                   0.000     0.000    reset
    G15                  IBUF (Prop_ibuf_I_O)         0.234     0.234 f  reset_IBUF_inst/O
                         net (fo=741, routed)         0.863     1.096    zoom_unit/reset_IBUF
    SLICE_X12Y72         FDPE                                         f  zoom_unit/x_reticle_reg_reg[5]_replica/PRE
  -------------------------------------------------------------------    -------------------

                         (clock sys_clk_pin rise edge)
                                                      0.000     0.000 r  
    R2                                                0.000     0.000 r  clk (IN)
                         net (fo=0)                   0.000     0.000    clk
    R2                   IBUF (Prop_ibuf_I_O)         0.350     0.350 r  clk_IBUF_inst/O
                         net (fo=1, routed)           0.685     1.035    clk_IBUF
    BUFGCTRL_X0Y0        BUFG (Prop_bufg_I_O)         0.029     1.064 r  clk_IBUF_BUFG_inst/O
                         net (fo=785, routed)         0.820     1.884    zoom_unit/clk_IBUF_BUFG
    SLICE_X12Y72         FDPE                                         r  zoom_unit/x_reticle_reg_reg[5]_replica/C





