Copyright 1986-2022 Xilinx, Inc. All Rights Reserved. Copyright 2022-2025 Advanced Micro Devices, Inc. All Rights Reserved.
------------------------------------------------------------------------------------------------------------------------------------------------------------------------------------------------------------------------------------
| Tool Version : Vivado v.2025.1 (lin64) Build 6140274 Wed May 21 22:58:25 MDT 2025
| Date         : Sat Oct 18 20:41:26 2025
| Host         : computer running 64-bit Ubuntu 22.04.5 LTS
| Command      : report_timing_summary -max_paths 10 -routable_nets -report_unconstrained -file debounce_timing_summary_routed.rpt -pb debounce_timing_summary_routed.pb -rpx debounce_timing_summary_routed.rpx -warn_on_violation
| Design       : debounce
| Device       : 7s50-csga324
| Speed File   : -1  PRODUCTION 1.23 2018-06-13
| Design State : Routed
------------------------------------------------------------------------------------------------------------------------------------------------------------------------------------------------------------------------------------

Timing Summary Report

------------------------------------------------------------------------------------------------
| Timer Settings
| --------------
------------------------------------------------------------------------------------------------

  Enable Multi Corner Analysis               :  Yes
  Enable Pessimism Removal                   :  Yes
  Pessimism Removal Resolution               :  Nearest Common Node
  Enable Input Delay Default Clock           :  No
  Enable Preset / Clear Arcs                 :  No
  Disable Flight Delays                      :  No
  Ignore I/O Paths                           :  No
  Timing Early Launch at Borrowing Latches   :  No
  Borrow Time for Max Delay Exceptions       :  Yes
  Merge Timing Exceptions                    :  Yes
  Inter-SLR Compensation                     :  Conservative

  Corner  Analyze    Analyze    
  Name    Max Paths  Min Paths  
  ------  ---------  ---------  
  Slow    Yes        Yes        
  Fast    Yes        Yes        


------------------------------------------------------------------------------------------------
| Report Methodology
| ------------------
------------------------------------------------------------------------------------------------

Rule       Severity  Description                    Violations  
---------  --------  -----------------------------  ----------  
TIMING-18  Warning   Missing input or output delay  3           

Note: This report is based on the most recent report_methodology run and may not be up-to-date. Run report_methodology on the current design for the latest report.



check_timing report

Table of Contents
-----------------
1. checking no_clock (0)
2. checking constant_clock (0)
3. checking pulse_width_clock (0)
4. checking unconstrained_internal_endpoints (0)
5. checking no_input_delay (2)
6. checking no_output_delay (1)
7. checking multiple_clock (0)
8. checking generated_clocks (0)
9. checking loops (0)
10. checking partial_input_delay (0)
11. checking partial_output_delay (0)
12. checking latch_loops (0)

1. checking no_clock (0)
------------------------
 There are 0 register/latch pins with no clock.


2. checking constant_clock (0)
------------------------------
 There are 0 register/latch pins with constant_clock.


3. checking pulse_width_clock (0)
---------------------------------
 There are 0 register/latch pins which need pulse_width check


4. checking unconstrained_internal_endpoints (0)
------------------------------------------------
 There are 0 pins that are not constrained for maximum delay.

 There are 0 pins that are not constrained for maximum delay due to constant clock.


5. checking no_input_delay (2)
------------------------------
 There are 2 input ports with no input delay specified. (HIGH)

 There are 0 input ports with no input delay but user has a false path constraint.


6. checking no_output_delay (1)
-------------------------------
 There is 1 port with no output delay specified. (HIGH)

 There are 0 ports with no output delay but user has a false path constraint

 There are 0 ports with no output delay but with a timing clock defined on it or propagating through it


7. checking multiple_clock (0)
------------------------------
 There are 0 register/latch pins with multiple clocks.


8. checking generated_clocks (0)
--------------------------------
 There are 0 generated clocks that are not connected to a clock source.


9. checking loops (0)
---------------------
 There are 0 combinational loops in the design.


10. checking partial_input_delay (0)
------------------------------------
 There are 0 input ports with partial input delay specified.


11. checking partial_output_delay (0)
-------------------------------------
 There are 0 ports with partial output delay specified.


12. checking latch_loops (0)
----------------------------
 There are 0 combinational latch loops in the design through latch input



------------------------------------------------------------------------------------------------
| Design Timing Summary
| ---------------------
------------------------------------------------------------------------------------------------

    WNS(ns)      TNS(ns)  TNS Failing Endpoints  TNS Total Endpoints      WHS(ns)      THS(ns)  THS Failing Endpoints  THS Total Endpoints     WPWS(ns)     TPWS(ns)  TPWS Failing Endpoints  TPWS Total Endpoints  
    -------      -------  ---------------------  -------------------      -------      -------  ---------------------  -------------------     --------     --------  ----------------------  --------------------  
      6.318        0.000                      0                   25        0.239        0.000                      0                   25        4.500        0.000                       0                    24  


All user specified timing constraints are met.


------------------------------------------------------------------------------------------------
| Clock Summary
| -------------
------------------------------------------------------------------------------------------------

Clock        Waveform(ns)       Period(ns)      Frequency(MHz)
-----        ------------       ----------      --------------
sys_clk_pin  {0.000 5.000}      10.000          100.000         


------------------------------------------------------------------------------------------------
| Intra Clock Table
| -----------------
------------------------------------------------------------------------------------------------

Clock             WNS(ns)      TNS(ns)  TNS Failing Endpoints  TNS Total Endpoints      WHS(ns)      THS(ns)  THS Failing Endpoints  THS Total Endpoints     WPWS(ns)     TPWS(ns)  TPWS Failing Endpoints  TPWS Total Endpoints  
-----             -------      -------  ---------------------  -------------------      -------      -------  ---------------------  -------------------     --------     --------  ----------------------  --------------------  
sys_clk_pin         6.318        0.000                      0                   25        0.239        0.000                      0                   25        4.500        0.000                       0                    24  


------------------------------------------------------------------------------------------------
| Inter Clock Table
| -----------------
------------------------------------------------------------------------------------------------

From Clock    To Clock          WNS(ns)      TNS(ns)  TNS Failing Endpoints  TNS Total Endpoints      WHS(ns)      THS(ns)  THS Failing Endpoints  THS Total Endpoints  
----------    --------          -------      -------  ---------------------  -------------------      -------      -------  ---------------------  -------------------  


------------------------------------------------------------------------------------------------
| Other Path Groups Table
| -----------------------
------------------------------------------------------------------------------------------------

Path Group    From Clock    To Clock          WNS(ns)      TNS(ns)  TNS Failing Endpoints  TNS Total Endpoints      WHS(ns)      THS(ns)  THS Failing Endpoints  THS Total Endpoints  
----------    ----------    --------          -------      -------  ---------------------  -------------------      -------      -------  ---------------------  -------------------  


------------------------------------------------------------------------------------------------
| User Ignored Path Table
| -----------------------
------------------------------------------------------------------------------------------------

Path Group    From Clock    To Clock    
----------    ----------    --------    


------------------------------------------------------------------------------------------------
| Unconstrained Path Table
| ------------------------
------------------------------------------------------------------------------------------------

Path Group    From Clock    To Clock    
----------    ----------    --------    
(none)                                    
(none)        sys_clk_pin                 
(none)                      sys_clk_pin   


------------------------------------------------------------------------------------------------
| Timing Details
| --------------
------------------------------------------------------------------------------------------------


---------------------------------------------------------------------------------------------------
From Clock:  sys_clk_pin
  To Clock:  sys_clk_pin

Setup :            0  Failing Endpoints,  Worst Slack        6.318ns,  Total Violation        0.000ns
Hold  :            0  Failing Endpoints,  Worst Slack        0.239ns,  Total Violation        0.000ns
PW    :            0  Failing Endpoints,  Worst Slack        4.500ns,  Total Violation        0.000ns
---------------------------------------------------------------------------------------------------


Max Delay Paths
--------------------------------------------------------------------------------------
Slack (MET) :             6.318ns  (required time - arrival time)
  Source:                 q_reg_reg[8]/C
                            (rising edge-triggered cell FDRE clocked by sys_clk_pin  {rise@0.000ns fall@5.000ns period=10.000ns})
  Destination:            FSM_sequential_state_reg_reg[0]/CE
                            (rising edge-triggered cell FDCE clocked by sys_clk_pin  {rise@0.000ns fall@5.000ns period=10.000ns})
  Path Group:             sys_clk_pin
  Path Type:              Setup (Max at Slow Process Corner)
  Requirement:            10.000ns  (sys_clk_pin rise@10.000ns - sys_clk_pin rise@0.000ns)
  Data Path Delay:        3.417ns  (logic 0.828ns (24.233%)  route 2.589ns (75.767%))
  Logic Levels:           3  (LUT4=1 LUT5=1 LUT6=1)
  Clock Path Skew:        -0.025ns (DCD - SCD + CPR)
    Destination Clock Delay (DCD):    4.275ns = ( 14.275 - 10.000 ) 
    Source Clock Delay      (SCD):    4.542ns
    Clock Pessimism Removal (CPR):    0.242ns
  Clock Uncertainty:      0.035ns  ((TSJ^2 + TIJ^2)^1/2 + DJ) / 2 + PE
    Total System Jitter     (TSJ):    0.071ns
    Total Input Jitter      (TIJ):    0.000ns
    Discrete Jitter          (DJ):    0.000ns
    Phase Error              (PE):    0.000ns

    Location             Delay type                Incr(ns)  Path(ns)    Netlist Resource(s)
  -------------------------------------------------------------------    -------------------
                         (clock sys_clk_pin rise edge)
                                                      0.000     0.000 r  
    R2                                                0.000     0.000 r  clk (IN)
                         net (fo=0)                   0.000     0.000    clk
    R2                   IBUF (Prop_ibuf_I_O)         0.854     0.854 r  clk_IBUF_inst/O
                         net (fo=1, routed)           1.967     2.821    clk_IBUF
    BUFGCTRL_X0Y0        BUFG (Prop_bufg_I_O)         0.096     2.917 r  clk_IBUF_BUFG_inst/O
                         net (fo=23, routed)          1.625     4.542    clk_IBUF_BUFG
    SLICE_X0Y57          FDRE                                         r  q_reg_reg[8]/C
  -------------------------------------------------------------------    -------------------
    SLICE_X0Y57          FDRE (Prop_fdre_C_Q)         0.456     4.998 f  q_reg_reg[8]/Q
                         net (fo=2, routed)           1.061     6.059    q_reg_reg[8]
    SLICE_X1Y56          LUT4 (Prop_lut4_I0_O)        0.124     6.183 f  FSM_sequential_state_reg[1]_i_5/O
                         net (fo=1, routed)           0.507     6.690    FSM_sequential_state_reg[1]_i_5_n_0
    SLICE_X1Y57          LUT5 (Prop_lut5_I4_O)        0.124     6.814 f  FSM_sequential_state_reg[1]_i_3/O
                         net (fo=2, routed)           0.678     7.492    FSM_sequential_state_reg[1]_i_3_n_0
    SLICE_X1Y57          LUT6 (Prop_lut6_I1_O)        0.124     7.616 r  FSM_sequential_state_reg[1]_i_1/O
                         net (fo=3, routed)           0.343     7.959    FSM_sequential_state_reg[1]_i_1_n_0
    SLICE_X1Y58          FDCE                                         r  FSM_sequential_state_reg_reg[0]/CE
  -------------------------------------------------------------------    -------------------

                         (clock sys_clk_pin rise edge)
                                                     10.000    10.000 r  
    R2                                                0.000    10.000 r  clk (IN)
                         net (fo=0)                   0.000    10.000    clk
    R2                   IBUF (Prop_ibuf_I_O)         0.814    10.814 r  clk_IBUF_inst/O
                         net (fo=1, routed)           1.862    12.676    clk_IBUF
    BUFGCTRL_X0Y0        BUFG (Prop_bufg_I_O)         0.091    12.767 r  clk_IBUF_BUFG_inst/O
                         net (fo=23, routed)          1.508    14.275    clk_IBUF_BUFG
    SLICE_X1Y58          FDCE                                         r  FSM_sequential_state_reg_reg[0]/C
                         clock pessimism              0.242    14.517    
                         clock uncertainty           -0.035    14.482    
    SLICE_X1Y58          FDCE (Setup_fdce_C_CE)      -0.205    14.277    FSM_sequential_state_reg_reg[0]
  -------------------------------------------------------------------
                         required time                         14.277    
                         arrival time                          -7.959    
  -------------------------------------------------------------------
                         slack                                  6.318    

Slack (MET) :             6.318ns  (required time - arrival time)
  Source:                 q_reg_reg[8]/C
                            (rising edge-triggered cell FDRE clocked by sys_clk_pin  {rise@0.000ns fall@5.000ns period=10.000ns})
  Destination:            FSM_sequential_state_reg_reg[1]/CE
                            (rising edge-triggered cell FDCE clocked by sys_clk_pin  {rise@0.000ns fall@5.000ns period=10.000ns})
  Path Group:             sys_clk_pin
  Path Type:              Setup (Max at Slow Process Corner)
  Requirement:            10.000ns  (sys_clk_pin rise@10.000ns - sys_clk_pin rise@0.000ns)
  Data Path Delay:        3.417ns  (logic 0.828ns (24.233%)  route 2.589ns (75.767%))
  Logic Levels:           3  (LUT4=1 LUT5=1 LUT6=1)
  Clock Path Skew:        -0.025ns (DCD - SCD + CPR)
    Destination Clock Delay (DCD):    4.275ns = ( 14.275 - 10.000 ) 
    Source Clock Delay      (SCD):    4.542ns
    Clock Pessimism Removal (CPR):    0.242ns
  Clock Uncertainty:      0.035ns  ((TSJ^2 + TIJ^2)^1/2 + DJ) / 2 + PE
    Total System Jitter     (TSJ):    0.071ns
    Total Input Jitter      (TIJ):    0.000ns
    Discrete Jitter          (DJ):    0.000ns
    Phase Error              (PE):    0.000ns

    Location             Delay type                Incr(ns)  Path(ns)    Netlist Resource(s)
  -------------------------------------------------------------------    -------------------
                         (clock sys_clk_pin rise edge)
                                                      0.000     0.000 r  
    R2                                                0.000     0.000 r  clk (IN)
                         net (fo=0)                   0.000     0.000    clk
    R2                   IBUF (Prop_ibuf_I_O)         0.854     0.854 r  clk_IBUF_inst/O
                         net (fo=1, routed)           1.967     2.821    clk_IBUF
    BUFGCTRL_X0Y0        BUFG (Prop_bufg_I_O)         0.096     2.917 r  clk_IBUF_BUFG_inst/O
                         net (fo=23, routed)          1.625     4.542    clk_IBUF_BUFG
    SLICE_X0Y57          FDRE                                         r  q_reg_reg[8]/C
  -------------------------------------------------------------------    -------------------
    SLICE_X0Y57          FDRE (Prop_fdre_C_Q)         0.456     4.998 f  q_reg_reg[8]/Q
                         net (fo=2, routed)           1.061     6.059    q_reg_reg[8]
    SLICE_X1Y56          LUT4 (Prop_lut4_I0_O)        0.124     6.183 f  FSM_sequential_state_reg[1]_i_5/O
                         net (fo=1, routed)           0.507     6.690    FSM_sequential_state_reg[1]_i_5_n_0
    SLICE_X1Y57          LUT5 (Prop_lut5_I4_O)        0.124     6.814 f  FSM_sequential_state_reg[1]_i_3/O
                         net (fo=2, routed)           0.678     7.492    FSM_sequential_state_reg[1]_i_3_n_0
    SLICE_X1Y57          LUT6 (Prop_lut6_I1_O)        0.124     7.616 r  FSM_sequential_state_reg[1]_i_1/O
                         net (fo=3, routed)           0.343     7.959    FSM_sequential_state_reg[1]_i_1_n_0
    SLICE_X1Y58          FDCE                                         r  FSM_sequential_state_reg_reg[1]/CE
  -------------------------------------------------------------------    -------------------

                         (clock sys_clk_pin rise edge)
                                                     10.000    10.000 r  
    R2                                                0.000    10.000 r  clk (IN)
                         net (fo=0)                   0.000    10.000    clk
    R2                   IBUF (Prop_ibuf_I_O)         0.814    10.814 r  clk_IBUF_inst/O
                         net (fo=1, routed)           1.862    12.676    clk_IBUF
    BUFGCTRL_X0Y0        BUFG (Prop_bufg_I_O)         0.091    12.767 r  clk_IBUF_BUFG_inst/O
                         net (fo=23, routed)          1.508    14.275    clk_IBUF_BUFG
    SLICE_X1Y58          FDCE                                         r  FSM_sequential_state_reg_reg[1]/C
                         clock pessimism              0.242    14.517    
                         clock uncertainty           -0.035    14.482    
    SLICE_X1Y58          FDCE (Setup_fdce_C_CE)      -0.205    14.277    FSM_sequential_state_reg_reg[1]
  -------------------------------------------------------------------
                         required time                         14.277    
                         arrival time                          -7.959    
  -------------------------------------------------------------------
                         slack                                  6.318    

Slack (MET) :             6.321ns  (required time - arrival time)
  Source:                 q_reg_reg[8]/C
                            (rising edge-triggered cell FDRE clocked by sys_clk_pin  {rise@0.000ns fall@5.000ns period=10.000ns})
  Destination:            FSM_sequential_state_reg_reg[2]/D
                            (rising edge-triggered cell FDCE clocked by sys_clk_pin  {rise@0.000ns fall@5.000ns period=10.000ns})
  Path Group:             sys_clk_pin
  Path Type:              Setup (Max at Slow Process Corner)
  Requirement:            10.000ns  (sys_clk_pin rise@10.000ns - sys_clk_pin rise@0.000ns)
  Data Path Delay:        3.669ns  (logic 0.978ns (26.657%)  route 2.691ns (73.343%))
  Logic Levels:           4  (LUT3=1 LUT4=1 LUT5=1 LUT6=1)
  Clock Path Skew:        -0.022ns (DCD - SCD + CPR)
    Destination Clock Delay (DCD):    4.275ns = ( 14.275 - 10.000 ) 
    Source Clock Delay      (SCD):    4.542ns
    Clock Pessimism Removal (CPR):    0.245ns
  Clock Uncertainty:      0.035ns  ((TSJ^2 + TIJ^2)^1/2 + DJ) / 2 + PE
    Total System Jitter     (TSJ):    0.071ns
    Total Input Jitter      (TIJ):    0.000ns
    Discrete Jitter          (DJ):    0.000ns
    Phase Error              (PE):    0.000ns

    Location             Delay type                Incr(ns)  Path(ns)    Netlist Resource(s)
  -------------------------------------------------------------------    -------------------
                         (clock sys_clk_pin rise edge)
                                                      0.000     0.000 r  
    R2                                                0.000     0.000 r  clk (IN)
                         net (fo=0)                   0.000     0.000    clk
    R2                   IBUF (Prop_ibuf_I_O)         0.854     0.854 r  clk_IBUF_inst/O
                         net (fo=1, routed)           1.967     2.821    clk_IBUF
    BUFGCTRL_X0Y0        BUFG (Prop_bufg_I_O)         0.096     2.917 r  clk_IBUF_BUFG_inst/O
                         net (fo=23, routed)          1.625     4.542    clk_IBUF_BUFG
    SLICE_X0Y57          FDRE                                         r  q_reg_reg[8]/C
  -------------------------------------------------------------------    -------------------
    SLICE_X0Y57          FDRE (Prop_fdre_C_Q)         0.456     4.998 f  q_reg_reg[8]/Q
                         net (fo=2, routed)           1.061     6.059    q_reg_reg[8]
    SLICE_X1Y56          LUT4 (Prop_lut4_I0_O)        0.124     6.183 f  FSM_sequential_state_reg[1]_i_5/O
                         net (fo=1, routed)           0.507     6.690    FSM_sequential_state_reg[1]_i_5_n_0
    SLICE_X1Y57          LUT5 (Prop_lut5_I4_O)        0.124     6.814 f  FSM_sequential_state_reg[1]_i_3/O
                         net (fo=2, routed)           0.678     7.492    FSM_sequential_state_reg[1]_i_3_n_0
    SLICE_X1Y57          LUT6 (Prop_lut6_I1_O)        0.124     7.616 r  FSM_sequential_state_reg[1]_i_1/O
                         net (fo=3, routed)           0.445     8.061    FSM_sequential_state_reg[1]_i_1_n_0
    SLICE_X1Y57          LUT3 (Prop_lut3_I2_O)        0.150     8.211 r  FSM_sequential_state_reg[2]_i_1/O
                         net (fo=1, routed)           0.000     8.211    FSM_sequential_state_reg[2]_i_1_n_0
    SLICE_X1Y57          FDCE                                         r  FSM_sequential_state_reg_reg[2]/D
  -------------------------------------------------------------------    -------------------

                         (clock sys_clk_pin rise edge)
                                                     10.000    10.000 r  
    R2                                                0.000    10.000 r  clk (IN)
                         net (fo=0)                   0.000    10.000    clk
    R2                   IBUF (Prop_ibuf_I_O)         0.814    10.814 r  clk_IBUF_inst/O
                         net (fo=1, routed)           1.862    12.676    clk_IBUF
    BUFGCTRL_X0Y0        BUFG (Prop_bufg_I_O)         0.091    12.767 r  clk_IBUF_BUFG_inst/O
                         net (fo=23, routed)          1.508    14.275    clk_IBUF_BUFG
    SLICE_X1Y57          FDCE                                         r  FSM_sequential_state_reg_reg[2]/C
                         clock pessimism              0.245    14.520    
                         clock uncertainty           -0.035    14.485    
    SLICE_X1Y57          FDCE (Setup_fdce_C_D)        0.047    14.532    FSM_sequential_state_reg_reg[2]
  -------------------------------------------------------------------
                         required time                         14.532    
                         arrival time                          -8.211    
  -------------------------------------------------------------------
                         slack                                  6.321    

Slack (MET) :             7.690ns  (required time - arrival time)
  Source:                 q_reg_reg[0]/C
                            (rising edge-triggered cell FDRE clocked by sys_clk_pin  {rise@0.000ns fall@5.000ns period=10.000ns})
  Destination:            q_reg_reg[17]/D
                            (rising edge-triggered cell FDRE clocked by sys_clk_pin  {rise@0.000ns fall@5.000ns period=10.000ns})
  Path Group:             sys_clk_pin
  Path Type:              Setup (Max at Slow Process Corner)
  Requirement:            10.000ns  (sys_clk_pin rise@10.000ns - sys_clk_pin rise@0.000ns)
  Data Path Delay:        2.310ns  (logic 1.788ns (77.412%)  route 0.522ns (22.588%))
  Logic Levels:           6  (CARRY4=5 LUT1=1)
  Clock Path Skew:        -0.027ns (DCD - SCD + CPR)
    Destination Clock Delay (DCD):    4.274ns = ( 14.274 - 10.000 ) 
    Source Clock Delay      (SCD):    4.543ns
    Clock Pessimism Removal (CPR):    0.242ns
  Clock Uncertainty:      0.035ns  ((TSJ^2 + TIJ^2)^1/2 + DJ) / 2 + PE
    Total System Jitter     (TSJ):    0.071ns
    Total Input Jitter      (TIJ):    0.000ns
    Discrete Jitter          (DJ):    0.000ns
    Phase Error              (PE):    0.000ns

    Location             Delay type                Incr(ns)  Path(ns)    Netlist Resource(s)
  -------------------------------------------------------------------    -------------------
                         (clock sys_clk_pin rise edge)
                                                      0.000     0.000 r  
    R2                                                0.000     0.000 r  clk (IN)
                         net (fo=0)                   0.000     0.000    clk
    R2                   IBUF (Prop_ibuf_I_O)         0.854     0.854 r  clk_IBUF_inst/O
                         net (fo=1, routed)           1.967     2.821    clk_IBUF
    BUFGCTRL_X0Y0        BUFG (Prop_bufg_I_O)         0.096     2.917 r  clk_IBUF_BUFG_inst/O
                         net (fo=23, routed)          1.626     4.543    clk_IBUF_BUFG
    SLICE_X0Y55          FDRE                                         r  q_reg_reg[0]/C
  -------------------------------------------------------------------    -------------------
    SLICE_X0Y55          FDRE (Prop_fdre_C_Q)         0.456     4.999 f  q_reg_reg[0]/Q
                         net (fo=2, routed)           0.522     5.521    q_reg_reg[0]
    SLICE_X0Y55          LUT1 (Prop_lut1_I0_O)        0.124     5.645 r  q_reg[0]_i_2/O
                         net (fo=1, routed)           0.000     5.645    q_reg[0]_i_2_n_0
    SLICE_X0Y55          CARRY4 (Prop_carry4_S[0]_CO[3])
                                                      0.532     6.177 r  q_reg_reg[0]_i_1/CO[3]
                         net (fo=1, routed)           0.000     6.177    q_reg_reg[0]_i_1_n_0
    SLICE_X0Y56          CARRY4 (Prop_carry4_CI_CO[3])
                                                      0.114     6.291 r  q_reg_reg[4]_i_1/CO[3]
                         net (fo=1, routed)           0.000     6.291    q_reg_reg[4]_i_1_n_0
    SLICE_X0Y57          CARRY4 (Prop_carry4_CI_CO[3])
                                                      0.114     6.405 r  q_reg_reg[8]_i_1/CO[3]
                         net (fo=1, routed)           0.000     6.405    q_reg_reg[8]_i_1_n_0
    SLICE_X0Y58          CARRY4 (Prop_carry4_CI_CO[3])
                                                      0.114     6.519 r  q_reg_reg[12]_i_1/CO[3]
                         net (fo=1, routed)           0.000     6.519    q_reg_reg[12]_i_1_n_0
    SLICE_X0Y59          CARRY4 (Prop_carry4_CI_O[1])
                                                      0.334     6.853 r  q_reg_reg[16]_i_1/O[1]
                         net (fo=1, routed)           0.000     6.853    q_reg_reg[16]_i_1_n_6
    SLICE_X0Y59          FDRE                                         r  q_reg_reg[17]/D
  -------------------------------------------------------------------    -------------------

                         (clock sys_clk_pin rise edge)
                                                     10.000    10.000 r  
    R2                                                0.000    10.000 r  clk (IN)
                         net (fo=0)                   0.000    10.000    clk
    R2                   IBUF (Prop_ibuf_I_O)         0.814    10.814 r  clk_IBUF_inst/O
                         net (fo=1, routed)           1.862    12.676    clk_IBUF
    BUFGCTRL_X0Y0        BUFG (Prop_bufg_I_O)         0.091    12.767 r  clk_IBUF_BUFG_inst/O
                         net (fo=23, routed)          1.507    14.274    clk_IBUF_BUFG
    SLICE_X0Y59          FDRE                                         r  q_reg_reg[17]/C
                         clock pessimism              0.242    14.516    
                         clock uncertainty           -0.035    14.481    
    SLICE_X0Y59          FDRE (Setup_fdre_C_D)        0.062    14.543    q_reg_reg[17]
  -------------------------------------------------------------------
                         required time                         14.543    
                         arrival time                          -6.853    
  -------------------------------------------------------------------
                         slack                                  7.690    

Slack (MET) :             7.711ns  (required time - arrival time)
  Source:                 q_reg_reg[0]/C
                            (rising edge-triggered cell FDRE clocked by sys_clk_pin  {rise@0.000ns fall@5.000ns period=10.000ns})
  Destination:            q_reg_reg[19]/D
                            (rising edge-triggered cell FDRE clocked by sys_clk_pin  {rise@0.000ns fall@5.000ns period=10.000ns})
  Path Group:             sys_clk_pin
  Path Type:              Setup (Max at Slow Process Corner)
  Requirement:            10.000ns  (sys_clk_pin rise@10.000ns - sys_clk_pin rise@0.000ns)
  Data Path Delay:        2.289ns  (logic 1.767ns (77.204%)  route 0.522ns (22.796%))
  Logic Levels:           6  (CARRY4=5 LUT1=1)
  Clock Path Skew:        -0.027ns (DCD - SCD + CPR)
    Destination Clock Delay (DCD):    4.274ns = ( 14.274 - 10.000 ) 
    Source Clock Delay      (SCD):    4.543ns
    Clock Pessimism Removal (CPR):    0.242ns
  Clock Uncertainty:      0.035ns  ((TSJ^2 + TIJ^2)^1/2 + DJ) / 2 + PE
    Total System Jitter     (TSJ):    0.071ns
    Total Input Jitter      (TIJ):    0.000ns
    Discrete Jitter          (DJ):    0.000ns
    Phase Error              (PE):    0.000ns

    Location             Delay type                Incr(ns)  Path(ns)    Netlist Resource(s)
  -------------------------------------------------------------------    -------------------
                         (clock sys_clk_pin rise edge)
                                                      0.000     0.000 r  
    R2                                                0.000     0.000 r  clk (IN)
                         net (fo=0)                   0.000     0.000    clk
    R2                   IBUF (Prop_ibuf_I_O)         0.854     0.854 r  clk_IBUF_inst/O
                         net (fo=1, routed)           1.967     2.821    clk_IBUF
    BUFGCTRL_X0Y0        BUFG (Prop_bufg_I_O)         0.096     2.917 r  clk_IBUF_BUFG_inst/O
                         net (fo=23, routed)          1.626     4.543    clk_IBUF_BUFG
    SLICE_X0Y55          FDRE                                         r  q_reg_reg[0]/C
  -------------------------------------------------------------------    -------------------
    SLICE_X0Y55          FDRE (Prop_fdre_C_Q)         0.456     4.999 f  q_reg_reg[0]/Q
                         net (fo=2, routed)           0.522     5.521    q_reg_reg[0]
    SLICE_X0Y55          LUT1 (Prop_lut1_I0_O)        0.124     5.645 r  q_reg[0]_i_2/O
                         net (fo=1, routed)           0.000     5.645    q_reg[0]_i_2_n_0
    SLICE_X0Y55          CARRY4 (Prop_carry4_S[0]_CO[3])
                                                      0.532     6.177 r  q_reg_reg[0]_i_1/CO[3]
                         net (fo=1, routed)           0.000     6.177    q_reg_reg[0]_i_1_n_0
    SLICE_X0Y56          CARRY4 (Prop_carry4_CI_CO[3])
                                                      0.114     6.291 r  q_reg_reg[4]_i_1/CO[3]
                         net (fo=1, routed)           0.000     6.291    q_reg_reg[4]_i_1_n_0
    SLICE_X0Y57          CARRY4 (Prop_carry4_CI_CO[3])
                                                      0.114     6.405 r  q_reg_reg[8]_i_1/CO[3]
                         net (fo=1, routed)           0.000     6.405    q_reg_reg[8]_i_1_n_0
    SLICE_X0Y58          CARRY4 (Prop_carry4_CI_CO[3])
                                                      0.114     6.519 r  q_reg_reg[12]_i_1/CO[3]
                         net (fo=1, routed)           0.000     6.519    q_reg_reg[12]_i_1_n_0
    SLICE_X0Y59          CARRY4 (Prop_carry4_CI_O[3])
                                                      0.313     6.832 r  q_reg_reg[16]_i_1/O[3]
                         net (fo=1, routed)           0.000     6.832    q_reg_reg[16]_i_1_n_4
    SLICE_X0Y59          FDRE                                         r  q_reg_reg[19]/D
  -------------------------------------------------------------------    -------------------

                         (clock sys_clk_pin rise edge)
                                                     10.000    10.000 r  
    R2                                                0.000    10.000 r  clk (IN)
                         net (fo=0)                   0.000    10.000    clk
    R2                   IBUF (Prop_ibuf_I_O)         0.814    10.814 r  clk_IBUF_inst/O
                         net (fo=1, routed)           1.862    12.676    clk_IBUF
    BUFGCTRL_X0Y0        BUFG (Prop_bufg_I_O)         0.091    12.767 r  clk_IBUF_BUFG_inst/O
                         net (fo=23, routed)          1.507    14.274    clk_IBUF_BUFG
    SLICE_X0Y59          FDRE                                         r  q_reg_reg[19]/C
                         clock pessimism              0.242    14.516    
                         clock uncertainty           -0.035    14.481    
    SLICE_X0Y59          FDRE (Setup_fdre_C_D)        0.062    14.543    q_reg_reg[19]
  -------------------------------------------------------------------
                         required time                         14.543    
                         arrival time                          -6.832    
  -------------------------------------------------------------------
                         slack                                  7.711    

Slack (MET) :             7.785ns  (required time - arrival time)
  Source:                 q_reg_reg[0]/C
                            (rising edge-triggered cell FDRE clocked by sys_clk_pin  {rise@0.000ns fall@5.000ns period=10.000ns})
  Destination:            q_reg_reg[18]/D
                            (rising edge-triggered cell FDRE clocked by sys_clk_pin  {rise@0.000ns fall@5.000ns period=10.000ns})
  Path Group:             sys_clk_pin
  Path Type:              Setup (Max at Slow Process Corner)
  Requirement:            10.000ns  (sys_clk_pin rise@10.000ns - sys_clk_pin rise@0.000ns)
  Data Path Delay:        2.215ns  (logic 1.693ns (76.443%)  route 0.522ns (23.557%))
  Logic Levels:           6  (CARRY4=5 LUT1=1)
  Clock Path Skew:        -0.027ns (DCD - SCD + CPR)
    Destination Clock Delay (DCD):    4.274ns = ( 14.274 - 10.000 ) 
    Source Clock Delay      (SCD):    4.543ns
    Clock Pessimism Removal (CPR):    0.242ns
  Clock Uncertainty:      0.035ns  ((TSJ^2 + TIJ^2)^1/2 + DJ) / 2 + PE
    Total System Jitter     (TSJ):    0.071ns
    Total Input Jitter      (TIJ):    0.000ns
    Discrete Jitter          (DJ):    0.000ns
    Phase Error              (PE):    0.000ns

    Location             Delay type                Incr(ns)  Path(ns)    Netlist Resource(s)
  -------------------------------------------------------------------    -------------------
                         (clock sys_clk_pin rise edge)
                                                      0.000     0.000 r  
    R2                                                0.000     0.000 r  clk (IN)
                         net (fo=0)                   0.000     0.000    clk
    R2                   IBUF (Prop_ibuf_I_O)         0.854     0.854 r  clk_IBUF_inst/O
                         net (fo=1, routed)           1.967     2.821    clk_IBUF
    BUFGCTRL_X0Y0        BUFG (Prop_bufg_I_O)         0.096     2.917 r  clk_IBUF_BUFG_inst/O
                         net (fo=23, routed)          1.626     4.543    clk_IBUF_BUFG
    SLICE_X0Y55          FDRE                                         r  q_reg_reg[0]/C
  -------------------------------------------------------------------    -------------------
    SLICE_X0Y55          FDRE (Prop_fdre_C_Q)         0.456     4.999 f  q_reg_reg[0]/Q
                         net (fo=2, routed)           0.522     5.521    q_reg_reg[0]
    SLICE_X0Y55          LUT1 (Prop_lut1_I0_O)        0.124     5.645 r  q_reg[0]_i_2/O
                         net (fo=1, routed)           0.000     5.645    q_reg[0]_i_2_n_0
    SLICE_X0Y55          CARRY4 (Prop_carry4_S[0]_CO[3])
                                                      0.532     6.177 r  q_reg_reg[0]_i_1/CO[3]
                         net (fo=1, routed)           0.000     6.177    q_reg_reg[0]_i_1_n_0
    SLICE_X0Y56          CARRY4 (Prop_carry4_CI_CO[3])
                                                      0.114     6.291 r  q_reg_reg[4]_i_1/CO[3]
                         net (fo=1, routed)           0.000     6.291    q_reg_reg[4]_i_1_n_0
    SLICE_X0Y57          CARRY4 (Prop_carry4_CI_CO[3])
                                                      0.114     6.405 r  q_reg_reg[8]_i_1/CO[3]
                         net (fo=1, routed)           0.000     6.405    q_reg_reg[8]_i_1_n_0
    SLICE_X0Y58          CARRY4 (Prop_carry4_CI_CO[3])
                                                      0.114     6.519 r  q_reg_reg[12]_i_1/CO[3]
                         net (fo=1, routed)           0.000     6.519    q_reg_reg[12]_i_1_n_0
    SLICE_X0Y59          CARRY4 (Prop_carry4_CI_O[2])
                                                      0.239     6.758 r  q_reg_reg[16]_i_1/O[2]
                         net (fo=1, routed)           0.000     6.758    q_reg_reg[16]_i_1_n_5
    SLICE_X0Y59          FDRE                                         r  q_reg_reg[18]/D
  -------------------------------------------------------------------    -------------------

                         (clock sys_clk_pin rise edge)
                                                     10.000    10.000 r  
    R2                                                0.000    10.000 r  clk (IN)
                         net (fo=0)                   0.000    10.000    clk
    R2                   IBUF (Prop_ibuf_I_O)         0.814    10.814 r  clk_IBUF_inst/O
                         net (fo=1, routed)           1.862    12.676    clk_IBUF
    BUFGCTRL_X0Y0        BUFG (Prop_bufg_I_O)         0.091    12.767 r  clk_IBUF_BUFG_inst/O
                         net (fo=23, routed)          1.507    14.274    clk_IBUF_BUFG
    SLICE_X0Y59          FDRE                                         r  q_reg_reg[18]/C
                         clock pessimism              0.242    14.516    
                         clock uncertainty           -0.035    14.481    
    SLICE_X0Y59          FDRE (Setup_fdre_C_D)        0.062    14.543    q_reg_reg[18]
  -------------------------------------------------------------------
                         required time                         14.543    
                         arrival time                          -6.758    
  -------------------------------------------------------------------
                         slack                                  7.785    

Slack (MET) :             7.801ns  (required time - arrival time)
  Source:                 q_reg_reg[0]/C
                            (rising edge-triggered cell FDRE clocked by sys_clk_pin  {rise@0.000ns fall@5.000ns period=10.000ns})
  Destination:            q_reg_reg[16]/D
                            (rising edge-triggered cell FDRE clocked by sys_clk_pin  {rise@0.000ns fall@5.000ns period=10.000ns})
  Path Group:             sys_clk_pin
  Path Type:              Setup (Max at Slow Process Corner)
  Requirement:            10.000ns  (sys_clk_pin rise@10.000ns - sys_clk_pin rise@0.000ns)
  Data Path Delay:        2.199ns  (logic 1.677ns (76.271%)  route 0.522ns (23.729%))
  Logic Levels:           6  (CARRY4=5 LUT1=1)
  Clock Path Skew:        -0.027ns (DCD - SCD + CPR)
    Destination Clock Delay (DCD):    4.274ns = ( 14.274 - 10.000 ) 
    Source Clock Delay      (SCD):    4.543ns
    Clock Pessimism Removal (CPR):    0.242ns
  Clock Uncertainty:      0.035ns  ((TSJ^2 + TIJ^2)^1/2 + DJ) / 2 + PE
    Total System Jitter     (TSJ):    0.071ns
    Total Input Jitter      (TIJ):    0.000ns
    Discrete Jitter          (DJ):    0.000ns
    Phase Error              (PE):    0.000ns

    Location             Delay type                Incr(ns)  Path(ns)    Netlist Resource(s)
  -------------------------------------------------------------------    -------------------
                         (clock sys_clk_pin rise edge)
                                                      0.000     0.000 r  
    R2                                                0.000     0.000 r  clk (IN)
                         net (fo=0)                   0.000     0.000    clk
    R2                   IBUF (Prop_ibuf_I_O)         0.854     0.854 r  clk_IBUF_inst/O
                         net (fo=1, routed)           1.967     2.821    clk_IBUF
    BUFGCTRL_X0Y0        BUFG (Prop_bufg_I_O)         0.096     2.917 r  clk_IBUF_BUFG_inst/O
                         net (fo=23, routed)          1.626     4.543    clk_IBUF_BUFG
    SLICE_X0Y55          FDRE                                         r  q_reg_reg[0]/C
  -------------------------------------------------------------------    -------------------
    SLICE_X0Y55          FDRE (Prop_fdre_C_Q)         0.456     4.999 f  q_reg_reg[0]/Q
                         net (fo=2, routed)           0.522     5.521    q_reg_reg[0]
    SLICE_X0Y55          LUT1 (Prop_lut1_I0_O)        0.124     5.645 r  q_reg[0]_i_2/O
                         net (fo=1, routed)           0.000     5.645    q_reg[0]_i_2_n_0
    SLICE_X0Y55          CARRY4 (Prop_carry4_S[0]_CO[3])
                                                      0.532     6.177 r  q_reg_reg[0]_i_1/CO[3]
                         net (fo=1, routed)           0.000     6.177    q_reg_reg[0]_i_1_n_0
    SLICE_X0Y56          CARRY4 (Prop_carry4_CI_CO[3])
                                                      0.114     6.291 r  q_reg_reg[4]_i_1/CO[3]
                         net (fo=1, routed)           0.000     6.291    q_reg_reg[4]_i_1_n_0
    SLICE_X0Y57          CARRY4 (Prop_carry4_CI_CO[3])
                                                      0.114     6.405 r  q_reg_reg[8]_i_1/CO[3]
                         net (fo=1, routed)           0.000     6.405    q_reg_reg[8]_i_1_n_0
    SLICE_X0Y58          CARRY4 (Prop_carry4_CI_CO[3])
                                                      0.114     6.519 r  q_reg_reg[12]_i_1/CO[3]
                         net (fo=1, routed)           0.000     6.519    q_reg_reg[12]_i_1_n_0
    SLICE_X0Y59          CARRY4 (Prop_carry4_CI_O[0])
                                                      0.223     6.742 r  q_reg_reg[16]_i_1/O[0]
                         net (fo=1, routed)           0.000     6.742    q_reg_reg[16]_i_1_n_7
    SLICE_X0Y59          FDRE                                         r  q_reg_reg[16]/D
  -------------------------------------------------------------------    -------------------

                         (clock sys_clk_pin rise edge)
                                                     10.000    10.000 r  
    R2                                                0.000    10.000 r  clk (IN)
                         net (fo=0)                   0.000    10.000    clk
    R2                   IBUF (Prop_ibuf_I_O)         0.814    10.814 r  clk_IBUF_inst/O
                         net (fo=1, routed)           1.862    12.676    clk_IBUF
    BUFGCTRL_X0Y0        BUFG (Prop_bufg_I_O)         0.091    12.767 r  clk_IBUF_BUFG_inst/O
                         net (fo=23, routed)          1.507    14.274    clk_IBUF_BUFG
    SLICE_X0Y59          FDRE                                         r  q_reg_reg[16]/C
                         clock pessimism              0.242    14.516    
                         clock uncertainty           -0.035    14.481    
    SLICE_X0Y59          FDRE (Setup_fdre_C_D)        0.062    14.543    q_reg_reg[16]
  -------------------------------------------------------------------
                         required time                         14.543    
                         arrival time                          -6.742    
  -------------------------------------------------------------------
                         slack                                  7.801    

Slack (MET) :             7.805ns  (required time - arrival time)
  Source:                 q_reg_reg[0]/C
                            (rising edge-triggered cell FDRE clocked by sys_clk_pin  {rise@0.000ns fall@5.000ns period=10.000ns})
  Destination:            q_reg_reg[13]/D
                            (rising edge-triggered cell FDRE clocked by sys_clk_pin  {rise@0.000ns fall@5.000ns period=10.000ns})
  Path Group:             sys_clk_pin
  Path Type:              Setup (Max at Slow Process Corner)
  Requirement:            10.000ns  (sys_clk_pin rise@10.000ns - sys_clk_pin rise@0.000ns)
  Data Path Delay:        2.196ns  (logic 1.674ns (76.239%)  route 0.522ns (23.761%))
  Logic Levels:           5  (CARRY4=4 LUT1=1)
  Clock Path Skew:        -0.026ns (DCD - SCD + CPR)
    Destination Clock Delay (DCD):    4.275ns = ( 14.275 - 10.000 ) 
    Source Clock Delay      (SCD):    4.543ns
    Clock Pessimism Removal (CPR):    0.242ns
  Clock Uncertainty:      0.035ns  ((TSJ^2 + TIJ^2)^1/2 + DJ) / 2 + PE
    Total System Jitter     (TSJ):    0.071ns
    Total Input Jitter      (TIJ):    0.000ns
    Discrete Jitter          (DJ):    0.000ns
    Phase Error              (PE):    0.000ns

    Location             Delay type                Incr(ns)  Path(ns)    Netlist Resource(s)
  -------------------------------------------------------------------    -------------------
                         (clock sys_clk_pin rise edge)
                                                      0.000     0.000 r  
    R2                                                0.000     0.000 r  clk (IN)
                         net (fo=0)                   0.000     0.000    clk
    R2                   IBUF (Prop_ibuf_I_O)         0.854     0.854 r  clk_IBUF_inst/O
                         net (fo=1, routed)           1.967     2.821    clk_IBUF
    BUFGCTRL_X0Y0        BUFG (Prop_bufg_I_O)         0.096     2.917 r  clk_IBUF_BUFG_inst/O
                         net (fo=23, routed)          1.626     4.543    clk_IBUF_BUFG
    SLICE_X0Y55          FDRE                                         r  q_reg_reg[0]/C
  -------------------------------------------------------------------    -------------------
    SLICE_X0Y55          FDRE (Prop_fdre_C_Q)         0.456     4.999 f  q_reg_reg[0]/Q
                         net (fo=2, routed)           0.522     5.521    q_reg_reg[0]
    SLICE_X0Y55          LUT1 (Prop_lut1_I0_O)        0.124     5.645 r  q_reg[0]_i_2/O
                         net (fo=1, routed)           0.000     5.645    q_reg[0]_i_2_n_0
    SLICE_X0Y55          CARRY4 (Prop_carry4_S[0]_CO[3])
                                                      0.532     6.177 r  q_reg_reg[0]_i_1/CO[3]
                         net (fo=1, routed)           0.000     6.177    q_reg_reg[0]_i_1_n_0
    SLICE_X0Y56          CARRY4 (Prop_carry4_CI_CO[3])
                                                      0.114     6.291 r  q_reg_reg[4]_i_1/CO[3]
                         net (fo=1, routed)           0.000     6.291    q_reg_reg[4]_i_1_n_0
    SLICE_X0Y57          CARRY4 (Prop_carry4_CI_CO[3])
                                                      0.114     6.405 r  q_reg_reg[8]_i_1/CO[3]
                         net (fo=1, routed)           0.000     6.405    q_reg_reg[8]_i_1_n_0
    SLICE_X0Y58          CARRY4 (Prop_carry4_CI_O[1])
                                                      0.334     6.739 r  q_reg_reg[12]_i_1/O[1]
                         net (fo=1, routed)           0.000     6.739    q_reg_reg[12]_i_1_n_6
    SLICE_X0Y58          FDRE                                         r  q_reg_reg[13]/D
  -------------------------------------------------------------------    -------------------

                         (clock sys_clk_pin rise edge)
                                                     10.000    10.000 r  
    R2                                                0.000    10.000 r  clk (IN)
                         net (fo=0)                   0.000    10.000    clk
    R2                   IBUF (Prop_ibuf_I_O)         0.814    10.814 r  clk_IBUF_inst/O
                         net (fo=1, routed)           1.862    12.676    clk_IBUF
    BUFGCTRL_X0Y0        BUFG (Prop_bufg_I_O)         0.091    12.767 r  clk_IBUF_BUFG_inst/O
                         net (fo=23, routed)          1.508    14.275    clk_IBUF_BUFG
    SLICE_X0Y58          FDRE                                         r  q_reg_reg[13]/C
                         clock pessimism              0.242    14.517    
                         clock uncertainty           -0.035    14.482    
    SLICE_X0Y58          FDRE (Setup_fdre_C_D)        0.062    14.544    q_reg_reg[13]
  -------------------------------------------------------------------
                         required time                         14.544    
                         arrival time                          -6.739    
  -------------------------------------------------------------------
                         slack                                  7.805    

Slack (MET) :             7.826ns  (required time - arrival time)
  Source:                 q_reg_reg[0]/C
                            (rising edge-triggered cell FDRE clocked by sys_clk_pin  {rise@0.000ns fall@5.000ns period=10.000ns})
  Destination:            q_reg_reg[15]/D
                            (rising edge-triggered cell FDRE clocked by sys_clk_pin  {rise@0.000ns fall@5.000ns period=10.000ns})
  Path Group:             sys_clk_pin
  Path Type:              Setup (Max at Slow Process Corner)
  Requirement:            10.000ns  (sys_clk_pin rise@10.000ns - sys_clk_pin rise@0.000ns)
  Data Path Delay:        2.175ns  (logic 1.653ns (76.009%)  route 0.522ns (23.991%))
  Logic Levels:           5  (CARRY4=4 LUT1=1)
  Clock Path Skew:        -0.026ns (DCD - SCD + CPR)
    Destination Clock Delay (DCD):    4.275ns = ( 14.275 - 10.000 ) 
    Source Clock Delay      (SCD):    4.543ns
    Clock Pessimism Removal (CPR):    0.242ns
  Clock Uncertainty:      0.035ns  ((TSJ^2 + TIJ^2)^1/2 + DJ) / 2 + PE
    Total System Jitter     (TSJ):    0.071ns
    Total Input Jitter      (TIJ):    0.000ns
    Discrete Jitter          (DJ):    0.000ns
    Phase Error              (PE):    0.000ns

    Location             Delay type                Incr(ns)  Path(ns)    Netlist Resource(s)
  -------------------------------------------------------------------    -------------------
                         (clock sys_clk_pin rise edge)
                                                      0.000     0.000 r  
    R2                                                0.000     0.000 r  clk (IN)
                         net (fo=0)                   0.000     0.000    clk
    R2                   IBUF (Prop_ibuf_I_O)         0.854     0.854 r  clk_IBUF_inst/O
                         net (fo=1, routed)           1.967     2.821    clk_IBUF
    BUFGCTRL_X0Y0        BUFG (Prop_bufg_I_O)         0.096     2.917 r  clk_IBUF_BUFG_inst/O
                         net (fo=23, routed)          1.626     4.543    clk_IBUF_BUFG
    SLICE_X0Y55          FDRE                                         r  q_reg_reg[0]/C
  -------------------------------------------------------------------    -------------------
    SLICE_X0Y55          FDRE (Prop_fdre_C_Q)         0.456     4.999 f  q_reg_reg[0]/Q
                         net (fo=2, routed)           0.522     5.521    q_reg_reg[0]
    SLICE_X0Y55          LUT1 (Prop_lut1_I0_O)        0.124     5.645 r  q_reg[0]_i_2/O
                         net (fo=1, routed)           0.000     5.645    q_reg[0]_i_2_n_0
    SLICE_X0Y55          CARRY4 (Prop_carry4_S[0]_CO[3])
                                                      0.532     6.177 r  q_reg_reg[0]_i_1/CO[3]
                         net (fo=1, routed)           0.000     6.177    q_reg_reg[0]_i_1_n_0
    SLICE_X0Y56          CARRY4 (Prop_carry4_CI_CO[3])
                                                      0.114     6.291 r  q_reg_reg[4]_i_1/CO[3]
                         net (fo=1, routed)           0.000     6.291    q_reg_reg[4]_i_1_n_0
    SLICE_X0Y57          CARRY4 (Prop_carry4_CI_CO[3])
                                                      0.114     6.405 r  q_reg_reg[8]_i_1/CO[3]
                         net (fo=1, routed)           0.000     6.405    q_reg_reg[8]_i_1_n_0
    SLICE_X0Y58          CARRY4 (Prop_carry4_CI_O[3])
                                                      0.313     6.718 r  q_reg_reg[12]_i_1/O[3]
                         net (fo=1, routed)           0.000     6.718    q_reg_reg[12]_i_1_n_4
    SLICE_X0Y58          FDRE                                         r  q_reg_reg[15]/D
  -------------------------------------------------------------------    -------------------

                         (clock sys_clk_pin rise edge)
                                                     10.000    10.000 r  
    R2                                                0.000    10.000 r  clk (IN)
                         net (fo=0)                   0.000    10.000    clk
    R2                   IBUF (Prop_ibuf_I_O)         0.814    10.814 r  clk_IBUF_inst/O
                         net (fo=1, routed)           1.862    12.676    clk_IBUF
    BUFGCTRL_X0Y0        BUFG (Prop_bufg_I_O)         0.091    12.767 r  clk_IBUF_BUFG_inst/O
                         net (fo=23, routed)          1.508    14.275    clk_IBUF_BUFG
    SLICE_X0Y58          FDRE                                         r  q_reg_reg[15]/C
                         clock pessimism              0.242    14.517    
                         clock uncertainty           -0.035    14.482    
    SLICE_X0Y58          FDRE (Setup_fdre_C_D)        0.062    14.544    q_reg_reg[15]
  -------------------------------------------------------------------
                         required time                         14.544    
                         arrival time                          -6.718    
  -------------------------------------------------------------------
                         slack                                  7.826    

Slack (MET) :             7.900ns  (required time - arrival time)
  Source:                 q_reg_reg[0]/C
                            (rising edge-triggered cell FDRE clocked by sys_clk_pin  {rise@0.000ns fall@5.000ns period=10.000ns})
  Destination:            q_reg_reg[14]/D
                            (rising edge-triggered cell FDRE clocked by sys_clk_pin  {rise@0.000ns fall@5.000ns period=10.000ns})
  Path Group:             sys_clk_pin
  Path Type:              Setup (Max at Slow Process Corner)
  Requirement:            10.000ns  (sys_clk_pin rise@10.000ns - sys_clk_pin rise@0.000ns)
  Data Path Delay:        2.101ns  (logic 1.579ns (75.164%)  route 0.522ns (24.836%))
  Logic Levels:           5  (CARRY4=4 LUT1=1)
  Clock Path Skew:        -0.026ns (DCD - SCD + CPR)
    Destination Clock Delay (DCD):    4.275ns = ( 14.275 - 10.000 ) 
    Source Clock Delay      (SCD):    4.543ns
    Clock Pessimism Removal (CPR):    0.242ns
  Clock Uncertainty:      0.035ns  ((TSJ^2 + TIJ^2)^1/2 + DJ) / 2 + PE
    Total System Jitter     (TSJ):    0.071ns
    Total Input Jitter      (TIJ):    0.000ns
    Discrete Jitter          (DJ):    0.000ns
    Phase Error              (PE):    0.000ns

    Location             Delay type                Incr(ns)  Path(ns)    Netlist Resource(s)
  -------------------------------------------------------------------    -------------------
                         (clock sys_clk_pin rise edge)
                                                      0.000     0.000 r  
    R2                                                0.000     0.000 r  clk (IN)
                         net (fo=0)                   0.000     0.000    clk
    R2                   IBUF (Prop_ibuf_I_O)         0.854     0.854 r  clk_IBUF_inst/O
                         net (fo=1, routed)           1.967     2.821    clk_IBUF
    BUFGCTRL_X0Y0        BUFG (Prop_bufg_I_O)         0.096     2.917 r  clk_IBUF_BUFG_inst/O
                         net (fo=23, routed)          1.626     4.543    clk_IBUF_BUFG
    SLICE_X0Y55          FDRE                                         r  q_reg_reg[0]/C
  -------------------------------------------------------------------    -------------------
    SLICE_X0Y55          FDRE (Prop_fdre_C_Q)         0.456     4.999 f  q_reg_reg[0]/Q
                         net (fo=2, routed)           0.522     5.521    q_reg_reg[0]
    SLICE_X0Y55          LUT1 (Prop_lut1_I0_O)        0.124     5.645 r  q_reg[0]_i_2/O
                         net (fo=1, routed)           0.000     5.645    q_reg[0]_i_2_n_0
    SLICE_X0Y55          CARRY4 (Prop_carry4_S[0]_CO[3])
                                                      0.532     6.177 r  q_reg_reg[0]_i_1/CO[3]
                         net (fo=1, routed)           0.000     6.177    q_reg_reg[0]_i_1_n_0
    SLICE_X0Y56          CARRY4 (Prop_carry4_CI_CO[3])
                                                      0.114     6.291 r  q_reg_reg[4]_i_1/CO[3]
                         net (fo=1, routed)           0.000     6.291    q_reg_reg[4]_i_1_n_0
    SLICE_X0Y57          CARRY4 (Prop_carry4_CI_CO[3])
                                                      0.114     6.405 r  q_reg_reg[8]_i_1/CO[3]
                         net (fo=1, routed)           0.000     6.405    q_reg_reg[8]_i_1_n_0
    SLICE_X0Y58          CARRY4 (Prop_carry4_CI_O[2])
                                                      0.239     6.644 r  q_reg_reg[12]_i_1/O[2]
                         net (fo=1, routed)           0.000     6.644    q_reg_reg[12]_i_1_n_5
    SLICE_X0Y58          FDRE                                         r  q_reg_reg[14]/D
  -------------------------------------------------------------------    -------------------

                         (clock sys_clk_pin rise edge)
                                                     10.000    10.000 r  
    R2                                                0.000    10.000 r  clk (IN)
                         net (fo=0)                   0.000    10.000    clk
    R2                   IBUF (Prop_ibuf_I_O)         0.814    10.814 r  clk_IBUF_inst/O
                         net (fo=1, routed)           1.862    12.676    clk_IBUF
    BUFGCTRL_X0Y0        BUFG (Prop_bufg_I_O)         0.091    12.767 r  clk_IBUF_BUFG_inst/O
                         net (fo=23, routed)          1.508    14.275    clk_IBUF_BUFG
    SLICE_X0Y58          FDRE                                         r  q_reg_reg[14]/C
                         clock pessimism              0.242    14.517    
                         clock uncertainty           -0.035    14.482    
    SLICE_X0Y58          FDRE (Setup_fdre_C_D)        0.062    14.544    q_reg_reg[14]
  -------------------------------------------------------------------
                         required time                         14.544    
                         arrival time                          -6.644    
  -------------------------------------------------------------------
                         slack                                  7.900    





Min Delay Paths
--------------------------------------------------------------------------------------
Slack (MET) :             0.239ns  (arrival time - required time)
  Source:                 FSM_sequential_state_reg_reg[2]/C
                            (rising edge-triggered cell FDCE clocked by sys_clk_pin  {rise@0.000ns fall@5.000ns period=10.000ns})
  Destination:            FSM_sequential_state_reg_reg[1]/D
                            (rising edge-triggered cell FDCE clocked by sys_clk_pin  {rise@0.000ns fall@5.000ns period=10.000ns})
  Path Group:             sys_clk_pin
  Path Type:              Hold (Min at Fast Process Corner)
  Requirement:            0.000ns  (sys_clk_pin rise@0.000ns - sys_clk_pin rise@0.000ns)
  Data Path Delay:        0.362ns  (logic 0.189ns (52.271%)  route 0.173ns (47.729%))
  Logic Levels:           1  (LUT4=1)
  Clock Path Skew:        0.016ns (DCD - SCD - CPR)
    Destination Clock Delay (DCD):    1.926ns
    Source Clock Delay      (SCD):    1.568ns
    Clock Pessimism Removal (CPR):    0.342ns

    Location             Delay type                Incr(ns)  Path(ns)    Netlist Resource(s)
  -------------------------------------------------------------------    -------------------
                         (clock sys_clk_pin rise edge)
                                                      0.000     0.000 r  
    R2                                                0.000     0.000 r  clk (IN)
                         net (fo=0)                   0.000     0.000    clk
    R2                   IBUF (Prop_ibuf_I_O)         0.320     0.320 r  clk_IBUF_inst/O
                         net (fo=1, routed)           0.631     0.951    clk_IBUF
    BUFGCTRL_X0Y0        BUFG (Prop_bufg_I_O)         0.026     0.977 r  clk_IBUF_BUFG_inst/O
                         net (fo=23, routed)          0.592     1.568    clk_IBUF_BUFG
    SLICE_X1Y57          FDCE                                         r  FSM_sequential_state_reg_reg[2]/C
  -------------------------------------------------------------------    -------------------
    SLICE_X1Y57          FDCE (Prop_fdce_C_Q)         0.141     1.709 f  FSM_sequential_state_reg_reg[2]/Q
                         net (fo=6, routed)           0.173     1.882    state_reg[2]
    SLICE_X1Y58          LUT4 (Prop_lut4_I0_O)        0.048     1.930 r  FSM_sequential_state_reg[1]_i_2/O
                         net (fo=1, routed)           0.000     1.930    state_next__0[1]
    SLICE_X1Y58          FDCE                                         r  FSM_sequential_state_reg_reg[1]/D
  -------------------------------------------------------------------    -------------------

                         (clock sys_clk_pin rise edge)
                                                      0.000     0.000 r  
    R2                                                0.000     0.000 r  clk (IN)
                         net (fo=0)                   0.000     0.000    clk
    R2                   IBUF (Prop_ibuf_I_O)         0.350     0.350 r  clk_IBUF_inst/O
                         net (fo=1, routed)           0.685     1.035    clk_IBUF
    BUFGCTRL_X0Y0        BUFG (Prop_bufg_I_O)         0.029     1.064 r  clk_IBUF_BUFG_inst/O
                         net (fo=23, routed)          0.862     1.926    clk_IBUF_BUFG
    SLICE_X1Y58          FDCE                                         r  FSM_sequential_state_reg_reg[1]/C
                         clock pessimism             -0.342     1.584    
    SLICE_X1Y58          FDCE (Hold_fdce_C_D)         0.107     1.691    FSM_sequential_state_reg_reg[1]
  -------------------------------------------------------------------
                         required time                         -1.691    
                         arrival time                           1.930    
  -------------------------------------------------------------------
                         slack                                  0.239    

Slack (MET) :             0.252ns  (arrival time - required time)
  Source:                 FSM_sequential_state_reg_reg[2]/C
                            (rising edge-triggered cell FDCE clocked by sys_clk_pin  {rise@0.000ns fall@5.000ns period=10.000ns})
  Destination:            FSM_sequential_state_reg_reg[0]/D
                            (rising edge-triggered cell FDCE clocked by sys_clk_pin  {rise@0.000ns fall@5.000ns period=10.000ns})
  Path Group:             sys_clk_pin
  Path Type:              Hold (Min at Fast Process Corner)
  Requirement:            0.000ns  (sys_clk_pin rise@0.000ns - sys_clk_pin rise@0.000ns)
  Data Path Delay:        0.359ns  (logic 0.186ns (51.872%)  route 0.173ns (48.128%))
  Logic Levels:           1  (LUT4=1)
  Clock Path Skew:        0.016ns (DCD - SCD - CPR)
    Destination Clock Delay (DCD):    1.926ns
    Source Clock Delay      (SCD):    1.568ns
    Clock Pessimism Removal (CPR):    0.342ns

    Location             Delay type                Incr(ns)  Path(ns)    Netlist Resource(s)
  -------------------------------------------------------------------    -------------------
                         (clock sys_clk_pin rise edge)
                                                      0.000     0.000 r  
    R2                                                0.000     0.000 r  clk (IN)
                         net (fo=0)                   0.000     0.000    clk
    R2                   IBUF (Prop_ibuf_I_O)         0.320     0.320 r  clk_IBUF_inst/O
                         net (fo=1, routed)           0.631     0.951    clk_IBUF
    BUFGCTRL_X0Y0        BUFG (Prop_bufg_I_O)         0.026     0.977 r  clk_IBUF_BUFG_inst/O
                         net (fo=23, routed)          0.592     1.568    clk_IBUF_BUFG
    SLICE_X1Y57          FDCE                                         r  FSM_sequential_state_reg_reg[2]/C
  -------------------------------------------------------------------    -------------------
    SLICE_X1Y57          FDCE (Prop_fdce_C_Q)         0.141     1.709 f  FSM_sequential_state_reg_reg[2]/Q
                         net (fo=6, routed)           0.173     1.882    state_reg[2]
    SLICE_X1Y58          LUT4 (Prop_lut4_I3_O)        0.045     1.927 r  FSM_sequential_state_reg[0]_i_1/O
                         net (fo=1, routed)           0.000     1.927    state_next__0[0]
    SLICE_X1Y58          FDCE                                         r  FSM_sequential_state_reg_reg[0]/D
  -------------------------------------------------------------------    -------------------

                         (clock sys_clk_pin rise edge)
                                                      0.000     0.000 r  
    R2                                                0.000     0.000 r  clk (IN)
                         net (fo=0)                   0.000     0.000    clk
    R2                   IBUF (Prop_ibuf_I_O)         0.350     0.350 r  clk_IBUF_inst/O
                         net (fo=1, routed)           0.685     1.035    clk_IBUF
    BUFGCTRL_X0Y0        BUFG (Prop_bufg_I_O)         0.029     1.064 r  clk_IBUF_BUFG_inst/O
                         net (fo=23, routed)          0.862     1.926    clk_IBUF_BUFG
    SLICE_X1Y58          FDCE                                         r  FSM_sequential_state_reg_reg[0]/C
                         clock pessimism             -0.342     1.584    
    SLICE_X1Y58          FDCE (Hold_fdce_C_D)         0.091     1.675    FSM_sequential_state_reg_reg[0]
  -------------------------------------------------------------------
                         required time                         -1.675    
                         arrival time                           1.927    
  -------------------------------------------------------------------
                         slack                                  0.252    

Slack (MET) :             0.270ns  (arrival time - required time)
  Source:                 FSM_sequential_state_reg_reg[2]/C
                            (rising edge-triggered cell FDCE clocked by sys_clk_pin  {rise@0.000ns fall@5.000ns period=10.000ns})
  Destination:            FSM_sequential_state_reg_reg[2]/D
                            (rising edge-triggered cell FDCE clocked by sys_clk_pin  {rise@0.000ns fall@5.000ns period=10.000ns})
  Path Group:             sys_clk_pin
  Path Type:              Hold (Min at Fast Process Corner)
  Requirement:            0.000ns  (sys_clk_pin rise@0.000ns - sys_clk_pin rise@0.000ns)
  Data Path Delay:        0.375ns  (logic 0.183ns (48.860%)  route 0.192ns (51.140%))
  Logic Levels:           1  (LUT3=1)
  Clock Path Skew:        0.000ns (DCD - SCD - CPR)
    Destination Clock Delay (DCD):    1.926ns
    Source Clock Delay      (SCD):    1.568ns
    Clock Pessimism Removal (CPR):    0.358ns

    Location             Delay type                Incr(ns)  Path(ns)    Netlist Resource(s)
  -------------------------------------------------------------------    -------------------
                         (clock sys_clk_pin rise edge)
                                                      0.000     0.000 r  
    R2                                                0.000     0.000 r  clk (IN)
                         net (fo=0)                   0.000     0.000    clk
    R2                   IBUF (Prop_ibuf_I_O)         0.320     0.320 r  clk_IBUF_inst/O
                         net (fo=1, routed)           0.631     0.951    clk_IBUF
    BUFGCTRL_X0Y0        BUFG (Prop_bufg_I_O)         0.026     0.977 r  clk_IBUF_BUFG_inst/O
                         net (fo=23, routed)          0.592     1.568    clk_IBUF_BUFG
    SLICE_X1Y57          FDCE                                         r  FSM_sequential_state_reg_reg[2]/C
  -------------------------------------------------------------------    -------------------
    SLICE_X1Y57          FDCE (Prop_fdce_C_Q)         0.141     1.709 r  FSM_sequential_state_reg_reg[2]/Q
                         net (fo=6, routed)           0.192     1.901    state_reg[2]
    SLICE_X1Y57          LUT3 (Prop_lut3_I0_O)        0.042     1.943 r  FSM_sequential_state_reg[2]_i_1/O
                         net (fo=1, routed)           0.000     1.943    FSM_sequential_state_reg[2]_i_1_n_0
    SLICE_X1Y57          FDCE                                         r  FSM_sequential_state_reg_reg[2]/D
  -------------------------------------------------------------------    -------------------

                         (clock sys_clk_pin rise edge)
                                                      0.000     0.000 r  
    R2                                                0.000     0.000 r  clk (IN)
                         net (fo=0)                   0.000     0.000    clk
    R2                   IBUF (Prop_ibuf_I_O)         0.350     0.350 r  clk_IBUF_inst/O
                         net (fo=1, routed)           0.685     1.035    clk_IBUF
    BUFGCTRL_X0Y0        BUFG (Prop_bufg_I_O)         0.029     1.064 r  clk_IBUF_BUFG_inst/O
                         net (fo=23, routed)          0.862     1.926    clk_IBUF_BUFG
    SLICE_X1Y57          FDCE                                         r  FSM_sequential_state_reg_reg[2]/C
                         clock pessimism             -0.358     1.568    
    SLICE_X1Y57          FDCE (Hold_fdce_C_D)         0.105     1.673    FSM_sequential_state_reg_reg[2]
  -------------------------------------------------------------------
                         required time                         -1.673    
                         arrival time                           1.943    
  -------------------------------------------------------------------
                         slack                                  0.270    

Slack (MET) :             0.280ns  (arrival time - required time)
  Source:                 q_reg_reg[10]/C
                            (rising edge-triggered cell FDRE clocked by sys_clk_pin  {rise@0.000ns fall@5.000ns period=10.000ns})
  Destination:            q_reg_reg[10]/D
                            (rising edge-triggered cell FDRE clocked by sys_clk_pin  {rise@0.000ns fall@5.000ns period=10.000ns})
  Path Group:             sys_clk_pin
  Path Type:              Hold (Min at Fast Process Corner)
  Requirement:            0.000ns  (sys_clk_pin rise@0.000ns - sys_clk_pin rise@0.000ns)
  Data Path Delay:        0.385ns  (logic 0.252ns (65.529%)  route 0.133ns (34.471%))
  Logic Levels:           1  (CARRY4=1)
  Clock Path Skew:        0.000ns (DCD - SCD - CPR)
    Destination Clock Delay (DCD):    1.926ns
    Source Clock Delay      (SCD):    1.568ns
    Clock Pessimism Removal (CPR):    0.358ns

    Location             Delay type                Incr(ns)  Path(ns)    Netlist Resource(s)
  -------------------------------------------------------------------    -------------------
                         (clock sys_clk_pin rise edge)
                                                      0.000     0.000 r  
    R2                                                0.000     0.000 r  clk (IN)
                         net (fo=0)                   0.000     0.000    clk
    R2                   IBUF (Prop_ibuf_I_O)         0.320     0.320 r  clk_IBUF_inst/O
                         net (fo=1, routed)           0.631     0.951    clk_IBUF
    BUFGCTRL_X0Y0        BUFG (Prop_bufg_I_O)         0.026     0.977 r  clk_IBUF_BUFG_inst/O
                         net (fo=23, routed)          0.592     1.568    clk_IBUF_BUFG
    SLICE_X0Y57          FDRE                                         r  q_reg_reg[10]/C
  -------------------------------------------------------------------    -------------------
    SLICE_X0Y57          FDRE (Prop_fdre_C_Q)         0.141     1.709 r  q_reg_reg[10]/Q
                         net (fo=2, routed)           0.133     1.842    q_reg_reg[10]
    SLICE_X0Y57          CARRY4 (Prop_carry4_S[2]_O[2])
                                                      0.111     1.953 r  q_reg_reg[8]_i_1/O[2]
                         net (fo=1, routed)           0.000     1.953    q_reg_reg[8]_i_1_n_5
    SLICE_X0Y57          FDRE                                         r  q_reg_reg[10]/D
  -------------------------------------------------------------------    -------------------

                         (clock sys_clk_pin rise edge)
                                                      0.000     0.000 r  
    R2                                                0.000     0.000 r  clk (IN)
                         net (fo=0)                   0.000     0.000    clk
    R2                   IBUF (Prop_ibuf_I_O)         0.350     0.350 r  clk_IBUF_inst/O
                         net (fo=1, routed)           0.685     1.035    clk_IBUF
    BUFGCTRL_X0Y0        BUFG (Prop_bufg_I_O)         0.029     1.064 r  clk_IBUF_BUFG_inst/O
                         net (fo=23, routed)          0.862     1.926    clk_IBUF_BUFG
    SLICE_X0Y57          FDRE                                         r  q_reg_reg[10]/C
                         clock pessimism             -0.358     1.568    
    SLICE_X0Y57          FDRE (Hold_fdre_C_D)         0.105     1.673    q_reg_reg[10]
  -------------------------------------------------------------------
                         required time                         -1.673    
                         arrival time                           1.953    
  -------------------------------------------------------------------
                         slack                                  0.280    

Slack (MET) :             0.280ns  (arrival time - required time)
  Source:                 q_reg_reg[6]/C
                            (rising edge-triggered cell FDRE clocked by sys_clk_pin  {rise@0.000ns fall@5.000ns period=10.000ns})
  Destination:            q_reg_reg[6]/D
                            (rising edge-triggered cell FDRE clocked by sys_clk_pin  {rise@0.000ns fall@5.000ns period=10.000ns})
  Path Group:             sys_clk_pin
  Path Type:              Hold (Min at Fast Process Corner)
  Requirement:            0.000ns  (sys_clk_pin rise@0.000ns - sys_clk_pin rise@0.000ns)
  Data Path Delay:        0.385ns  (logic 0.252ns (65.529%)  route 0.133ns (34.471%))
  Logic Levels:           1  (CARRY4=1)
  Clock Path Skew:        0.000ns (DCD - SCD - CPR)
    Destination Clock Delay (DCD):    1.927ns
    Source Clock Delay      (SCD):    1.569ns
    Clock Pessimism Removal (CPR):    0.358ns

    Location             Delay type                Incr(ns)  Path(ns)    Netlist Resource(s)
  -------------------------------------------------------------------    -------------------
                         (clock sys_clk_pin rise edge)
                                                      0.000     0.000 r  
    R2                                                0.000     0.000 r  clk (IN)
                         net (fo=0)                   0.000     0.000    clk
    R2                   IBUF (Prop_ibuf_I_O)         0.320     0.320 r  clk_IBUF_inst/O
                         net (fo=1, routed)           0.631     0.951    clk_IBUF
    BUFGCTRL_X0Y0        BUFG (Prop_bufg_I_O)         0.026     0.977 r  clk_IBUF_BUFG_inst/O
                         net (fo=23, routed)          0.593     1.569    clk_IBUF_BUFG
    SLICE_X0Y56          FDRE                                         r  q_reg_reg[6]/C
  -------------------------------------------------------------------    -------------------
    SLICE_X0Y56          FDRE (Prop_fdre_C_Q)         0.141     1.710 r  q_reg_reg[6]/Q
                         net (fo=2, routed)           0.133     1.843    q_reg_reg[6]
    SLICE_X0Y56          CARRY4 (Prop_carry4_S[2]_O[2])
                                                      0.111     1.954 r  q_reg_reg[4]_i_1/O[2]
                         net (fo=1, routed)           0.000     1.954    q_reg_reg[4]_i_1_n_5
    SLICE_X0Y56          FDRE                                         r  q_reg_reg[6]/D
  -------------------------------------------------------------------    -------------------

                         (clock sys_clk_pin rise edge)
                                                      0.000     0.000 r  
    R2                                                0.000     0.000 r  clk (IN)
                         net (fo=0)                   0.000     0.000    clk
    R2                   IBUF (Prop_ibuf_I_O)         0.350     0.350 r  clk_IBUF_inst/O
                         net (fo=1, routed)           0.685     1.035    clk_IBUF
    BUFGCTRL_X0Y0        BUFG (Prop_bufg_I_O)         0.029     1.064 r  clk_IBUF_BUFG_inst/O
                         net (fo=23, routed)          0.863     1.927    clk_IBUF_BUFG
    SLICE_X0Y56          FDRE                                         r  q_reg_reg[6]/C
                         clock pessimism             -0.358     1.569    
    SLICE_X0Y56          FDRE (Hold_fdre_C_D)         0.105     1.674    q_reg_reg[6]
  -------------------------------------------------------------------
                         required time                         -1.674    
                         arrival time                           1.954    
  -------------------------------------------------------------------
                         slack                                  0.280    

Slack (MET) :             0.281ns  (arrival time - required time)
  Source:                 q_reg_reg[14]/C
                            (rising edge-triggered cell FDRE clocked by sys_clk_pin  {rise@0.000ns fall@5.000ns period=10.000ns})
  Destination:            q_reg_reg[14]/D
                            (rising edge-triggered cell FDRE clocked by sys_clk_pin  {rise@0.000ns fall@5.000ns period=10.000ns})
  Path Group:             sys_clk_pin
  Path Type:              Hold (Min at Fast Process Corner)
  Requirement:            0.000ns  (sys_clk_pin rise@0.000ns - sys_clk_pin rise@0.000ns)
  Data Path Delay:        0.386ns  (logic 0.252ns (65.354%)  route 0.134ns (34.646%))
  Logic Levels:           1  (CARRY4=1)
  Clock Path Skew:        0.000ns (DCD - SCD - CPR)
    Destination Clock Delay (DCD):    1.926ns
    Source Clock Delay      (SCD):    1.568ns
    Clock Pessimism Removal (CPR):    0.358ns

    Location             Delay type                Incr(ns)  Path(ns)    Netlist Resource(s)
  -------------------------------------------------------------------    -------------------
                         (clock sys_clk_pin rise edge)
                                                      0.000     0.000 r  
    R2                                                0.000     0.000 r  clk (IN)
                         net (fo=0)                   0.000     0.000    clk
    R2                   IBUF (Prop_ibuf_I_O)         0.320     0.320 r  clk_IBUF_inst/O
                         net (fo=1, routed)           0.631     0.951    clk_IBUF
    BUFGCTRL_X0Y0        BUFG (Prop_bufg_I_O)         0.026     0.977 r  clk_IBUF_BUFG_inst/O
                         net (fo=23, routed)          0.592     1.568    clk_IBUF_BUFG
    SLICE_X0Y58          FDRE                                         r  q_reg_reg[14]/C
  -------------------------------------------------------------------    -------------------
    SLICE_X0Y58          FDRE (Prop_fdre_C_Q)         0.141     1.709 r  q_reg_reg[14]/Q
                         net (fo=2, routed)           0.134     1.843    q_reg_reg[14]
    SLICE_X0Y58          CARRY4 (Prop_carry4_S[2]_O[2])
                                                      0.111     1.954 r  q_reg_reg[12]_i_1/O[2]
                         net (fo=1, routed)           0.000     1.954    q_reg_reg[12]_i_1_n_5
    SLICE_X0Y58          FDRE                                         r  q_reg_reg[14]/D
  -------------------------------------------------------------------    -------------------

                         (clock sys_clk_pin rise edge)
                                                      0.000     0.000 r  
    R2                                                0.000     0.000 r  clk (IN)
                         net (fo=0)                   0.000     0.000    clk
    R2                   IBUF (Prop_ibuf_I_O)         0.350     0.350 r  clk_IBUF_inst/O
                         net (fo=1, routed)           0.685     1.035    clk_IBUF
    BUFGCTRL_X0Y0        BUFG (Prop_bufg_I_O)         0.029     1.064 r  clk_IBUF_BUFG_inst/O
                         net (fo=23, routed)          0.862     1.926    clk_IBUF_BUFG
    SLICE_X0Y58          FDRE                                         r  q_reg_reg[14]/C
                         clock pessimism             -0.358     1.568    
    SLICE_X0Y58          FDRE (Hold_fdre_C_D)         0.105     1.673    q_reg_reg[14]
  -------------------------------------------------------------------
                         required time                         -1.673    
                         arrival time                           1.954    
  -------------------------------------------------------------------
                         slack                                  0.281    

Slack (MET) :             0.281ns  (arrival time - required time)
  Source:                 q_reg_reg[18]/C
                            (rising edge-triggered cell FDRE clocked by sys_clk_pin  {rise@0.000ns fall@5.000ns period=10.000ns})
  Destination:            q_reg_reg[18]/D
                            (rising edge-triggered cell FDRE clocked by sys_clk_pin  {rise@0.000ns fall@5.000ns period=10.000ns})
  Path Group:             sys_clk_pin
  Path Type:              Hold (Min at Fast Process Corner)
  Requirement:            0.000ns  (sys_clk_pin rise@0.000ns - sys_clk_pin rise@0.000ns)
  Data Path Delay:        0.386ns  (logic 0.252ns (65.354%)  route 0.134ns (34.646%))
  Logic Levels:           1  (CARRY4=1)
  Clock Path Skew:        0.000ns (DCD - SCD - CPR)
    Destination Clock Delay (DCD):    1.926ns
    Source Clock Delay      (SCD):    1.568ns
    Clock Pessimism Removal (CPR):    0.358ns

    Location             Delay type                Incr(ns)  Path(ns)    Netlist Resource(s)
  -------------------------------------------------------------------    -------------------
                         (clock sys_clk_pin rise edge)
                                                      0.000     0.000 r  
    R2                                                0.000     0.000 r  clk (IN)
                         net (fo=0)                   0.000     0.000    clk
    R2                   IBUF (Prop_ibuf_I_O)         0.320     0.320 r  clk_IBUF_inst/O
                         net (fo=1, routed)           0.631     0.951    clk_IBUF
    BUFGCTRL_X0Y0        BUFG (Prop_bufg_I_O)         0.026     0.977 r  clk_IBUF_BUFG_inst/O
                         net (fo=23, routed)          0.592     1.568    clk_IBUF_BUFG
    SLICE_X0Y59          FDRE                                         r  q_reg_reg[18]/C
  -------------------------------------------------------------------    -------------------
    SLICE_X0Y59          FDRE (Prop_fdre_C_Q)         0.141     1.709 r  q_reg_reg[18]/Q
                         net (fo=2, routed)           0.134     1.843    q_reg_reg[18]
    SLICE_X0Y59          CARRY4 (Prop_carry4_S[2]_O[2])
                                                      0.111     1.954 r  q_reg_reg[16]_i_1/O[2]
                         net (fo=1, routed)           0.000     1.954    q_reg_reg[16]_i_1_n_5
    SLICE_X0Y59          FDRE                                         r  q_reg_reg[18]/D
  -------------------------------------------------------------------    -------------------

                         (clock sys_clk_pin rise edge)
                                                      0.000     0.000 r  
    R2                                                0.000     0.000 r  clk (IN)
                         net (fo=0)                   0.000     0.000    clk
    R2                   IBUF (Prop_ibuf_I_O)         0.350     0.350 r  clk_IBUF_inst/O
                         net (fo=1, routed)           0.685     1.035    clk_IBUF
    BUFGCTRL_X0Y0        BUFG (Prop_bufg_I_O)         0.029     1.064 r  clk_IBUF_BUFG_inst/O
                         net (fo=23, routed)          0.862     1.926    clk_IBUF_BUFG
    SLICE_X0Y59          FDRE                                         r  q_reg_reg[18]/C
                         clock pessimism             -0.358     1.568    
    SLICE_X0Y59          FDRE (Hold_fdre_C_D)         0.105     1.673    q_reg_reg[18]
  -------------------------------------------------------------------
                         required time                         -1.673    
                         arrival time                           1.954    
  -------------------------------------------------------------------
                         slack                                  0.281    

Slack (MET) :             0.281ns  (arrival time - required time)
  Source:                 q_reg_reg[2]/C
                            (rising edge-triggered cell FDRE clocked by sys_clk_pin  {rise@0.000ns fall@5.000ns period=10.000ns})
  Destination:            q_reg_reg[2]/D
                            (rising edge-triggered cell FDRE clocked by sys_clk_pin  {rise@0.000ns fall@5.000ns period=10.000ns})
  Path Group:             sys_clk_pin
  Path Type:              Hold (Min at Fast Process Corner)
  Requirement:            0.000ns  (sys_clk_pin rise@0.000ns - sys_clk_pin rise@0.000ns)
  Data Path Delay:        0.386ns  (logic 0.252ns (65.354%)  route 0.134ns (34.646%))
  Logic Levels:           1  (CARRY4=1)
  Clock Path Skew:        0.000ns (DCD - SCD - CPR)
    Destination Clock Delay (DCD):    1.927ns
    Source Clock Delay      (SCD):    1.569ns
    Clock Pessimism Removal (CPR):    0.358ns

    Location             Delay type                Incr(ns)  Path(ns)    Netlist Resource(s)
  -------------------------------------------------------------------    -------------------
                         (clock sys_clk_pin rise edge)
                                                      0.000     0.000 r  
    R2                                                0.000     0.000 r  clk (IN)
                         net (fo=0)                   0.000     0.000    clk
    R2                   IBUF (Prop_ibuf_I_O)         0.320     0.320 r  clk_IBUF_inst/O
                         net (fo=1, routed)           0.631     0.951    clk_IBUF
    BUFGCTRL_X0Y0        BUFG (Prop_bufg_I_O)         0.026     0.977 r  clk_IBUF_BUFG_inst/O
                         net (fo=23, routed)          0.593     1.569    clk_IBUF_BUFG
    SLICE_X0Y55          FDRE                                         r  q_reg_reg[2]/C
  -------------------------------------------------------------------    -------------------
    SLICE_X0Y55          FDRE (Prop_fdre_C_Q)         0.141     1.710 r  q_reg_reg[2]/Q
                         net (fo=2, routed)           0.134     1.844    q_reg_reg[2]
    SLICE_X0Y55          CARRY4 (Prop_carry4_S[2]_O[2])
                                                      0.111     1.955 r  q_reg_reg[0]_i_1/O[2]
                         net (fo=1, routed)           0.000     1.955    q_reg_reg[0]_i_1_n_5
    SLICE_X0Y55          FDRE                                         r  q_reg_reg[2]/D
  -------------------------------------------------------------------    -------------------

                         (clock sys_clk_pin rise edge)
                                                      0.000     0.000 r  
    R2                                                0.000     0.000 r  clk (IN)
                         net (fo=0)                   0.000     0.000    clk
    R2                   IBUF (Prop_ibuf_I_O)         0.350     0.350 r  clk_IBUF_inst/O
                         net (fo=1, routed)           0.685     1.035    clk_IBUF
    BUFGCTRL_X0Y0        BUFG (Prop_bufg_I_O)         0.029     1.064 r  clk_IBUF_BUFG_inst/O
                         net (fo=23, routed)          0.863     1.927    clk_IBUF_BUFG
    SLICE_X0Y55          FDRE                                         r  q_reg_reg[2]/C
                         clock pessimism             -0.358     1.569    
    SLICE_X0Y55          FDRE (Hold_fdre_C_D)         0.105     1.674    q_reg_reg[2]
  -------------------------------------------------------------------
                         required time                         -1.674    
                         arrival time                           1.955    
  -------------------------------------------------------------------
                         slack                                  0.281    

Slack (MET) :             0.313ns  (arrival time - required time)
  Source:                 q_reg_reg[10]/C
                            (rising edge-triggered cell FDRE clocked by sys_clk_pin  {rise@0.000ns fall@5.000ns period=10.000ns})
  Destination:            q_reg_reg[11]/D
                            (rising edge-triggered cell FDRE clocked by sys_clk_pin  {rise@0.000ns fall@5.000ns period=10.000ns})
  Path Group:             sys_clk_pin
  Path Type:              Hold (Min at Fast Process Corner)
  Requirement:            0.000ns  (sys_clk_pin rise@0.000ns - sys_clk_pin rise@0.000ns)
  Data Path Delay:        0.418ns  (logic 0.285ns (68.254%)  route 0.133ns (31.747%))
  Logic Levels:           1  (CARRY4=1)
  Clock Path Skew:        0.000ns (DCD - SCD - CPR)
    Destination Clock Delay (DCD):    1.926ns
    Source Clock Delay      (SCD):    1.568ns
    Clock Pessimism Removal (CPR):    0.358ns

    Location             Delay type                Incr(ns)  Path(ns)    Netlist Resource(s)
  -------------------------------------------------------------------    -------------------
                         (clock sys_clk_pin rise edge)
                                                      0.000     0.000 r  
    R2                                                0.000     0.000 r  clk (IN)
                         net (fo=0)                   0.000     0.000    clk
    R2                   IBUF (Prop_ibuf_I_O)         0.320     0.320 r  clk_IBUF_inst/O
                         net (fo=1, routed)           0.631     0.951    clk_IBUF
    BUFGCTRL_X0Y0        BUFG (Prop_bufg_I_O)         0.026     0.977 r  clk_IBUF_BUFG_inst/O
                         net (fo=23, routed)          0.592     1.568    clk_IBUF_BUFG
    SLICE_X0Y57          FDRE                                         r  q_reg_reg[10]/C
  -------------------------------------------------------------------    -------------------
    SLICE_X0Y57          FDRE (Prop_fdre_C_Q)         0.141     1.709 r  q_reg_reg[10]/Q
                         net (fo=2, routed)           0.133     1.842    q_reg_reg[10]
    SLICE_X0Y57          CARRY4 (Prop_carry4_S[2]_O[3])
                                                      0.144     1.986 r  q_reg_reg[8]_i_1/O[3]
                         net (fo=1, routed)           0.000     1.986    q_reg_reg[8]_i_1_n_4
    SLICE_X0Y57          FDRE                                         r  q_reg_reg[11]/D
  -------------------------------------------------------------------    -------------------

                         (clock sys_clk_pin rise edge)
                                                      0.000     0.000 r  
    R2                                                0.000     0.000 r  clk (IN)
                         net (fo=0)                   0.000     0.000    clk
    R2                   IBUF (Prop_ibuf_I_O)         0.350     0.350 r  clk_IBUF_inst/O
                         net (fo=1, routed)           0.685     1.035    clk_IBUF
    BUFGCTRL_X0Y0        BUFG (Prop_bufg_I_O)         0.029     1.064 r  clk_IBUF_BUFG_inst/O
                         net (fo=23, routed)          0.862     1.926    clk_IBUF_BUFG
    SLICE_X0Y57          FDRE                                         r  q_reg_reg[11]/C
                         clock pessimism             -0.358     1.568    
    SLICE_X0Y57          FDRE (Hold_fdre_C_D)         0.105     1.673    q_reg_reg[11]
  -------------------------------------------------------------------
                         required time                         -1.673    
                         arrival time                           1.986    
  -------------------------------------------------------------------
                         slack                                  0.313    

Slack (MET) :             0.313ns  (arrival time - required time)
  Source:                 q_reg_reg[6]/C
                            (rising edge-triggered cell FDRE clocked by sys_clk_pin  {rise@0.000ns fall@5.000ns period=10.000ns})
  Destination:            q_reg_reg[7]/D
                            (rising edge-triggered cell FDRE clocked by sys_clk_pin  {rise@0.000ns fall@5.000ns period=10.000ns})
  Path Group:             sys_clk_pin
  Path Type:              Hold (Min at Fast Process Corner)
  Requirement:            0.000ns  (sys_clk_pin rise@0.000ns - sys_clk_pin rise@0.000ns)
  Data Path Delay:        0.418ns  (logic 0.285ns (68.253%)  route 0.133ns (31.747%))
  Logic Levels:           1  (CARRY4=1)
  Clock Path Skew:        0.000ns (DCD - SCD - CPR)
    Destination Clock Delay (DCD):    1.927ns
    Source Clock Delay      (SCD):    1.569ns
    Clock Pessimism Removal (CPR):    0.358ns

    Location             Delay type                Incr(ns)  Path(ns)    Netlist Resource(s)
  -------------------------------------------------------------------    -------------------
                         (clock sys_clk_pin rise edge)
                                                      0.000     0.000 r  
    R2                                                0.000     0.000 r  clk (IN)
                         net (fo=0)                   0.000     0.000    clk
    R2                   IBUF (Prop_ibuf_I_O)         0.320     0.320 r  clk_IBUF_inst/O
                         net (fo=1, routed)           0.631     0.951    clk_IBUF
    BUFGCTRL_X0Y0        BUFG (Prop_bufg_I_O)         0.026     0.977 r  clk_IBUF_BUFG_inst/O
                         net (fo=23, routed)          0.593     1.569    clk_IBUF_BUFG
    SLICE_X0Y56          FDRE                                         r  q_reg_reg[6]/C
  -------------------------------------------------------------------    -------------------
    SLICE_X0Y56          FDRE (Prop_fdre_C_Q)         0.141     1.710 r  q_reg_reg[6]/Q
                         net (fo=2, routed)           0.133     1.843    q_reg_reg[6]
    SLICE_X0Y56          CARRY4 (Prop_carry4_S[2]_O[3])
                                                      0.144     1.987 r  q_reg_reg[4]_i_1/O[3]
                         net (fo=1, routed)           0.000     1.987    q_reg_reg[4]_i_1_n_4
    SLICE_X0Y56          FDRE                                         r  q_reg_reg[7]/D
  -------------------------------------------------------------------    -------------------

                         (clock sys_clk_pin rise edge)
                                                      0.000     0.000 r  
    R2                                                0.000     0.000 r  clk (IN)
                         net (fo=0)                   0.000     0.000    clk
    R2                   IBUF (Prop_ibuf_I_O)         0.350     0.350 r  clk_IBUF_inst/O
                         net (fo=1, routed)           0.685     1.035    clk_IBUF
    BUFGCTRL_X0Y0        BUFG (Prop_bufg_I_O)         0.029     1.064 r  clk_IBUF_BUFG_inst/O
                         net (fo=23, routed)          0.863     1.927    clk_IBUF_BUFG
    SLICE_X0Y56          FDRE                                         r  q_reg_reg[7]/C
                         clock pessimism             -0.358     1.569    
    SLICE_X0Y56          FDRE (Hold_fdre_C_D)         0.105     1.674    q_reg_reg[7]
  -------------------------------------------------------------------
                         required time                         -1.674    
                         arrival time                           1.987    
  -------------------------------------------------------------------
                         slack                                  0.313    





Pulse Width Checks
--------------------------------------------------------------------------------------
Clock Name:         sys_clk_pin
Waveform(ns):       { 0.000 5.000 }
Period(ns):         10.000
Sources:            { clk }

Check Type        Corner  Lib Pin  Reference Pin  Required(ns)  Actual(ns)  Slack(ns)  Location       Pin
Min Period        n/a     BUFG/I   n/a            2.155         10.000      7.845      BUFGCTRL_X0Y0  clk_IBUF_BUFG_inst/I
Min Period        n/a     FDCE/C   n/a            1.000         10.000      9.000      SLICE_X1Y58    FSM_sequential_state_reg_reg[0]/C
Min Period        n/a     FDCE/C   n/a            1.000         10.000      9.000      SLICE_X1Y58    FSM_sequential_state_reg_reg[1]/C
Min Period        n/a     FDCE/C   n/a            1.000         10.000      9.000      SLICE_X1Y57    FSM_sequential_state_reg_reg[2]/C
Min Period        n/a     FDRE/C   n/a            1.000         10.000      9.000      SLICE_X0Y55    q_reg_reg[0]/C
Min Period        n/a     FDRE/C   n/a            1.000         10.000      9.000      SLICE_X0Y57    q_reg_reg[10]/C
Min Period        n/a     FDRE/C   n/a            1.000         10.000      9.000      SLICE_X0Y57    q_reg_reg[11]/C
Min Period        n/a     FDRE/C   n/a            1.000         10.000      9.000      SLICE_X0Y58    q_reg_reg[12]/C
Min Period        n/a     FDRE/C   n/a            1.000         10.000      9.000      SLICE_X0Y58    q_reg_reg[13]/C
Min Period        n/a     FDRE/C   n/a            1.000         10.000      9.000      SLICE_X0Y58    q_reg_reg[14]/C
Low Pulse Width   Slow    FDCE/C   n/a            0.500         5.000       4.500      SLICE_X1Y58    FSM_sequential_state_reg_reg[0]/C
Low Pulse Width   Fast    FDCE/C   n/a            0.500         5.000       4.500      SLICE_X1Y58    FSM_sequential_state_reg_reg[0]/C
Low Pulse Width   Slow    FDCE/C   n/a            0.500         5.000       4.500      SLICE_X1Y58    FSM_sequential_state_reg_reg[1]/C
Low Pulse Width   Fast    FDCE/C   n/a            0.500         5.000       4.500      SLICE_X1Y58    FSM_sequential_state_reg_reg[1]/C
Low Pulse Width   Slow    FDCE/C   n/a            0.500         5.000       4.500      SLICE_X1Y57    FSM_sequential_state_reg_reg[2]/C
Low Pulse Width   Fast    FDCE/C   n/a            0.500         5.000       4.500      SLICE_X1Y57    FSM_sequential_state_reg_reg[2]/C
Low Pulse Width   Slow    FDRE/C   n/a            0.500         5.000       4.500      SLICE_X0Y55    q_reg_reg[0]/C
Low Pulse Width   Fast    FDRE/C   n/a            0.500         5.000       4.500      SLICE_X0Y55    q_reg_reg[0]/C
Low Pulse Width   Slow    FDRE/C   n/a            0.500         5.000       4.500      SLICE_X0Y57    q_reg_reg[10]/C
Low Pulse Width   Fast    FDRE/C   n/a            0.500         5.000       4.500      SLICE_X0Y57    q_reg_reg[10]/C
High Pulse Width  Slow    FDCE/C   n/a            0.500         5.000       4.500      SLICE_X1Y58    FSM_sequential_state_reg_reg[0]/C
High Pulse Width  Fast    FDCE/C   n/a            0.500         5.000       4.500      SLICE_X1Y58    FSM_sequential_state_reg_reg[0]/C
High Pulse Width  Slow    FDCE/C   n/a            0.500         5.000       4.500      SLICE_X1Y58    FSM_sequential_state_reg_reg[1]/C
High Pulse Width  Fast    FDCE/C   n/a            0.500         5.000       4.500      SLICE_X1Y58    FSM_sequential_state_reg_reg[1]/C
High Pulse Width  Slow    FDCE/C   n/a            0.500         5.000       4.500      SLICE_X1Y57    FSM_sequential_state_reg_reg[2]/C
High Pulse Width  Fast    FDCE/C   n/a            0.500         5.000       4.500      SLICE_X1Y57    FSM_sequential_state_reg_reg[2]/C
High Pulse Width  Slow    FDRE/C   n/a            0.500         5.000       4.500      SLICE_X0Y55    q_reg_reg[0]/C
High Pulse Width  Fast    FDRE/C   n/a            0.500         5.000       4.500      SLICE_X0Y55    q_reg_reg[0]/C
High Pulse Width  Slow    FDRE/C   n/a            0.500         5.000       4.500      SLICE_X0Y57    q_reg_reg[10]/C
High Pulse Width  Fast    FDRE/C   n/a            0.500         5.000       4.500      SLICE_X0Y57    q_reg_reg[10]/C



--------------------------------------------------------------------------------------
Path Group:  (none)
From Clock:  
  To Clock:  

Max Delay             1 Endpoint
Min Delay             1 Endpoint
--------------------------------------------------------------------------------------


Max Delay Paths
--------------------------------------------------------------------------------------
Slack:                    inf
  Source:                 sw
                            (input port)
  Destination:            sw_raw
                            (output port)
  Path Group:             (none)
  Path Type:              Max at Slow Process Corner
  Data Path Delay:        7.529ns  (logic 4.970ns (66.010%)  route 2.559ns (33.990%))
  Logic Levels:           2  (IBUF=1 OBUF=1)

    Location             Delay type                Incr(ns)  Path(ns)    Netlist Resource(s)
  -------------------------------------------------------------------    -------------------
    H18                                               0.000     0.000 r  sw (IN)
                         net (fo=0)                   0.000     0.000    sw
    H18                  IBUF (Prop_ibuf_I_O)         1.461     1.461 r  sw_IBUF_inst/O
                         net (fo=5, routed)           2.559     4.020    sw_raw_OBUF
    L18                  OBUF (Prop_obuf_I_O)         3.509     7.529 r  sw_raw_OBUF_inst/O
                         net (fo=0)                   0.000     7.529    sw_raw
    L18                                                               r  sw_raw (OUT)
  -------------------------------------------------------------------    -------------------





Min Delay Paths
--------------------------------------------------------------------------------------
Slack:                    inf
  Source:                 sw
                            (input port)
  Destination:            sw_raw
                            (output port)
  Path Group:             (none)
  Path Type:              Min at Fast Process Corner
  Data Path Delay:        2.073ns  (logic 1.439ns (69.415%)  route 0.634ns (30.585%))
  Logic Levels:           2  (IBUF=1 OBUF=1)

    Location             Delay type                Incr(ns)  Path(ns)    Netlist Resource(s)
  -------------------------------------------------------------------    -------------------
    H18                                               0.000     0.000 r  sw (IN)
                         net (fo=0)                   0.000     0.000    sw
    H18                  IBUF (Prop_ibuf_I_O)         0.229     0.229 r  sw_IBUF_inst/O
                         net (fo=5, routed)           0.634     0.863    sw_raw_OBUF
    L18                  OBUF (Prop_obuf_I_O)         1.210     2.073 r  sw_raw_OBUF_inst/O
                         net (fo=0)                   0.000     2.073    sw_raw
    L18                                                               r  sw_raw (OUT)
  -------------------------------------------------------------------    -------------------





--------------------------------------------------------------------------------------
Path Group:  (none)
From Clock:  sys_clk_pin
  To Clock:  

Max Delay             1 Endpoint
Min Delay             1 Endpoint
--------------------------------------------------------------------------------------


Max Delay Paths
--------------------------------------------------------------------------------------
Slack:                    inf
  Source:                 FSM_sequential_state_reg_reg[1]/C
                            (rising edge-triggered cell FDCE clocked by sys_clk_pin  {rise@0.000ns fall@5.000ns period=10.000ns})
  Destination:            db
                            (output port)
  Path Group:             (none)
  Path Type:              Max at Slow Process Corner
  Data Path Delay:        7.397ns  (logic 4.233ns (57.220%)  route 3.165ns (42.780%))
  Logic Levels:           2  (LUT3=1 OBUF=1)
  Clock Uncertainty:      0.025ns  ((TSJ^2 + TIJ^2)^1/2 + DJ) / 2 + PE
    Total System Jitter     (TSJ):    0.050ns
    Total Input Jitter      (TIJ):    0.000ns
    Discrete Jitter          (DJ):    0.000ns
    Phase Error              (PE):    0.000ns

    Location             Delay type                Incr(ns)  Path(ns)    Netlist Resource(s)
  -------------------------------------------------------------------    -------------------
                         (clock sys_clk_pin rise edge)
                                                      0.000     0.000 r  
    R2                                                0.000     0.000 r  clk (IN)
                         net (fo=0)                   0.000     0.000    clk
    R2                   IBUF (Prop_ibuf_I_O)         0.854     0.854 r  clk_IBUF_inst/O
                         net (fo=1, routed)           1.967     2.821    clk_IBUF
    BUFGCTRL_X0Y0        BUFG (Prop_bufg_I_O)         0.096     2.917 r  clk_IBUF_BUFG_inst/O
                         net (fo=23, routed)          1.625     4.542    clk_IBUF_BUFG
    SLICE_X1Y58          FDCE                                         r  FSM_sequential_state_reg_reg[1]/C
  -------------------------------------------------------------------    -------------------
    SLICE_X1Y58          FDCE (Prop_fdce_C_Q)         0.419     4.961 r  FSM_sequential_state_reg_reg[1]/Q
                         net (fo=5, routed)           1.028     5.989    state_reg[1]
    SLICE_X1Y57          LUT3 (Prop_lut3_I1_O)        0.299     6.288 r  db_OBUF_inst_i_1/O
                         net (fo=1, routed)           2.136     8.424    db_OBUF
    L17                  OBUF (Prop_obuf_I_O)         3.515    11.939 r  db_OBUF_inst/O
                         net (fo=0)                   0.000    11.939    db
    L17                                                               r  db (OUT)
  -------------------------------------------------------------------    -------------------





Min Delay Paths
--------------------------------------------------------------------------------------
Slack:                    inf
  Source:                 FSM_sequential_state_reg_reg[2]/C
                            (rising edge-triggered cell FDCE clocked by sys_clk_pin  {rise@0.000ns fall@5.000ns period=10.000ns})
  Destination:            db
                            (output port)
  Path Group:             (none)
  Path Type:              Min at Fast Process Corner
  Data Path Delay:        2.118ns  (logic 1.402ns (66.171%)  route 0.717ns (33.829%))
  Logic Levels:           2  (LUT3=1 OBUF=1)
  Clock Uncertainty:      0.025ns  ((TSJ^2 + TIJ^2)^1/2 + DJ) / 2 + PE
    Total System Jitter     (TSJ):    0.050ns
    Total Input Jitter      (TIJ):    0.000ns
    Discrete Jitter          (DJ):    0.000ns
    Phase Error              (PE):    0.000ns

    Location             Delay type                Incr(ns)  Path(ns)    Netlist Resource(s)
  -------------------------------------------------------------------    -------------------
                         (clock sys_clk_pin rise edge)
                                                      0.000     0.000 r  
    R2                                                0.000     0.000 r  clk (IN)
                         net (fo=0)                   0.000     0.000    clk
    R2                   IBUF (Prop_ibuf_I_O)         0.320     0.320 r  clk_IBUF_inst/O
                         net (fo=1, routed)           0.631     0.951    clk_IBUF
    BUFGCTRL_X0Y0        BUFG (Prop_bufg_I_O)         0.026     0.977 r  clk_IBUF_BUFG_inst/O
                         net (fo=23, routed)          0.592     1.568    clk_IBUF_BUFG
    SLICE_X1Y57          FDCE                                         r  FSM_sequential_state_reg_reg[2]/C
  -------------------------------------------------------------------    -------------------
    SLICE_X1Y57          FDCE (Prop_fdce_C_Q)         0.141     1.709 r  FSM_sequential_state_reg_reg[2]/Q
                         net (fo=6, routed)           0.192     1.901    state_reg[2]
    SLICE_X1Y57          LUT3 (Prop_lut3_I0_O)        0.045     1.946 r  db_OBUF_inst_i_1/O
                         net (fo=1, routed)           0.525     2.471    db_OBUF
    L17                  OBUF (Prop_obuf_I_O)         1.216     3.687 r  db_OBUF_inst/O
                         net (fo=0)                   0.000     3.687    db
    L17                                                               r  db (OUT)
  -------------------------------------------------------------------    -------------------





--------------------------------------------------------------------------------------
Path Group:  (none)
From Clock:  
  To Clock:  sys_clk_pin

Max Delay             8 Endpoints
Min Delay             8 Endpoints
--------------------------------------------------------------------------------------


Max Delay Paths
--------------------------------------------------------------------------------------
Slack:                    inf
  Source:                 sw
                            (input port)
  Destination:            FSM_sequential_state_reg_reg[2]/D
                            (rising edge-triggered cell FDCE clocked by sys_clk_pin  {rise@0.000ns fall@5.000ns period=10.000ns})
  Path Group:             (none)
  Path Type:              Setup (Max at Slow Process Corner)
  Data Path Delay:        3.713ns  (logic 1.703ns (45.852%)  route 2.011ns (54.148%))
  Logic Levels:           3  (IBUF=1 LUT3=1 LUT6=1)
  Clock Path Skew:        4.275ns (DCD - SCD + CPR)
    Destination Clock Delay (DCD):    4.275ns
    Source Clock Delay      (SCD):    0.000ns
    Clock Pessimism Removal (CPR):    0.000ns
  Clock Uncertainty:      0.025ns  ((TSJ^2 + TIJ^2)^1/2 + DJ) / 2 + PE
    Total System Jitter     (TSJ):    0.050ns
    Total Input Jitter      (TIJ):    0.000ns
    Discrete Jitter          (DJ):    0.000ns
    Phase Error              (PE):    0.000ns

    Location             Delay type                Incr(ns)  Path(ns)    Netlist Resource(s)
  -------------------------------------------------------------------    -------------------
    H18                                               0.000     0.000 f  sw (IN)
                         net (fo=0)                   0.000     0.000    sw
    H18                  IBUF (Prop_ibuf_I_O)         1.461     1.461 f  sw_IBUF_inst/O
                         net (fo=5, routed)           1.542     3.002    sw_raw_OBUF
    SLICE_X1Y57          LUT6 (Prop_lut6_I3_O)        0.124     3.126 r  FSM_sequential_state_reg[2]_i_2/O
                         net (fo=1, routed)           0.469     3.595    state_next__0[2]
    SLICE_X1Y57          LUT3 (Prop_lut3_I1_O)        0.118     3.713 r  FSM_sequential_state_reg[2]_i_1/O
                         net (fo=1, routed)           0.000     3.713    FSM_sequential_state_reg[2]_i_1_n_0
    SLICE_X1Y57          FDCE                                         r  FSM_sequential_state_reg_reg[2]/D
  -------------------------------------------------------------------    -------------------

                         (clock sys_clk_pin rise edge)
                                                      0.000     0.000 r  
    R2                                                0.000     0.000 r  clk (IN)
                         net (fo=0)                   0.000     0.000    clk
    R2                   IBUF (Prop_ibuf_I_O)         0.814     0.814 r  clk_IBUF_inst/O
                         net (fo=1, routed)           1.862     2.676    clk_IBUF
    BUFGCTRL_X0Y0        BUFG (Prop_bufg_I_O)         0.091     2.767 r  clk_IBUF_BUFG_inst/O
                         net (fo=23, routed)          1.508     4.275    clk_IBUF_BUFG
    SLICE_X1Y57          FDCE                                         r  FSM_sequential_state_reg_reg[2]/C

Slack:                    inf
  Source:                 sw
                            (input port)
  Destination:            FSM_sequential_state_reg_reg[0]/CE
                            (rising edge-triggered cell FDCE clocked by sys_clk_pin  {rise@0.000ns fall@5.000ns period=10.000ns})
  Path Group:             (none)
  Path Type:              Setup (Max at Slow Process Corner)
  Data Path Delay:        3.068ns  (logic 1.585ns (51.653%)  route 1.483ns (48.347%))
  Logic Levels:           2  (IBUF=1 LUT6=1)
  Clock Path Skew:        4.275ns (DCD - SCD + CPR)
    Destination Clock Delay (DCD):    4.275ns
    Source Clock Delay      (SCD):    0.000ns
    Clock Pessimism Removal (CPR):    0.000ns
  Clock Uncertainty:      0.025ns  ((TSJ^2 + TIJ^2)^1/2 + DJ) / 2 + PE
    Total System Jitter     (TSJ):    0.050ns
    Total Input Jitter      (TIJ):    0.000ns
    Discrete Jitter          (DJ):    0.000ns
    Phase Error              (PE):    0.000ns

    Location             Delay type                Incr(ns)  Path(ns)    Netlist Resource(s)
  -------------------------------------------------------------------    -------------------
    H18                                               0.000     0.000 r  sw (IN)
                         net (fo=0)                   0.000     0.000    sw
    H18                  IBUF (Prop_ibuf_I_O)         1.461     1.461 r  sw_IBUF_inst/O
                         net (fo=5, routed)           1.141     2.601    sw_raw_OBUF
    SLICE_X1Y57          LUT6 (Prop_lut6_I0_O)        0.124     2.725 r  FSM_sequential_state_reg[1]_i_1/O
                         net (fo=3, routed)           0.343     3.068    FSM_sequential_state_reg[1]_i_1_n_0
    SLICE_X1Y58          FDCE                                         r  FSM_sequential_state_reg_reg[0]/CE
  -------------------------------------------------------------------    -------------------

                         (clock sys_clk_pin rise edge)
                                                      0.000     0.000 r  
    R2                                                0.000     0.000 r  clk (IN)
                         net (fo=0)                   0.000     0.000    clk
    R2                   IBUF (Prop_ibuf_I_O)         0.814     0.814 r  clk_IBUF_inst/O
                         net (fo=1, routed)           1.862     2.676    clk_IBUF
    BUFGCTRL_X0Y0        BUFG (Prop_bufg_I_O)         0.091     2.767 r  clk_IBUF_BUFG_inst/O
                         net (fo=23, routed)          1.508     4.275    clk_IBUF_BUFG
    SLICE_X1Y58          FDCE                                         r  FSM_sequential_state_reg_reg[0]/C

Slack:                    inf
  Source:                 sw
                            (input port)
  Destination:            FSM_sequential_state_reg_reg[1]/CE
                            (rising edge-triggered cell FDCE clocked by sys_clk_pin  {rise@0.000ns fall@5.000ns period=10.000ns})
  Path Group:             (none)
  Path Type:              Setup (Max at Slow Process Corner)
  Data Path Delay:        3.068ns  (logic 1.585ns (51.653%)  route 1.483ns (48.347%))
  Logic Levels:           2  (IBUF=1 LUT6=1)
  Clock Path Skew:        4.275ns (DCD - SCD + CPR)
    Destination Clock Delay (DCD):    4.275ns
    Source Clock Delay      (SCD):    0.000ns
    Clock Pessimism Removal (CPR):    0.000ns
  Clock Uncertainty:      0.025ns  ((TSJ^2 + TIJ^2)^1/2 + DJ) / 2 + PE
    Total System Jitter     (TSJ):    0.050ns
    Total Input Jitter      (TIJ):    0.000ns
    Discrete Jitter          (DJ):    0.000ns
    Phase Error              (PE):    0.000ns

    Location             Delay type                Incr(ns)  Path(ns)    Netlist Resource(s)
  -------------------------------------------------------------------    -------------------
    H18                                               0.000     0.000 r  sw (IN)
                         net (fo=0)                   0.000     0.000    sw
    H18                  IBUF (Prop_ibuf_I_O)         1.461     1.461 r  sw_IBUF_inst/O
                         net (fo=5, routed)           1.141     2.601    sw_raw_OBUF
    SLICE_X1Y57          LUT6 (Prop_lut6_I0_O)        0.124     2.725 r  FSM_sequential_state_reg[1]_i_1/O
                         net (fo=3, routed)           0.343     3.068    FSM_sequential_state_reg[1]_i_1_n_0
    SLICE_X1Y58          FDCE                                         r  FSM_sequential_state_reg_reg[1]/CE
  -------------------------------------------------------------------    -------------------

                         (clock sys_clk_pin rise edge)
                                                      0.000     0.000 r  
    R2                                                0.000     0.000 r  clk (IN)
                         net (fo=0)                   0.000     0.000    clk
    R2                   IBUF (Prop_ibuf_I_O)         0.814     0.814 r  clk_IBUF_inst/O
                         net (fo=1, routed)           1.862     2.676    clk_IBUF
    BUFGCTRL_X0Y0        BUFG (Prop_bufg_I_O)         0.091     2.767 r  clk_IBUF_BUFG_inst/O
                         net (fo=23, routed)          1.508     4.275    clk_IBUF_BUFG
    SLICE_X1Y58          FDCE                                         r  FSM_sequential_state_reg_reg[1]/C

Slack:                    inf
  Source:                 sw
                            (input port)
  Destination:            FSM_sequential_state_reg_reg[1]/D
                            (rising edge-triggered cell FDCE clocked by sys_clk_pin  {rise@0.000ns fall@5.000ns period=10.000ns})
  Path Group:             (none)
  Path Type:              Setup (Max at Slow Process Corner)
  Data Path Delay:        2.770ns  (logic 1.611ns (58.144%)  route 1.159ns (41.856%))
  Logic Levels:           2  (IBUF=1 LUT4=1)
  Clock Path Skew:        4.275ns (DCD - SCD + CPR)
    Destination Clock Delay (DCD):    4.275ns
    Source Clock Delay      (SCD):    0.000ns
    Clock Pessimism Removal (CPR):    0.000ns
  Clock Uncertainty:      0.025ns  ((TSJ^2 + TIJ^2)^1/2 + DJ) / 2 + PE
    Total System Jitter     (TSJ):    0.050ns
    Total Input Jitter      (TIJ):    0.000ns
    Discrete Jitter          (DJ):    0.000ns
    Phase Error              (PE):    0.000ns

    Location             Delay type                Incr(ns)  Path(ns)    Netlist Resource(s)
  -------------------------------------------------------------------    -------------------
    H18                                               0.000     0.000 f  sw (IN)
                         net (fo=0)                   0.000     0.000    sw
    H18                  IBUF (Prop_ibuf_I_O)         1.461     1.461 f  sw_IBUF_inst/O
                         net (fo=5, routed)           1.159     2.620    sw_raw_OBUF
    SLICE_X1Y58          LUT4 (Prop_lut4_I3_O)        0.150     2.770 r  FSM_sequential_state_reg[1]_i_2/O
                         net (fo=1, routed)           0.000     2.770    state_next__0[1]
    SLICE_X1Y58          FDCE                                         r  FSM_sequential_state_reg_reg[1]/D
  -------------------------------------------------------------------    -------------------

                         (clock sys_clk_pin rise edge)
                                                      0.000     0.000 r  
    R2                                                0.000     0.000 r  clk (IN)
                         net (fo=0)                   0.000     0.000    clk
    R2                   IBUF (Prop_ibuf_I_O)         0.814     0.814 r  clk_IBUF_inst/O
                         net (fo=1, routed)           1.862     2.676    clk_IBUF
    BUFGCTRL_X0Y0        BUFG (Prop_bufg_I_O)         0.091     2.767 r  clk_IBUF_BUFG_inst/O
                         net (fo=23, routed)          1.508     4.275    clk_IBUF_BUFG
    SLICE_X1Y58          FDCE                                         r  FSM_sequential_state_reg_reg[1]/C

Slack:                    inf
  Source:                 reset
                            (input port)
  Destination:            FSM_sequential_state_reg_reg[2]/CLR
                            (recovery check against rising-edge clock sys_clk_pin  {rise@0.000ns fall@5.000ns period=10.000ns})
  Path Group:             (none)
  Path Type:              Recovery (Max at Slow Process Corner)
  Data Path Delay:        2.770ns  (logic 1.466ns (52.915%)  route 1.304ns (47.085%))
  Logic Levels:           1  (IBUF=1)
  Clock Path Skew:        4.275ns (DCD - SCD + CPR)
    Destination Clock Delay (DCD):    4.275ns
    Source Clock Delay      (SCD):    0.000ns
    Clock Pessimism Removal (CPR):    0.000ns
  Clock Uncertainty:      0.025ns  ((TSJ^2 + TIJ^2)^1/2 + DJ) / 2 + PE
    Total System Jitter     (TSJ):    0.050ns
    Total Input Jitter      (TIJ):    0.000ns
    Discrete Jitter          (DJ):    0.000ns
    Phase Error              (PE):    0.000ns

    Location             Delay type                Incr(ns)  Path(ns)    Netlist Resource(s)
  -------------------------------------------------------------------    -------------------
    G15                                               0.000     0.000 f  reset (IN)
                         net (fo=0)                   0.000     0.000    reset
    G15                  IBUF (Prop_ibuf_I_O)         1.466     1.466 f  reset_IBUF_inst/O
                         net (fo=3, routed)           1.304     2.770    reset_IBUF
    SLICE_X1Y57          FDCE                                         f  FSM_sequential_state_reg_reg[2]/CLR
  -------------------------------------------------------------------    -------------------

                         (clock sys_clk_pin rise edge)
                                                      0.000     0.000 r  
    R2                                                0.000     0.000 r  clk (IN)
                         net (fo=0)                   0.000     0.000    clk
    R2                   IBUF (Prop_ibuf_I_O)         0.814     0.814 r  clk_IBUF_inst/O
                         net (fo=1, routed)           1.862     2.676    clk_IBUF
    BUFGCTRL_X0Y0        BUFG (Prop_bufg_I_O)         0.091     2.767 r  clk_IBUF_BUFG_inst/O
                         net (fo=23, routed)          1.508     4.275    clk_IBUF_BUFG
    SLICE_X1Y57          FDCE                                         r  FSM_sequential_state_reg_reg[2]/C

Slack:                    inf
  Source:                 sw
                            (input port)
  Destination:            FSM_sequential_state_reg_reg[0]/D
                            (rising edge-triggered cell FDCE clocked by sys_clk_pin  {rise@0.000ns fall@5.000ns period=10.000ns})
  Path Group:             (none)
  Path Type:              Setup (Max at Slow Process Corner)
  Data Path Delay:        2.744ns  (logic 1.585ns (57.748%)  route 1.159ns (42.252%))
  Logic Levels:           2  (IBUF=1 LUT4=1)
  Clock Path Skew:        4.275ns (DCD - SCD + CPR)
    Destination Clock Delay (DCD):    4.275ns
    Source Clock Delay      (SCD):    0.000ns
    Clock Pessimism Removal (CPR):    0.000ns
  Clock Uncertainty:      0.025ns  ((TSJ^2 + TIJ^2)^1/2 + DJ) / 2 + PE
    Total System Jitter     (TSJ):    0.050ns
    Total Input Jitter      (TIJ):    0.000ns
    Discrete Jitter          (DJ):    0.000ns
    Phase Error              (PE):    0.000ns

    Location             Delay type                Incr(ns)  Path(ns)    Netlist Resource(s)
  -------------------------------------------------------------------    -------------------
    H18                                               0.000     0.000 r  sw (IN)
                         net (fo=0)                   0.000     0.000    sw
    H18                  IBUF (Prop_ibuf_I_O)         1.461     1.461 r  sw_IBUF_inst/O
                         net (fo=5, routed)           1.159     2.620    sw_raw_OBUF
    SLICE_X1Y58          LUT4 (Prop_lut4_I1_O)        0.124     2.744 r  FSM_sequential_state_reg[0]_i_1/O
                         net (fo=1, routed)           0.000     2.744    state_next__0[0]
    SLICE_X1Y58          FDCE                                         r  FSM_sequential_state_reg_reg[0]/D
  -------------------------------------------------------------------    -------------------

                         (clock sys_clk_pin rise edge)
                                                      0.000     0.000 r  
    R2                                                0.000     0.000 r  clk (IN)
                         net (fo=0)                   0.000     0.000    clk
    R2                   IBUF (Prop_ibuf_I_O)         0.814     0.814 r  clk_IBUF_inst/O
                         net (fo=1, routed)           1.862     2.676    clk_IBUF
    BUFGCTRL_X0Y0        BUFG (Prop_bufg_I_O)         0.091     2.767 r  clk_IBUF_BUFG_inst/O
                         net (fo=23, routed)          1.508     4.275    clk_IBUF_BUFG
    SLICE_X1Y58          FDCE                                         r  FSM_sequential_state_reg_reg[0]/C

Slack:                    inf
  Source:                 reset
                            (input port)
  Destination:            FSM_sequential_state_reg_reg[0]/CLR
                            (recovery check against rising-edge clock sys_clk_pin  {rise@0.000ns fall@5.000ns period=10.000ns})
  Path Group:             (none)
  Path Type:              Recovery (Max at Slow Process Corner)
  Data Path Delay:        2.630ns  (logic 1.466ns (55.729%)  route 1.164ns (44.271%))
  Logic Levels:           1  (IBUF=1)
  Clock Path Skew:        4.275ns (DCD - SCD + CPR)
    Destination Clock Delay (DCD):    4.275ns
    Source Clock Delay      (SCD):    0.000ns
    Clock Pessimism Removal (CPR):    0.000ns
  Clock Uncertainty:      0.025ns  ((TSJ^2 + TIJ^2)^1/2 + DJ) / 2 + PE
    Total System Jitter     (TSJ):    0.050ns
    Total Input Jitter      (TIJ):    0.000ns
    Discrete Jitter          (DJ):    0.000ns
    Phase Error              (PE):    0.000ns

    Location             Delay type                Incr(ns)  Path(ns)    Netlist Resource(s)
  -------------------------------------------------------------------    -------------------
    G15                                               0.000     0.000 f  reset (IN)
                         net (fo=0)                   0.000     0.000    reset
    G15                  IBUF (Prop_ibuf_I_O)         1.466     1.466 f  reset_IBUF_inst/O
                         net (fo=3, routed)           1.164     2.630    reset_IBUF
    SLICE_X1Y58          FDCE                                         f  FSM_sequential_state_reg_reg[0]/CLR
  -------------------------------------------------------------------    -------------------

                         (clock sys_clk_pin rise edge)
                                                      0.000     0.000 r  
    R2                                                0.000     0.000 r  clk (IN)
                         net (fo=0)                   0.000     0.000    clk
    R2                   IBUF (Prop_ibuf_I_O)         0.814     0.814 r  clk_IBUF_inst/O
                         net (fo=1, routed)           1.862     2.676    clk_IBUF
    BUFGCTRL_X0Y0        BUFG (Prop_bufg_I_O)         0.091     2.767 r  clk_IBUF_BUFG_inst/O
                         net (fo=23, routed)          1.508     4.275    clk_IBUF_BUFG
    SLICE_X1Y58          FDCE                                         r  FSM_sequential_state_reg_reg[0]/C

Slack:                    inf
  Source:                 reset
                            (input port)
  Destination:            FSM_sequential_state_reg_reg[1]/CLR
                            (recovery check against rising-edge clock sys_clk_pin  {rise@0.000ns fall@5.000ns period=10.000ns})
  Path Group:             (none)
  Path Type:              Recovery (Max at Slow Process Corner)
  Data Path Delay:        2.630ns  (logic 1.466ns (55.729%)  route 1.164ns (44.271%))
  Logic Levels:           1  (IBUF=1)
  Clock Path Skew:        4.275ns (DCD - SCD + CPR)
    Destination Clock Delay (DCD):    4.275ns
    Source Clock Delay      (SCD):    0.000ns
    Clock Pessimism Removal (CPR):    0.000ns
  Clock Uncertainty:      0.025ns  ((TSJ^2 + TIJ^2)^1/2 + DJ) / 2 + PE
    Total System Jitter     (TSJ):    0.050ns
    Total Input Jitter      (TIJ):    0.000ns
    Discrete Jitter          (DJ):    0.000ns
    Phase Error              (PE):    0.000ns

    Location             Delay type                Incr(ns)  Path(ns)    Netlist Resource(s)
  -------------------------------------------------------------------    -------------------
    G15                                               0.000     0.000 f  reset (IN)
                         net (fo=0)                   0.000     0.000    reset
    G15                  IBUF (Prop_ibuf_I_O)         1.466     1.466 f  reset_IBUF_inst/O
                         net (fo=3, routed)           1.164     2.630    reset_IBUF
    SLICE_X1Y58          FDCE                                         f  FSM_sequential_state_reg_reg[1]/CLR
  -------------------------------------------------------------------    -------------------

                         (clock sys_clk_pin rise edge)
                                                      0.000     0.000 r  
    R2                                                0.000     0.000 r  clk (IN)
                         net (fo=0)                   0.000     0.000    clk
    R2                   IBUF (Prop_ibuf_I_O)         0.814     0.814 r  clk_IBUF_inst/O
                         net (fo=1, routed)           1.862     2.676    clk_IBUF
    BUFGCTRL_X0Y0        BUFG (Prop_bufg_I_O)         0.091     2.767 r  clk_IBUF_BUFG_inst/O
                         net (fo=23, routed)          1.508     4.275    clk_IBUF_BUFG
    SLICE_X1Y58          FDCE                                         r  FSM_sequential_state_reg_reg[1]/C





Min Delay Paths
--------------------------------------------------------------------------------------
Slack:                    inf
  Source:                 reset
                            (input port)
  Destination:            FSM_sequential_state_reg_reg[0]/CLR
                            (removal check against rising-edge clock sys_clk_pin  {rise@0.000ns fall@5.000ns period=10.000ns})
  Path Group:             (none)
  Path Type:              Removal (Min at Fast Process Corner)
  Data Path Delay:        0.692ns  (logic 0.234ns (33.763%)  route 0.458ns (66.237%))
  Logic Levels:           1  (IBUF=1)
  Clock Path Skew:        1.926ns (DCD - SCD - CPR)
    Destination Clock Delay (DCD):    1.926ns
    Source Clock Delay      (SCD):    0.000ns
    Clock Pessimism Removal (CPR):    -0.000ns

    Location             Delay type                Incr(ns)  Path(ns)    Netlist Resource(s)
  -------------------------------------------------------------------    -------------------
    G15                                               0.000     0.000 f  reset (IN)
                         net (fo=0)                   0.000     0.000    reset
    G15                  IBUF (Prop_ibuf_I_O)         0.234     0.234 f  reset_IBUF_inst/O
                         net (fo=3, routed)           0.458     0.692    reset_IBUF
    SLICE_X1Y58          FDCE                                         f  FSM_sequential_state_reg_reg[0]/CLR
  -------------------------------------------------------------------    -------------------

                         (clock sys_clk_pin rise edge)
                                                      0.000     0.000 r  
    R2                                                0.000     0.000 r  clk (IN)
                         net (fo=0)                   0.000     0.000    clk
    R2                   IBUF (Prop_ibuf_I_O)         0.350     0.350 r  clk_IBUF_inst/O
                         net (fo=1, routed)           0.685     1.035    clk_IBUF
    BUFGCTRL_X0Y0        BUFG (Prop_bufg_I_O)         0.029     1.064 r  clk_IBUF_BUFG_inst/O
                         net (fo=23, routed)          0.862     1.926    clk_IBUF_BUFG
    SLICE_X1Y58          FDCE                                         r  FSM_sequential_state_reg_reg[0]/C

Slack:                    inf
  Source:                 reset
                            (input port)
  Destination:            FSM_sequential_state_reg_reg[1]/CLR
                            (removal check against rising-edge clock sys_clk_pin  {rise@0.000ns fall@5.000ns period=10.000ns})
  Path Group:             (none)
  Path Type:              Removal (Min at Fast Process Corner)
  Data Path Delay:        0.692ns  (logic 0.234ns (33.763%)  route 0.458ns (66.237%))
  Logic Levels:           1  (IBUF=1)
  Clock Path Skew:        1.926ns (DCD - SCD - CPR)
    Destination Clock Delay (DCD):    1.926ns
    Source Clock Delay      (SCD):    0.000ns
    Clock Pessimism Removal (CPR):    -0.000ns

    Location             Delay type                Incr(ns)  Path(ns)    Netlist Resource(s)
  -------------------------------------------------------------------    -------------------
    G15                                               0.000     0.000 f  reset (IN)
                         net (fo=0)                   0.000     0.000    reset
    G15                  IBUF (Prop_ibuf_I_O)         0.234     0.234 f  reset_IBUF_inst/O
                         net (fo=3, routed)           0.458     0.692    reset_IBUF
    SLICE_X1Y58          FDCE                                         f  FSM_sequential_state_reg_reg[1]/CLR
  -------------------------------------------------------------------    -------------------

                         (clock sys_clk_pin rise edge)
                                                      0.000     0.000 r  
    R2                                                0.000     0.000 r  clk (IN)
                         net (fo=0)                   0.000     0.000    clk
    R2                   IBUF (Prop_ibuf_I_O)         0.350     0.350 r  clk_IBUF_inst/O
                         net (fo=1, routed)           0.685     1.035    clk_IBUF
    BUFGCTRL_X0Y0        BUFG (Prop_bufg_I_O)         0.029     1.064 r  clk_IBUF_BUFG_inst/O
                         net (fo=23, routed)          0.862     1.926    clk_IBUF_BUFG
    SLICE_X1Y58          FDCE                                         r  FSM_sequential_state_reg_reg[1]/C

Slack:                    inf
  Source:                 sw
                            (input port)
  Destination:            FSM_sequential_state_reg_reg[0]/D
                            (rising edge-triggered cell FDCE clocked by sys_clk_pin  {rise@0.000ns fall@5.000ns period=10.000ns})
  Path Group:             (none)
  Path Type:              Hold (Min at Fast Process Corner)
  Data Path Delay:        0.722ns  (logic 0.274ns (37.902%)  route 0.448ns (62.098%))
  Logic Levels:           2  (IBUF=1 LUT4=1)
  Clock Path Skew:        1.926ns (DCD - SCD - CPR)
    Destination Clock Delay (DCD):    1.926ns
    Source Clock Delay      (SCD):    0.000ns
    Clock Pessimism Removal (CPR):    -0.000ns

    Location             Delay type                Incr(ns)  Path(ns)    Netlist Resource(s)
  -------------------------------------------------------------------    -------------------
    H18                                               0.000     0.000 r  sw (IN)
                         net (fo=0)                   0.000     0.000    sw
    H18                  IBUF (Prop_ibuf_I_O)         0.229     0.229 r  sw_IBUF_inst/O
                         net (fo=5, routed)           0.448     0.677    sw_raw_OBUF
    SLICE_X1Y58          LUT4 (Prop_lut4_I1_O)        0.045     0.722 r  FSM_sequential_state_reg[0]_i_1/O
                         net (fo=1, routed)           0.000     0.722    state_next__0[0]
    SLICE_X1Y58          FDCE                                         r  FSM_sequential_state_reg_reg[0]/D
  -------------------------------------------------------------------    -------------------

                         (clock sys_clk_pin rise edge)
                                                      0.000     0.000 r  
    R2                                                0.000     0.000 r  clk (IN)
                         net (fo=0)                   0.000     0.000    clk
    R2                   IBUF (Prop_ibuf_I_O)         0.350     0.350 r  clk_IBUF_inst/O
                         net (fo=1, routed)           0.685     1.035    clk_IBUF
    BUFGCTRL_X0Y0        BUFG (Prop_bufg_I_O)         0.029     1.064 r  clk_IBUF_BUFG_inst/O
                         net (fo=23, routed)          0.862     1.926    clk_IBUF_BUFG
    SLICE_X1Y58          FDCE                                         r  FSM_sequential_state_reg_reg[0]/C

Slack:                    inf
  Source:                 sw
                            (input port)
  Destination:            FSM_sequential_state_reg_reg[1]/D
                            (rising edge-triggered cell FDCE clocked by sys_clk_pin  {rise@0.000ns fall@5.000ns period=10.000ns})
  Path Group:             (none)
  Path Type:              Hold (Min at Fast Process Corner)
  Data Path Delay:        0.723ns  (logic 0.275ns (37.988%)  route 0.448ns (62.012%))
  Logic Levels:           2  (IBUF=1 LUT4=1)
  Clock Path Skew:        1.926ns (DCD - SCD - CPR)
    Destination Clock Delay (DCD):    1.926ns
    Source Clock Delay      (SCD):    0.000ns
    Clock Pessimism Removal (CPR):    -0.000ns

    Location             Delay type                Incr(ns)  Path(ns)    Netlist Resource(s)
  -------------------------------------------------------------------    -------------------
    H18                                               0.000     0.000 f  sw (IN)
                         net (fo=0)                   0.000     0.000    sw
    H18                  IBUF (Prop_ibuf_I_O)         0.229     0.229 f  sw_IBUF_inst/O
                         net (fo=5, routed)           0.448     0.677    sw_raw_OBUF
    SLICE_X1Y58          LUT4 (Prop_lut4_I3_O)        0.046     0.723 r  FSM_sequential_state_reg[1]_i_2/O
                         net (fo=1, routed)           0.000     0.723    state_next__0[1]
    SLICE_X1Y58          FDCE                                         r  FSM_sequential_state_reg_reg[1]/D
  -------------------------------------------------------------------    -------------------

                         (clock sys_clk_pin rise edge)
                                                      0.000     0.000 r  
    R2                                                0.000     0.000 r  clk (IN)
                         net (fo=0)                   0.000     0.000    clk
    R2                   IBUF (Prop_ibuf_I_O)         0.350     0.350 r  clk_IBUF_inst/O
                         net (fo=1, routed)           0.685     1.035    clk_IBUF
    BUFGCTRL_X0Y0        BUFG (Prop_bufg_I_O)         0.029     1.064 r  clk_IBUF_BUFG_inst/O
                         net (fo=23, routed)          0.862     1.926    clk_IBUF_BUFG
    SLICE_X1Y58          FDCE                                         r  FSM_sequential_state_reg_reg[1]/C

Slack:                    inf
  Source:                 reset
                            (input port)
  Destination:            FSM_sequential_state_reg_reg[2]/CLR
                            (removal check against rising-edge clock sys_clk_pin  {rise@0.000ns fall@5.000ns period=10.000ns})
  Path Group:             (none)
  Path Type:              Removal (Min at Fast Process Corner)
  Data Path Delay:        0.745ns  (logic 0.234ns (31.366%)  route 0.511ns (68.634%))
  Logic Levels:           1  (IBUF=1)
  Clock Path Skew:        1.926ns (DCD - SCD - CPR)
    Destination Clock Delay (DCD):    1.926ns
    Source Clock Delay      (SCD):    0.000ns
    Clock Pessimism Removal (CPR):    -0.000ns

    Location             Delay type                Incr(ns)  Path(ns)    Netlist Resource(s)
  -------------------------------------------------------------------    -------------------
    G15                                               0.000     0.000 f  reset (IN)
                         net (fo=0)                   0.000     0.000    reset
    G15                  IBUF (Prop_ibuf_I_O)         0.234     0.234 f  reset_IBUF_inst/O
                         net (fo=3, routed)           0.511     0.745    reset_IBUF
    SLICE_X1Y57          FDCE                                         f  FSM_sequential_state_reg_reg[2]/CLR
  -------------------------------------------------------------------    -------------------

                         (clock sys_clk_pin rise edge)
                                                      0.000     0.000 r  
    R2                                                0.000     0.000 r  clk (IN)
                         net (fo=0)                   0.000     0.000    clk
    R2                   IBUF (Prop_ibuf_I_O)         0.350     0.350 r  clk_IBUF_inst/O
                         net (fo=1, routed)           0.685     1.035    clk_IBUF
    BUFGCTRL_X0Y0        BUFG (Prop_bufg_I_O)         0.029     1.064 r  clk_IBUF_BUFG_inst/O
                         net (fo=23, routed)          0.862     1.926    clk_IBUF_BUFG
    SLICE_X1Y57          FDCE                                         r  FSM_sequential_state_reg_reg[2]/C

Slack:                    inf
  Source:                 sw
                            (input port)
  Destination:            FSM_sequential_state_reg_reg[0]/CE
                            (rising edge-triggered cell FDCE clocked by sys_clk_pin  {rise@0.000ns fall@5.000ns period=10.000ns})
  Path Group:             (none)
  Path Type:              Hold (Min at Fast Process Corner)
  Data Path Delay:        0.855ns  (logic 0.274ns (32.015%)  route 0.581ns (67.985%))
  Logic Levels:           2  (IBUF=1 LUT6=1)
  Clock Path Skew:        1.926ns (DCD - SCD - CPR)
    Destination Clock Delay (DCD):    1.926ns
    Source Clock Delay      (SCD):    0.000ns
    Clock Pessimism Removal (CPR):    -0.000ns

    Location             Delay type                Incr(ns)  Path(ns)    Netlist Resource(s)
  -------------------------------------------------------------------    -------------------
    H18                                               0.000     0.000 r  sw (IN)
                         net (fo=0)                   0.000     0.000    sw
    H18                  IBUF (Prop_ibuf_I_O)         0.229     0.229 r  sw_IBUF_inst/O
                         net (fo=5, routed)           0.459     0.687    sw_raw_OBUF
    SLICE_X1Y57          LUT6 (Prop_lut6_I0_O)        0.045     0.732 r  FSM_sequential_state_reg[1]_i_1/O
                         net (fo=3, routed)           0.123     0.855    FSM_sequential_state_reg[1]_i_1_n_0
    SLICE_X1Y58          FDCE                                         r  FSM_sequential_state_reg_reg[0]/CE
  -------------------------------------------------------------------    -------------------

                         (clock sys_clk_pin rise edge)
                                                      0.000     0.000 r  
    R2                                                0.000     0.000 r  clk (IN)
                         net (fo=0)                   0.000     0.000    clk
    R2                   IBUF (Prop_ibuf_I_O)         0.350     0.350 r  clk_IBUF_inst/O
                         net (fo=1, routed)           0.685     1.035    clk_IBUF
    BUFGCTRL_X0Y0        BUFG (Prop_bufg_I_O)         0.029     1.064 r  clk_IBUF_BUFG_inst/O
                         net (fo=23, routed)          0.862     1.926    clk_IBUF_BUFG
    SLICE_X1Y58          FDCE                                         r  FSM_sequential_state_reg_reg[0]/C

Slack:                    inf
  Source:                 sw
                            (input port)
  Destination:            FSM_sequential_state_reg_reg[1]/CE
                            (rising edge-triggered cell FDCE clocked by sys_clk_pin  {rise@0.000ns fall@5.000ns period=10.000ns})
  Path Group:             (none)
  Path Type:              Hold (Min at Fast Process Corner)
  Data Path Delay:        0.855ns  (logic 0.274ns (32.015%)  route 0.581ns (67.985%))
  Logic Levels:           2  (IBUF=1 LUT6=1)
  Clock Path Skew:        1.926ns (DCD - SCD - CPR)
    Destination Clock Delay (DCD):    1.926ns
    Source Clock Delay      (SCD):    0.000ns
    Clock Pessimism Removal (CPR):    -0.000ns

    Location             Delay type                Incr(ns)  Path(ns)    Netlist Resource(s)
  -------------------------------------------------------------------    -------------------
    H18                                               0.000     0.000 r  sw (IN)
                         net (fo=0)                   0.000     0.000    sw
    H18                  IBUF (Prop_ibuf_I_O)         0.229     0.229 r  sw_IBUF_inst/O
                         net (fo=5, routed)           0.459     0.687    sw_raw_OBUF
    SLICE_X1Y57          LUT6 (Prop_lut6_I0_O)        0.045     0.732 r  FSM_sequential_state_reg[1]_i_1/O
                         net (fo=3, routed)           0.123     0.855    FSM_sequential_state_reg[1]_i_1_n_0
    SLICE_X1Y58          FDCE                                         r  FSM_sequential_state_reg_reg[1]/CE
  -------------------------------------------------------------------    -------------------

                         (clock sys_clk_pin rise edge)
                                                      0.000     0.000 r  
    R2                                                0.000     0.000 r  clk (IN)
                         net (fo=0)                   0.000     0.000    clk
    R2                   IBUF (Prop_ibuf_I_O)         0.350     0.350 r  clk_IBUF_inst/O
                         net (fo=1, routed)           0.685     1.035    clk_IBUF
    BUFGCTRL_X0Y0        BUFG (Prop_bufg_I_O)         0.029     1.064 r  clk_IBUF_BUFG_inst/O
                         net (fo=23, routed)          0.862     1.926    clk_IBUF_BUFG
    SLICE_X1Y58          FDCE                                         r  FSM_sequential_state_reg_reg[1]/C

Slack:                    inf
  Source:                 sw
                            (input port)
  Destination:            FSM_sequential_state_reg_reg[2]/D
                            (rising edge-triggered cell FDCE clocked by sys_clk_pin  {rise@0.000ns fall@5.000ns period=10.000ns})
  Path Group:             (none)
  Path Type:              Hold (Min at Fast Process Corner)
  Data Path Delay:        0.925ns  (logic 0.320ns (34.560%)  route 0.605ns (65.440%))
  Logic Levels:           3  (IBUF=1 LUT3=1 LUT6=1)
  Clock Path Skew:        1.926ns (DCD - SCD - CPR)
    Destination Clock Delay (DCD):    1.926ns
    Source Clock Delay      (SCD):    0.000ns
    Clock Pessimism Removal (CPR):    -0.000ns

    Location             Delay type                Incr(ns)  Path(ns)    Netlist Resource(s)
  -------------------------------------------------------------------    -------------------
    H18                                               0.000     0.000 r  sw (IN)
                         net (fo=0)                   0.000     0.000    sw
    H18                  IBUF (Prop_ibuf_I_O)         0.229     0.229 r  sw_IBUF_inst/O
                         net (fo=5, routed)           0.459     0.687    sw_raw_OBUF
    SLICE_X1Y57          LUT6 (Prop_lut6_I0_O)        0.045     0.732 r  FSM_sequential_state_reg[1]_i_1/O
                         net (fo=3, routed)           0.147     0.879    FSM_sequential_state_reg[1]_i_1_n_0
    SLICE_X1Y57          LUT3 (Prop_lut3_I2_O)        0.046     0.925 r  FSM_sequential_state_reg[2]_i_1/O
                         net (fo=1, routed)           0.000     0.925    FSM_sequential_state_reg[2]_i_1_n_0
    SLICE_X1Y57          FDCE                                         r  FSM_sequential_state_reg_reg[2]/D
  -------------------------------------------------------------------    -------------------

                         (clock sys_clk_pin rise edge)
                                                      0.000     0.000 r  
    R2                                                0.000     0.000 r  clk (IN)
                         net (fo=0)                   0.000     0.000    clk
    R2                   IBUF (Prop_ibuf_I_O)         0.350     0.350 r  clk_IBUF_inst/O
                         net (fo=1, routed)           0.685     1.035    clk_IBUF
    BUFGCTRL_X0Y0        BUFG (Prop_bufg_I_O)         0.029     1.064 r  clk_IBUF_BUFG_inst/O
                         net (fo=23, routed)          0.862     1.926    clk_IBUF_BUFG
    SLICE_X1Y57          FDCE                                         r  FSM_sequential_state_reg_reg[2]/C





